2026/07/28 19:27:38 Database initialized successfully at D:\code\edgeOS\data/edgeos.db
{"level":"info","ts":1785238058.4004393,"caller":"core/node.go:76","msg":"PrimaryQueen started","node_id":"node-001"}
{"level":"info","ts":1785238058.4023337,"caller":"services/middleware_service.go:52","msg":"Middleware already exists in DB, skip init","id":"36cc8b96-f4be-414c-9b96-67c1b54c6dce"}
{"level":"info","ts":1785238058.4023337,"caller":"messaging/manager.go:243","msg":"DEBUG Connect: retrieved from DB","id":"36cc8b96-f4be-414c-9b96-67c1b54c6dce","Host":"127.0.0.1","Port":18083,"Broker":"tcp://127.0.0.1:18083","ClientID":"edgeOS_1"}
{"level":"info","ts":1785238058.4023337,"caller":"messaging/manager.go:278","msg":"MQTT connecting","id":"36cc8b96-f4be-414c-9b96-67c1b54c6dce","broker":"tcp://127.0.0.1:18083","client_id":"edgeOS_1","username":"admin","connect_timeout":10,"keep_alive":30,"clean_session":true,"ssl":false,"mqtt_version":4}
{"level":"info","ts":1785238058.417537,"caller":"messaging/manager.go:551","msg":"Subscribed","topic":"edgex/nodes/register","middleware":"36cc8b96-f4be-414c-9b96-67c1b54c6dce"}
{"level":"info","ts":1785238058.4246967,"caller":"messaging/manager.go:551","msg":"Subscribed","topic":"edgex/nodes/+/heartbeat","middleware":"36cc8b96-f4be-414c-9b96-67c1b54c6dce"}
{"level":"info","ts":1785238058.4325588,"caller":"messaging/manager.go:551","msg":"Subscribed","topic":"edgex/nodes/+/status","middleware":"36cc8b96-f4be-414c-9b96-67c1b54c6dce"}
{"level":"info","ts":1785238058.444504,"caller":"messaging/manager.go:551","msg":"Subscribed","topic":"edgex/nodes/unregister","middleware":"36cc8b96-f4be-414c-9b96-67c1b54c6dce"}
{"level":"info","ts":1785238058.450882,"caller":"messaging/manager.go:551","msg":"Subscribed","topic":"edgex/devices/report","middleware":"36cc8b96-f4be-414c-9b96-67c1b54c6dce"}
{"level":"info","ts":1785238058.4593701,"caller":"messaging/manager.go:551","msg":"Subscribed","topic":"edgex/devices/+/+/online","middleware":"36cc8b96-f4be-414c-9b96-67c1b54c6dce"}
{"level":"info","ts":1785238058.4652135,"caller":"messaging/manager.go:551","msg":"Subscribed","topic":"edgex/devices/+/+/offline","middleware":"36cc8b96-f4be-414c-9b96-67c1b54c6dce"}
{"level":"info","ts":1785238058.4699352,"caller":"messaging/manager.go:551","msg":"Subscribed","topic":"edgex/points/report","middleware":"36cc8b96-f4be-414c-9b96-67c1b54c6dce"}
{"level":"info","ts":1785238058.4759338,"caller":"messaging/manager.go:551","msg":"Subscribed","topic":"edgex/points/+/+","middleware":"36cc8b96-f4be-414c-9b96-67c1b54c6dce"}
{"level":"info","ts":1785238058.4807203,"caller":"messaging/manager.go:551","msg":"Subscribed","topic":"edgex/data/+/+","middleware":"36cc8b96-f4be-414c-9b96-67c1b54c6dce"}
{"level":"info","ts":1785238058.4856672,"caller":"messaging/manager.go:551","msg":"Subscribed","topic":"edgex/events/alert","middleware":"36cc8b96-f4be-414c-9b96-67c1b54c6dce"}
{"level":"info","ts":1785238058.4910793,"caller":"messaging/manager.go:551","msg":"Subscribed","topic":"edgex/events/error","middleware":"36cc8b96-f4be-414c-9b96-67c1b54c6dce"}
{"level":"info","ts":1785238058.498645,"caller":"messaging/manager.go:551","msg":"Subscribed","topic":"edgex/events/info","middleware":"36cc8b96-f4be-414c-9b96-67c1b54c6dce"}
{"level":"info","ts":1785238058.5126188,"caller":"messaging/manager.go:551","msg":"Subscribed","topic":"edgex/cmd/responses/#","middleware":"36cc8b96-f4be-414c-9b96-67c1b54c6dce"}
{"level":"info","ts":1785238058.5214503,"caller":"messaging/manager.go:551","msg":"Subscribed","topic":"edgex/nodes/heartbeat","middleware":"36cc8b96-f4be-414c-9b96-67c1b54c6dce"}
{"level":"info","ts":1785238058.535721,"caller":"messaging/manager.go:551","msg":"Subscribed","topic":"edgex/data/#","middleware":"36cc8b96-f4be-414c-9b96-67c1b54c6dce"}
{"level":"info","ts":1785238058.5514169,"caller":"messaging/manager.go:551","msg":"Subscribed","topic":"edgex/alerts/#","middleware":"36cc8b96-f4be-414c-9b96-67c1b54c6dce"}
{"level":"info","ts":1785238058.5660467,"caller":"messaging/manager.go:551","msg":"Subscribed","topic":"edgex/responses/#","middleware":"36cc8b96-f4be-414c-9b96-67c1b54c6dce"}
{"level":"info","ts":1785238058.5693192,"caller":"messaging/manager.go:340","msg":"Middleware connected","id":"36cc8b96-f4be-414c-9b96-67c1b54c6dce","broker":"tcp://127.0.0.1:18083","topics":["edgex/nodes/register","edgex/nodes/heartbeat","edgex/devices/report","edgex/points/report","edgex/data/#","edgex/alerts/#","edgex/responses/#"]}
{"level":"info","ts":1785238058.5693192,"caller":"messaging/manager.go:230","msg":"Messaging manager started","connected":1}
{"level":"info","ts":1785238058.5693192,"caller":"cmd/main.go:86","msg":"Messaging manager started"}
{"level":"info","ts":1785238058.5709805,"logger":"mqtt","caller":"ean/transport.go:101","msg":"mqtt transport connected/reconnected","broker":"tcp://127.0.0.1:18083"}
{"level":"info","ts":1785238058.5709805,"logger":"mqtt","caller":"ean/transport.go:124","msg":"mqtt transport connected","broker":"tcp://127.0.0.1:18083"}
{"level":"info","ts":1785238058.5709805,"logger":"dual-transport","caller":"ean/transport.go:451","msg":"transport added","name":"mqtt"}
{"level":"info","ts":1785238058.5709805,"logger":"ean-bus","caller":"ean/bus.go:190","msg":"MQTT 传输层已初始化（支持后台重连）","broker":"tcp://127.0.0.1:18083","connected":true}
{"level":"info","ts":1785238058.572673,"logger":"event","caller":"ean/event.go:107","msg":"event center created","cache_size":1024}
{"level":"info","ts":1785238058.573631,"logger":"heartbeat","caller":"ean/heartbeat.go:92","msg":"heartbeat monitor created","check_interval":5,"timeout_multiplier":3}
{"level":"info","ts":1785238058.573631,"logger":"ean-bus","caller":"ean/bus.go:255","msg":"EAN Bus 创建完成","planner_id":"edgeos-planner","mqtt_enabled":true,"nats_enabled":false}
{"level":"info","ts":1785238058.5850973,"logger":"discovery","caller":"ean/discovery.go:120","msg":"agent online","agent_id":"edgex-node-001","kind":"device","heartbeat_interval":60,"transport":"mqtt","source":"native-ean"}
{"level":"info","ts":1785238058.597155,"logger":"discovery","caller":"ean/discovery.go:158","msg":"agent offline","agent_id":"edgex-node-001","reason":"graceful_shutdown","transport":"mqtt"}
{"level":"info","ts":1785238058.6133091,"logger":"discovery","caller":"ean/discovery.go:555","msg":"capability registered/updated","cap_id":"modbus_tcp.write_register","agent_id":"edgex-node-001","category":"device","source":"native-ean","v1_purged":0}
{"level":"info","ts":1785238058.6133091,"logger":"discovery","caller":"ean/discovery.go:555","msg":"capability registered/updated","cap_id":"omron_fins.read_holding_register","agent_id":"edgex-node-001","category":"device","source":"native-ean","v1_purged":0}
{"level":"info","ts":1785238058.6133091,"logger":"discovery","caller":"ean/discovery.go:555","msg":"capability registered/updated","cap_id":"dlt645.write_register","agent_id":"edgex-node-001","category":"device","source":"native-ean","v1_purged":0}
{"level":"info","ts":1785238058.6133091,"logger":"discovery","caller":"ean/discovery.go:555","msg":"capability registered/updated","cap_id":"mitsubishi_slmp.read_holding_register","agent_id":"edgex-node-001","category":"device","source":"native-ean","v1_purged":0}
{"level":"info","ts":1785238058.6133091,"logger":"discovery","caller":"ean/discovery.go:555","msg":"capability registered/updated","cap_id":"iec60870_5_104.write_register","agent_id":"edgex-node-001","category":"device","source":"native-ean","v1_purged":0}
{"level":"info","ts":1785238058.6133091,"logger":"discovery","caller":"ean/discovery.go:555","msg":"capability registered/updated","cap_id":"ethercat.write_register","agent_id":"edgex-node-001","category":"device","source":"native-ean","v1_purged":0}
{"level":"info","ts":1785238058.6133091,"logger":"discovery","caller":"ean/discovery.go:555","msg":"capability registered/updated","cap_id":"modbus_rtu_over_tcp.scan_devices","agent_id":"edgex-node-001","category":"device","source":"native-ean","v1_purged":0}
{"level":"info","ts":1785238058.6133091,"logger":"discovery","caller":"ean/discovery.go:555","msg":"capability registered/updated","cap_id":"s7.list_points","agent_id":"edgex-node-001","category":"device","source":"native-ean","v1_purged":0}
{"level":"info","ts":1785238058.6133091,"logger":"discovery","caller":"ean/discovery.go:555","msg":"capability registered/updated","cap_id":"mitsubishi_slmp.write_register","agent_id":"edgex-node-001","category":"device","source":"native-ean","v1_purged":0}
{"level":"info","ts":1785238058.6133091,"logger":"discovery","caller":"ean/discovery.go:555","msg":"capability registered/updated","cap_id":"profinet_io.write_register","agent_id":"edgex-node-001","category":"device","source":"native-ean","v1_purged":0}
{"level":"info","ts":1785238058.6133091,"logger":"discovery","caller":"ean/discovery.go:555","msg":"capability registered/updated","cap_id":"mitsubishi_slmp.scan_devices","agent_id":"edgex-node-001","category":"device","source":"native-ean","v1_purged":0}
{"level":"info","ts":1785238058.6133091,"logger":"discovery","caller":"ean/discovery.go:555","msg":"capability registered/updated","cap_id":"bacnet_ip.write_register","agent_id":"edgex-node-001","category":"device","source":"native-ean","v1_purged":0}
{"level":"info","ts":1785238058.6133091,"logger":"discovery","caller":"ean/discovery.go:555","msg":"capability registered/updated","cap_id":"s7.write_register","agent_id":"edgex-node-001","category":"device","source":"native-ean","v1_purged":0}
{"level":"info","ts":1785238058.6133091,"logger":"discovery","caller":"ean/discovery.go:555","msg":"capability registered/updated","cap_id":"s7.scan_devices","agent_id":"edgex-node-001","category":"device","source":"native-ean","v1_purged":0}
{"level":"info","ts":1785238058.6133091,"logger":"discovery","caller":"ean/discovery.go:555","msg":"capability registered/updated","cap_id":"opc_ua.write_register","agent_id":"edgex-node-001","category":"device","source":"native-ean","v1_purged":0}
{"level":"info","ts":1785238058.6133091,"logger":"discovery","caller":"ean/discovery.go:555","msg":"capability registered/updated","cap_id":"knxnet_ip.read_holding_register","agent_id":"edgex-node-001","category":"device","source":"native-ean","v1_purged":0}
{"level":"info","ts":1785238058.6133091,"logger":"discovery","caller":"ean/discovery.go:555","msg":"capability registered/updated","cap_id":"ethernet_ip.list_points","agent_id":"edgex-node-001","category":"device","source":"native-ean","v1_purged":0}
{"level":"info","ts":1785238058.6133091,"logger":"discovery","caller":"ean/discovery.go:555","msg":"capability registered/updated","cap_id":"modbus_rtu.scan_devices","agent_id":"edgex-node-001","category":"device","source":"native-ean","v1_purged":0}
{"level":"info","ts":1785238058.6133091,"logger":"discovery","caller":"ean/discovery.go:555","msg":"capability registered/updated","cap_id":"ethernet_ip.read_holding_register","agent_id":"edgex-node-001","category":"device","source":"native-ean","v1_purged":0}
{"level":"info","ts":1785238058.6133091,"logger":"discovery","caller":"ean/discovery.go:555","msg":"capability registered/updated","cap_id":"ethernet_ip.write_register","agent_id":"edgex-node-001","category":"device","source":"native-ean","v1_purged":0}
{"level":"info","ts":1785238058.6133091,"logger":"discovery","caller":"ean/discovery.go:555","msg":"capability registered/updated","cap_id":"knxnet_ip.write_register","agent_id":"edgex-node-001","category":"device","source":"native-ean","v1_purged":0}
{"level":"info","ts":1785238058.6133091,"logger":"discovery","caller":"ean/discovery.go:555","msg":"capability registered/updated","cap_id":"snmp.write_register","agent_id":"edgex-node-001","category":"device","source":"native-ean","v1_purged":0}
{"level":"info","ts":1785238058.6133091,"logger":"discovery","caller":"ean/discovery.go:555","msg":"capability registered/updated","cap_id":"snmp.list_points","agent_id":"edgex-node-001","category":"device","source":"native-ean","v1_purged":0}
{"level":"info","ts":1785238058.6133091,"logger":"discovery","caller":"ean/discovery.go:555","msg":"capability registered/updated","cap_id":"modbus_rtu_over_tcp.write_register","agent_id":"edgex-node-001","category":"device","source":"native-ean","v1_purged":0}
{"level":"info","ts":1785238058.6133091,"logger":"discovery","caller":"ean/discovery.go:555","msg":"capability registered/updated","cap_id":"iec60870_5_104.list_points","agent_id":"edgex-node-001","category":"device","source":"native-ean","v1_purged":0}
{"level":"info","ts":1785238058.6133091,"logger":"discovery","caller":"ean/discovery.go:555","msg":"capability registered/updated","cap_id":"mitsubishi_slmp.list_points","agent_id":"edgex-node-001","category":"device","source":"native-ean","v1_purged":0}
{"level":"info","ts":1785238058.6133091,"logger":"discovery","caller":"ean/discovery.go:555","msg":"capability registered/updated","cap_id":"ai.doc_parse","agent_id":"edgex-node-001","category":"ai","source":"native-ean","v1_purged":0}
{"level":"info","ts":1785238058.6133091,"logger":"discovery","caller":"ean/discovery.go:555","msg":"capability registered/updated","cap_id":"knxnet_ip.scan_devices","agent_id":"edgex-node-001","category":"device","source":"native-ean","v1_purged":0}
{"level":"info","ts":1785238058.6133091,"logger":"discovery","caller":"ean/discovery.go:555","msg":"capability registered/updated","cap_id":"dlt645.list_points","agent_id":"edgex-node-001","category":"device","source":"native-ean","v1_purged":0}
{"level":"info","ts":1785238058.6133091,"logger":"discovery","caller":"ean/discovery.go:555","msg":"capability registered/updated","cap_id":"profinet_io.scan_devices","agent_id":"edgex-node-001","category":"device","source":"native-ean","v1_purged":0}
{"level":"info","ts":1785238058.6133091,"logger":"discovery","caller":"ean/discovery.go:555","msg":"capability registered/updated","cap_id":"modbus_tcp.read_holding_register","agent_id":"edgex-node-001","category":"device","source":"native-ean","v1_purged":0}
{"level":"info","ts":1785238058.6133091,"logger":"discovery","caller":"ean/discovery.go:555","msg":"capability registered/updated","cap_id":"ethercat.list_points","agent_id":"edgex-node-001","category":"device","source":"native-ean","v1_purged":0}
{"level":"info","ts":1785238058.6133091,"logger":"discovery","caller":"ean/discovery.go:555","msg":"capability registered/updated","cap_id":"ai.protocol_reverse","agent_id":"edgex-node-001","category":"ai","source":"native-ean","v1_purged":0}
{"level":"info","ts":1785238058.6133091,"logger":"discovery","caller":"ean/discovery.go:555","msg":"capability registered/updated","cap_id":"modbus_rtu.write_register","agent_id":"edgex-node-001","category":"device","source":"native-ean","v1_purged":0}
{"level":"info","ts":1785238058.6138332,"logger":"discovery","caller":"ean/discovery.go:555","msg":"capability registered/updated","cap_id":"modbus_rtu.list_points","agent_id":"edgex-node-001","category":"device","source":"native-ean","v1_purged":0}
{"level":"info","ts":1785238058.6138332,"logger":"discovery","caller":"ean/discovery.go:555","msg":"capability registered/updated","cap_id":"bacnet_ip.scan_devices","agent_id":"edgex-node-001","category":"device","source":"native-ean","v1_purged":0}
{"level":"info","ts":1785238058.6138332,"logger":"discovery","caller":"ean/discovery.go:555","msg":"capability registered/updated","cap_id":"opc_ua.read_holding_register","agent_id":"edgex-node-001","category":"device","source":"native-ean","v1_purged":0}
{"level":"info","ts":1785238058.6138332,"logger":"discovery","caller":"ean/discovery.go:555","msg":"capability registered/updated","cap_id":"snmp.read_holding_register","agent_id":"edgex-node-001","category":"device","source":"native-ean","v1_purged":0}
{"level":"info","ts":1785238058.6138332,"logger":"discovery","caller":"ean/discovery.go:555","msg":"capability registered/updated","cap_id":"profinet_io.read_holding_register","agent_id":"edgex-node-001","category":"device","source":"native-ean","v1_purged":0}
{"level":"info","ts":1785238058.6138332,"logger":"discovery","caller":"ean/discovery.go:555","msg":"capability registered/updated","cap_id":"bacnet_ip.read_holding_register","agent_id":"edgex-node-001","category":"device","source":"native-ean","v1_purged":0}
{"level":"info","ts":1785238058.6138332,"logger":"discovery","caller":"ean/discovery.go:555","msg":"capability registered/updated","cap_id":"omron_fins.scan_devices","agent_id":"edgex-node-001","category":"device","source":"native-ean","v1_purged":0}
{"level":"info","ts":1785238058.6138332,"logger":"discovery","caller":"ean/discovery.go:555","msg":"capability registered/updated","cap_id":"snmp.scan_devices","agent_id":"edgex-node-001","category":"device","source":"native-ean","v1_purged":0}
{"level":"info","ts":1785238058.6138332,"logger":"discovery","caller":"ean/discovery.go:555","msg":"capability registered/updated","cap_id":"system.diagnostics","agent_id":"edgex-node-001","category":"system","source":"native-ean","v1_purged":0}
{"level":"info","ts":1785238058.6138332,"logger":"discovery","caller":"ean/discovery.go:555","msg":"capability registered/updated","cap_id":"modbus_tcp.scan_devices","agent_id":"edgex-node-001","category":"device","source":"native-ean","v1_purged":0}
{"level":"info","ts":1785238058.6138332,"logger":"discovery","caller":"ean/discovery.go:555","msg":"capability registered/updated","cap_id":"bacnet_ip.list_points","agent_id":"edgex-node-001","category":"device","source":"native-ean","v1_purged":0}
{"level":"info","ts":1785238058.6138332,"logger":"discovery","caller":"ean/discovery.go:555","msg":"capability registered/updated","cap_id":"iec60870_5_104.read_holding_register","agent_id":"edgex-node-001","category":"device","source":"native-ean","v1_purged":0}
{"level":"info","ts":1785238058.6138332,"logger":"discovery","caller":"ean/discovery.go:555","msg":"capability registered/updated","cap_id":"iec60870_5_104.scan_devices","agent_id":"edgex-node-001","category":"device","source":"native-ean","v1_purged":0}
{"level":"info","ts":1785238058.6138332,"logger":"discovery","caller":"ean/discovery.go:555","msg":"capability registered/updated","cap_id":"ethercat.scan_devices","agent_id":"edgex-node-001","category":"device","source":"native-ean","v1_purged":0}
{"level":"info","ts":1785238058.6138332,"logger":"discovery","caller":"ean/discovery.go:555","msg":"capability registered/updated","cap_id":"dlt645.scan_devices","agent_id":"edgex-node-001","category":"device","source":"native-ean","v1_purged":0}
{"level":"info","ts":1785238058.6138332,"logger":"discovery","caller":"ean/discovery.go:555","msg":"capability registered/updated","cap_id":"modbus_rtu.read_holding_register","agent_id":"edgex-node-001","category":"device","source":"native-ean","v1_purged":0}
{"level":"info","ts":1785238058.6138332,"logger":"discovery","caller":"ean/discovery.go:555","msg":"capability registered/updated","cap_id":"modbus_rtu_over_tcp.list_points","agent_id":"edgex-node-001","category":"device","source":"native-ean","v1_purged":0}
{"level":"info","ts":1785238058.6138332,"logger":"discovery","caller":"ean/discovery.go:555","msg":"capability registered/updated","cap_id":"opc_ua.scan_devices","agent_id":"edgex-node-001","category":"device","source":"native-ean","v1_purged":0}
{"level":"info","ts":1785238058.6138332,"logger":"discovery","caller":"ean/discovery.go:555","msg":"capability registered/updated","cap_id":"opc_ua.list_points","agent_id":"edgex-node-001","category":"device","source":"native-ean","v1_purged":0}
{"level":"info","ts":1785238058.6138332,"logger":"discovery","caller":"ean/discovery.go:555","msg":"capability registered/updated","cap_id":"s7.read_holding_register","agent_id":"edgex-node-001","category":"device","source":"native-ean","v1_purged":0}
{"level":"info","ts":1785238058.6138332,"logger":"discovery","caller":"ean/discovery.go:555","msg":"capability registered/updated","cap_id":"omron_fins.list_points","agent_id":"edgex-node-001","category":"device","source":"native-ean","v1_purged":0}
{"level":"info","ts":1785238058.6138332,"logger":"discovery","caller":"ean/discovery.go:555","msg":"capability registered/updated","cap_id":"dlt645.read_holding_register","agent_id":"edgex-node-001","category":"device","source":"native-ean","v1_purged":0}
{"level":"info","ts":1785238058.6138332,"logger":"discovery","caller":"ean/discovery.go:555","msg":"capability registered/updated","cap_id":"profinet_io.list_points","agent_id":"edgex-node-001","category":"device","source":"native-ean","v1_purged":0}
{"level":"info","ts":1785238058.6138332,"logger":"discovery","caller":"ean/discovery.go:555","msg":"capability registered/updated","cap_id":"ethercat.read_holding_register","agent_id":"edgex-node-001","category":"device","source":"native-ean","v1_purged":0}
{"level":"info","ts":1785238058.6138332,"logger":"discovery","caller":"ean/discovery.go:555","msg":"capability registered/updated","cap_id":"modbus_tcp.list_points","agent_id":"edgex-node-001","category":"device","source":"native-ean","v1_purged":0}
{"level":"info","ts":1785238058.6138332,"logger":"discovery","caller":"ean/discovery.go:555","msg":"capability registered/updated","cap_id":"ethernet_ip.scan_devices","agent_id":"edgex-node-001","category":"device","source":"native-ean","v1_purged":0}
{"level":"info","ts":1785238058.6138332,"logger":"discovery","caller":"ean/discovery.go:555","msg":"capability registered/updated","cap_id":"omron_fins.write_register","agent_id":"edgex-node-001","category":"device","source":"native-ean","v1_purged":0}
{"level":"info","ts":1785238058.6138332,"logger":"discovery","caller":"ean/discovery.go:555","msg":"capability registered/updated","cap_id":"modbus_rtu_over_tcp.read_holding_register","agent_id":"edgex-node-001","category":"device","source":"native-ean","v1_purged":0}
{"level":"info","ts":1785238058.6138332,"logger":"discovery","caller":"ean/discovery.go:555","msg":"capability registered/updated","cap_id":"knxnet_ip.list_points","agent_id":"edgex-node-001","category":"device","source":"native-ean","v1_purged":0}
{"level":"info","ts":1785238058.6186144,"logger":"discovery","caller":"ean/discovery.go:664","msg":"discovery center subscriptions registered"}
{"level":"info","ts":1785238058.620392,"logger":"discovery","caller":"ean/discovery.go:216","msg":"agent updated via discovery response","agent_id":"edgex-node-001","kind":"device","source":"native-ean"}
{"level":"info","ts":1785238058.620392,"logger":"discovery","caller":"ean/discovery.go:555","msg":"capability registered/updated","cap_id":"bacnet_ip.read_holding_register","agent_id":"edgex-node-001","category":"device","source":"native-ean","v1_purged":0}
{"level":"info","ts":1785238058.620392,"logger":"discovery","caller":"ean/discovery.go:555","msg":"capability registered/updated","cap_id":"omron_fins.scan_devices","agent_id":"edgex-node-001","category":"device","source":"native-ean","v1_purged":0}
{"level":"info","ts":1785238058.620392,"logger":"discovery","caller":"ean/discovery.go:555","msg":"capability registered/updated","cap_id":"snmp.scan_devices","agent_id":"edgex-node-001","category":"device","source":"native-ean","v1_purged":0}
{"level":"info","ts":1785238058.620392,"logger":"discovery","caller":"ean/discovery.go:555","msg":"capability registered/updated","cap_id":"system.diagnostics","agent_id":"edgex-node-001","category":"system","source":"native-ean","v1_purged":0}
{"level":"info","ts":1785238058.620392,"logger":"discovery","caller":"ean/discovery.go:555","msg":"capability registered/updated","cap_id":"modbus_tcp.scan_devices","agent_id":"edgex-node-001","category":"device","source":"native-ean","v1_purged":0}
{"level":"info","ts":1785238058.620392,"logger":"discovery","caller":"ean/discovery.go:555","msg":"capability registered/updated","cap_id":"bacnet_ip.list_points","agent_id":"edgex-node-001","category":"device","source":"native-ean","v1_purged":0}
{"level":"info","ts":1785238058.620392,"logger":"discovery","caller":"ean/discovery.go:555","msg":"capability registered/updated","cap_id":"iec60870_5_104.read_holding_register","agent_id":"edgex-node-001","category":"device","source":"native-ean","v1_purged":0}
{"level":"info","ts":1785238058.620392,"logger":"discovery","caller":"ean/discovery.go:555","msg":"capability registered/updated","cap_id":"iec60870_5_104.scan_devices","agent_id":"edgex-node-001","category":"device","source":"native-ean","v1_purged":0}
{"level":"info","ts":1785238058.620392,"logger":"discovery","caller":"ean/discovery.go:555","msg":"capability registered/updated","cap_id":"ethercat.scan_devices","agent_id":"edgex-node-001","category":"device","source":"native-ean","v1_purged":0}
{"level":"info","ts":1785238058.620392,"logger":"discovery","caller":"ean/discovery.go:555","msg":"capability registered/updated","cap_id":"dlt645.scan_devices","agent_id":"edgex-node-001","category":"device","source":"native-ean","v1_purged":0}
{"level":"info","ts":1785238058.620392,"logger":"discovery","caller":"ean/discovery.go:555","msg":"capability registered/updated","cap_id":"modbus_rtu.read_holding_register","agent_id":"edgex-node-001","category":"device","source":"native-ean","v1_purged":0}
{"level":"info","ts":1785238058.620392,"logger":"discovery","caller":"ean/discovery.go:555","msg":"capability registered/updated","cap_id":"modbus_rtu_over_tcp.list_points","agent_id":"edgex-node-001","category":"device","source":"native-ean","v1_purged":0}
{"level":"info","ts":1785238058.620392,"logger":"discovery","caller":"ean/discovery.go:555","msg":"capability registered/updated","cap_id":"opc_ua.scan_devices","agent_id":"edgex-node-001","category":"device","source":"native-ean","v1_purged":0}
{"level":"info","ts":1785238058.620392,"logger":"discovery","caller":"ean/discovery.go:555","msg":"capability registered/updated","cap_id":"opc_ua.list_points","agent_id":"edgex-node-001","category":"device","source":"native-ean","v1_purged":0}
{"level":"info","ts":1785238058.620392,"logger":"discovery","caller":"ean/discovery.go:555","msg":"capability registered/updated","cap_id":"s7.read_holding_register","agent_id":"edgex-node-001","category":"device","source":"native-ean","v1_purged":0}
{"level":"info","ts":1785238058.620392,"logger":"discovery","caller":"ean/discovery.go:555","msg":"capability registered/updated","cap_id":"omron_fins.list_points","agent_id":"edgex-node-001","category":"device","source":"native-ean","v1_purged":0}
{"level":"info","ts":1785238058.620392,"logger":"discovery","caller":"ean/discovery.go:555","msg":"capability registered/updated","cap_id":"dlt645.read_holding_register","agent_id":"edgex-node-001","category":"device","source":"native-ean","v1_purged":0}
{"level":"info","ts":1785238058.620392,"logger":"discovery","caller":"ean/discovery.go:555","msg":"capability registered/updated","cap_id":"profinet_io.list_points","agent_id":"edgex-node-001","category":"device","source":"native-ean","v1_purged":0}
{"level":"info","ts":1785238058.620392,"logger":"discovery","caller":"ean/discovery.go:555","msg":"capability registered/updated","cap_id":"ethercat.read_holding_register","agent_id":"edgex-node-001","category":"device","source":"native-ean","v1_purged":0}
{"level":"info","ts":1785238058.620392,"logger":"discovery","caller":"ean/discovery.go:555","msg":"capability registered/updated","cap_id":"modbus_tcp.list_points","agent_id":"edgex-node-001","category":"device","source":"native-ean","v1_purged":0}
{"level":"info","ts":1785238058.620392,"logger":"discovery","caller":"ean/discovery.go:555","msg":"capability registered/updated","cap_id":"ethernet_ip.scan_devices","agent_id":"edgex-node-001","category":"device","source":"native-ean","v1_purged":0}
{"level":"info","ts":1785238058.620392,"logger":"discovery","caller":"ean/discovery.go:555","msg":"capability registered/updated","cap_id":"omron_fins.write_register","agent_id":"edgex-node-001","category":"device","source":"native-ean","v1_purged":0}
{"level":"info","ts":1785238058.620392,"logger":"discovery","caller":"ean/discovery.go:555","msg":"capability registered/updated","cap_id":"modbus_rtu_over_tcp.read_holding_register","agent_id":"edgex-node-001","category":"device","source":"native-ean","v1_purged":0}
{"level":"info","ts":1785238058.620392,"logger":"discovery","caller":"ean/discovery.go:555","msg":"capability registered/updated","cap_id":"knxnet_ip.list_points","agent_id":"edgex-node-001","category":"device","source":"native-ean","v1_purged":0}
{"level":"info","ts":1785238058.620392,"logger":"discovery","caller":"ean/discovery.go:555","msg":"capability registered/updated","cap_id":"modbus_tcp.write_register","agent_id":"edgex-node-001","category":"device","source":"native-ean","v1_purged":0}
{"level":"info","ts":1785238058.620392,"logger":"discovery","caller":"ean/discovery.go:555","msg":"capability registered/updated","cap_id":"omron_fins.read_holding_register","agent_id":"edgex-node-001","category":"device","source":"native-ean","v1_purged":0}
{"level":"info","ts":1785238058.620392,"logger":"discovery","caller":"ean/discovery.go:555","msg":"capability registered/updated","cap_id":"dlt645.write_register","agent_id":"edgex-node-001","category":"device","source":"native-ean","v1_purged":0}
{"level":"info","ts":1785238058.620392,"logger":"discovery","caller":"ean/discovery.go:555","msg":"capability registered/updated","cap_id":"mitsubishi_slmp.read_holding_register","agent_id":"edgex-node-001","category":"device","source":"native-ean","v1_purged":0}
{"level":"info","ts":1785238058.620392,"logger":"discovery","caller":"ean/discovery.go:555","msg":"capability registered/updated","cap_id":"iec60870_5_104.write_register","agent_id":"edgex-node-001","category":"device","source":"native-ean","v1_purged":0}
{"level":"info","ts":1785238058.620392,"logger":"discovery","caller":"ean/discovery.go:555","msg":"capability registered/updated","cap_id":"ethercat.write_register","agent_id":"edgex-node-001","category":"device","source":"native-ean","v1_purged":0}
{"level":"info","ts":1785238058.620392,"logger":"discovery","caller":"ean/discovery.go:555","msg":"capability registered/updated","cap_id":"modbus_rtu_over_tcp.scan_devices","agent_id":"edgex-node-001","category":"device","source":"native-ean","v1_purged":0}
{"level":"info","ts":1785238058.620392,"logger":"discovery","caller":"ean/discovery.go:555","msg":"capability registered/updated","cap_id":"s7.list_points","agent_id":"edgex-node-001","category":"device","source":"native-ean","v1_purged":0}
{"level":"info","ts":1785238058.6209226,"logger":"discovery","caller":"ean/discovery.go:555","msg":"capability registered/updated","cap_id":"mitsubishi_slmp.write_register","agent_id":"edgex-node-001","category":"device","source":"native-ean","v1_purged":0}
{"level":"info","ts":1785238058.6209226,"logger":"discovery","caller":"ean/discovery.go:555","msg":"capability registered/updated","cap_id":"profinet_io.write_register","agent_id":"edgex-node-001","category":"device","source":"native-ean","v1_purged":0}
{"level":"info","ts":1785238058.6209226,"logger":"discovery","caller":"ean/discovery.go:555","msg":"capability registered/updated","cap_id":"mitsubishi_slmp.scan_devices","agent_id":"edgex-node-001","category":"device","source":"native-ean","v1_purged":0}
{"level":"info","ts":1785238058.6209226,"logger":"discovery","caller":"ean/discovery.go:555","msg":"capability registered/updated","cap_id":"bacnet_ip.write_register","agent_id":"edgex-node-001","category":"device","source":"native-ean","v1_purged":0}
{"level":"info","ts":1785238058.6209226,"logger":"discovery","caller":"ean/discovery.go:555","msg":"capability registered/updated","cap_id":"s7.write_register","agent_id":"edgex-node-001","category":"device","source":"native-ean","v1_purged":0}
{"level":"info","ts":1785238058.6209745,"logger":"discovery","caller":"ean/discovery.go:236","msg":"discovery response capabilities indexed","count":63,"transport":"mqtt"}
{"level":"info","ts":1785238058.6298728,"logger":"invoke","caller":"ean/invoke.go:251","msg":"reply subscription registered","topic":"$edgeos/reply/edgeos-planner"}
{"level":"info","ts":1785238058.6554356,"logger":"event","caller":"ean/event.go:395","msg":"event center subscriptions registered"}
{"level":"info","ts":1785238058.6726413,"logger":"heartbeat","caller":"ean/heartbeat.go:304","msg":"heartbeat monitor subscriptions registered"}
{"level":"info","ts":1785238058.6726413,"logger":"heartbeat","caller":"ean/heartbeat.go:173","msg":"heartbeat monitor started"}
{"level":"info","ts":1785238058.6731555,"logger":"ean-bus","caller":"ean/bus.go:334","msg":"EAN Bus 已启动","connected_transports":["mqtt"],"registered_transports":1}
{"level":"info","ts":1785238058.6731555,"caller":"cmd/main.go:113","msg":"EAN 2.0 Bus started","planner_id":"edgeos-planner","mqtt_enabled":true,"nats_enabled":false,"connected_transports":["mqtt"]}
{"level":"info","ts":1785238058.673255,"logger":"ean-bridge","caller":"ean/bridge.go:62","msg":"V1→EAN bridge started","sync_interval":5}
{"level":"info","ts":1785238058.6738505,"logger":"heartbeat","caller":"ean/heartbeat.go:145","msg":"heartbeat: new agent tracking started","agent_id":"edgex-node-001","interval_sec":60,"sequence":0}
{"level":"info","ts":1785238058.6795077,"caller":"cmd/main.go:122","msg":"V1→EAN bridge started for transition period"}
{"level":"info","ts":1785238058.6795077,"logger":"ean-bus","caller":"ean/bus.go:556","msg":"V1 Invoke 桥接器已设置"}
{"level":"info","ts":1785238058.6795077,"caller":"cmd/main.go:168","msg":"EAN→V1 Invoke bridge configured for transition period"}
{"level":"info","ts":1785238058.6817253,"caller":"discovery/discovery.go:49","msg":"DiscoveryService started","node_id":"node-001"}
2026/07/28 19:27:38 Server starting on :8000

 ┌───────────────────────────────────────────────────┐ 
 │                   Fiber v2.52.6                   │ 
 │               http://127.0.0.1:8000               │ 
 │       (bound on host 0.0.0.0 and port 8000)       │ 
 │                                                   │ 
 │ Handlers ............ 83  Processes ........... 1 │ 
 │ Prefork ....... Disabled  PID ............. 14688 │ 
 └───────────────────────────────────────────────────┘ 

19:27:39 | 101 |       2.186ms | 127.0.0.1 | GET | /ws | -
{"level":"info","ts":1785238059.495175,"caller":"ws/hub.go:127","msg":"WebSocket client connected","remote":"127.0.0.1:5816"}
19:27:39 | 101 |      1.0885ms | 127.0.0.1 | GET | /ws | -
{"level":"info","ts":1785238059.5114038,"caller":"ws/hub.go:127","msg":"WebSocket client connected","remote":"127.0.0.1:16084"}
19:27:39 | 101 |      1.2424ms | 127.0.0.1 | GET | /ws | -
{"level":"info","ts":1785238059.542148,"caller":"ws/hub.go:127","msg":"WebSocket client connected","remote":"127.0.0.1:45869"}
19:27:40 | 101 |      1.0856ms | 127.0.0.1 | GET | /ws | -
{"level":"info","ts":1785238060.2029366,"caller":"ws/hub.go:127","msg":"WebSocket client connected","remote":"127.0.0.1:45992"}
{"level":"info","ts":1785238060.6748347,"logger":"ean-bus","caller":"ean/bus.go:601","msg":"主动发现查询已发布","topic":"$edgeos/discovery/query"}
{"level":"info","ts":1785238060.6748347,"logger":"ean-bus","caller":"ean/bus.go:379","msg":"discovery query: native EAN capabilities received, switching to slow interval","agent_id":"edgex-node-001","interval":300}
{"level":"info","ts":1785238060.694582,"logger":"discovery","caller":"ean/discovery.go:216","msg":"agent updated via discovery response","agent_id":"edgex-node-001","kind":"device","source":"native-ean"}
{"level":"info","ts":1785238060.694582,"logger":"heartbeat","caller":"ean/heartbeat.go:283","msg":"heartbeat interval updated","agent_id":"edgex-node-001","interval_sec":60}
{"level":"info","ts":1785238060.694582,"logger":"discovery","caller":"ean/discovery.go:555","msg":"capability registered/updated","cap_id":"omron_fins.read_holding_register","agent_id":"edgex-node-001","category":"device","source":"native-ean","v1_purged":0}
{"level":"info","ts":1785238060.694582,"logger":"discovery","caller":"ean/discovery.go:555","msg":"capability registered/updated","cap_id":"dlt645.write_register","agent_id":"edgex-node-001","category":"device","source":"native-ean","v1_purged":0}
{"level":"info","ts":1785238060.694582,"logger":"discovery","caller":"ean/discovery.go:555","msg":"capability registered/updated","cap_id":"mitsubishi_slmp.read_holding_register","agent_id":"edgex-node-001","category":"device","source":"native-ean","v1_purged":0}
{"level":"info","ts":1785238060.694582,"logger":"discovery","caller":"ean/discovery.go:555","msg":"capability registered/updated","cap_id":"iec60870_5_104.write_register","agent_id":"edgex-node-001","category":"device","source":"native-ean","v1_purged":0}
{"level":"info","ts":1785238060.694582,"logger":"discovery","caller":"ean/discovery.go:555","msg":"capability registered/updated","cap_id":"ethercat.write_register","agent_id":"edgex-node-001","category":"device","source":"native-ean","v1_purged":0}
{"level":"info","ts":1785238060.694582,"logger":"discovery","caller":"ean/discovery.go:555","msg":"capability registered/updated","cap_id":"modbus_rtu_over_tcp.scan_devices","agent_id":"edgex-node-001","category":"device","source":"native-ean","v1_purged":0}
{"level":"info","ts":1785238060.694582,"logger":"discovery","caller":"ean/discovery.go:555","msg":"capability registered/updated","cap_id":"s7.list_points","agent_id":"edgex-node-001","category":"device","source":"native-ean","v1_purged":0}
{"level":"info","ts":1785238060.694582,"logger":"discovery","caller":"ean/discovery.go:555","msg":"capability registered/updated","cap_id":"mitsubishi_slmp.write_register","agent_id":"edgex-node-001","category":"device","source":"native-ean","v1_purged":0}
{"level":"info","ts":1785238060.694582,"logger":"discovery","caller":"ean/discovery.go:555","msg":"capability registered/updated","cap_id":"profinet_io.write_register","agent_id":"edgex-node-001","category":"device","source":"native-ean","v1_purged":0}
{"level":"info","ts":1785238060.694582,"logger":"discovery","caller":"ean/discovery.go:555","msg":"capability registered/updated","cap_id":"mitsubishi_slmp.scan_devices","agent_id":"edgex-node-001","category":"device","source":"native-ean","v1_purged":0}
{"level":"info","ts":1785238060.694582,"logger":"discovery","caller":"ean/discovery.go:555","msg":"capability registered/updated","cap_id":"bacnet_ip.write_register","agent_id":"edgex-node-001","category":"device","source":"native-ean","v1_purged":0}
{"level":"info","ts":1785238060.694582,"logger":"discovery","caller":"ean/discovery.go:555","msg":"capability registered/updated","cap_id":"s7.write_register","agent_id":"edgex-node-001","category":"device","source":"native-ean","v1_purged":0}
{"level":"info","ts":1785238060.694582,"logger":"discovery","caller":"ean/discovery.go:555","msg":"capability registered/updated","cap_id":"s7.scan_devices","agent_id":"edgex-node-001","category":"device","source":"native-ean","v1_purged":0}
{"level":"info","ts":1785238060.694582,"logger":"discovery","caller":"ean/discovery.go:555","msg":"capability registered/updated","cap_id":"opc_ua.write_register","agent_id":"edgex-node-001","category":"device","source":"native-ean","v1_purged":0}
{"level":"info","ts":1785238060.694582,"logger":"discovery","caller":"ean/discovery.go:555","msg":"capability registered/updated","cap_id":"knxnet_ip.read_holding_register","agent_id":"edgex-node-001","category":"device","source":"native-ean","v1_purged":0}
{"level":"info","ts":1785238060.694582,"logger":"discovery","caller":"ean/discovery.go:555","msg":"capability registered/updated","cap_id":"ethernet_ip.list_points","agent_id":"edgex-node-001","category":"device","source":"native-ean","v1_purged":0}
{"level":"info","ts":1785238060.694582,"logger":"discovery","caller":"ean/discovery.go:555","msg":"capability registered/updated","cap_id":"modbus_rtu.scan_devices","agent_id":"edgex-node-001","category":"device","source":"native-ean","v1_purged":0}
{"level":"info","ts":1785238060.694582,"logger":"discovery","caller":"ean/discovery.go:555","msg":"capability registered/updated","cap_id":"ethernet_ip.read_holding_register","agent_id":"edgex-node-001","category":"device","source":"native-ean","v1_purged":0}
{"level":"info","ts":1785238060.694582,"logger":"discovery","caller":"ean/discovery.go:555","msg":"capability registered/updated","cap_id":"ethernet_ip.write_register","agent_id":"edgex-node-001","category":"device","source":"native-ean","v1_purged":0}
{"level":"info","ts":1785238060.6950889,"logger":"discovery","caller":"ean/discovery.go:555","msg":"capability registered/updated","cap_id":"knxnet_ip.write_register","agent_id":"edgex-node-001","category":"device","source":"native-ean","v1_purged":0}
{"level":"info","ts":1785238060.6950889,"logger":"discovery","caller":"ean/discovery.go:555","msg":"capability registered/updated","cap_id":"snmp.write_register","agent_id":"edgex-node-001","category":"device","source":"native-ean","v1_purged":0}
{"level":"info","ts":1785238060.6950889,"logger":"discovery","caller":"ean/discovery.go:555","msg":"capability registered/updated","cap_id":"snmp.list_points","agent_id":"edgex-node-001","category":"device","source":"native-ean","v1_purged":0}
{"level":"info","ts":1785238060.6950889,"logger":"discovery","caller":"ean/discovery.go:555","msg":"capability registered/updated","cap_id":"modbus_rtu_over_tcp.write_register","agent_id":"edgex-node-001","category":"device","source":"native-ean","v1_purged":0}
{"level":"info","ts":1785238060.6950889,"logger":"discovery","caller":"ean/discovery.go:555","msg":"capability registered/updated","cap_id":"iec60870_5_104.list_points","agent_id":"edgex-node-001","category":"device","source":"native-ean","v1_purged":0}
{"level":"info","ts":1785238060.6950889,"logger":"discovery","caller":"ean/discovery.go:555","msg":"capability registered/updated","cap_id":"mitsubishi_slmp.list_points","agent_id":"edgex-node-001","category":"device","source":"native-ean","v1_purged":0}
{"level":"info","ts":1785238060.6950889,"logger":"discovery","caller":"ean/discovery.go:555","msg":"capability registered/updated","cap_id":"ai.doc_parse","agent_id":"edgex-node-001","category":"ai","source":"native-ean","v1_purged":0}
{"level":"info","ts":1785238060.6951609,"logger":"discovery","caller":"ean/discovery.go:555","msg":"capability registered/updated","cap_id":"knxnet_ip.scan_devices","agent_id":"edgex-node-001","category":"device","source":"native-ean","v1_purged":0}
{"level":"info","ts":1785238060.6951609,"logger":"discovery","caller":"ean/discovery.go:555","msg":"capability registered/updated","cap_id":"dlt645.list_points","agent_id":"edgex-node-001","category":"device","source":"native-ean","v1_purged":0}
{"level":"info","ts":1785238060.6951609,"logger":"discovery","caller":"ean/discovery.go:555","msg":"capability registered/updated","cap_id":"profinet_io.scan_devices","agent_id":"edgex-node-001","category":"device","source":"native-ean","v1_purged":0}
{"level":"info","ts":1785238060.6951609,"logger":"discovery","caller":"ean/discovery.go:555","msg":"capability registered/updated","cap_id":"modbus_tcp.read_holding_register","agent_id":"edgex-node-001","category":"device","source":"native-ean","v1_purged":0}
{"level":"info","ts":1785238060.6951609,"logger":"discovery","caller":"ean/discovery.go:555","msg":"capability registered/updated","cap_id":"ethercat.list_points","agent_id":"edgex-node-001","category":"device","source":"native-ean","v1_purged":0}
{"level":"info","ts":1785238060.6951609,"logger":"discovery","caller":"ean/discovery.go:555","msg":"capability registered/updated","cap_id":"ai.protocol_reverse","agent_id":"edgex-node-001","category":"ai","source":"native-ean","v1_purged":0}
{"level":"info","ts":1785238060.6951609,"logger":"discovery","caller":"ean/discovery.go:555","msg":"capability registered/updated","cap_id":"modbus_rtu.write_register","agent_id":"edgex-node-001","category":"device","source":"native-ean","v1_purged":0}
{"level":"info","ts":1785238060.6951609,"logger":"discovery","caller":"ean/discovery.go:555","msg":"capability registered/updated","cap_id":"modbus_rtu.list_points","agent_id":"edgex-node-001","category":"device","source":"native-ean","v1_purged":0}
{"level":"info","ts":1785238060.6951609,"logger":"discovery","caller":"ean/discovery.go:555","msg":"capability registered/updated","cap_id":"bacnet_ip.scan_devices","agent_id":"edgex-node-001","category":"device","source":"native-ean","v1_purged":0}
{"level":"info","ts":1785238060.6951609,"logger":"discovery","caller":"ean/discovery.go:555","msg":"capability registered/updated","cap_id":"opc_ua.read_holding_register","agent_id":"edgex-node-001","category":"device","source":"native-ean","v1_purged":0}
{"level":"info","ts":1785238060.6951609,"logger":"discovery","caller":"ean/discovery.go:555","msg":"capability registered/updated","cap_id":"snmp.read_holding_register","agent_id":"edgex-node-001","category":"device","source":"native-ean","v1_purged":0}
{"level":"info","ts":1785238060.6951609,"logger":"discovery","caller":"ean/discovery.go:555","msg":"capability registered/updated","cap_id":"profinet_io.read_holding_register","agent_id":"edgex-node-001","category":"device","source":"native-ean","v1_purged":0}
{"level":"info","ts":1785238060.6951609,"logger":"discovery","caller":"ean/discovery.go:555","msg":"capability registered/updated","cap_id":"bacnet_ip.read_holding_register","agent_id":"edgex-node-001","category":"device","source":"native-ean","v1_purged":0}
{"level":"info","ts":1785238060.6951609,"logger":"discovery","caller":"ean/discovery.go:555","msg":"capability registered/updated","cap_id":"omron_fins.scan_devices","agent_id":"edgex-node-001","category":"device","source":"native-ean","v1_purged":0}
{"level":"info","ts":1785238060.6951609,"logger":"discovery","caller":"ean/discovery.go:555","msg":"capability registered/updated","cap_id":"snmp.scan_devices","agent_id":"edgex-node-001","category":"device","source":"native-ean","v1_purged":0}
{"level":"info","ts":1785238060.6951609,"logger":"discovery","caller":"ean/discovery.go:555","msg":"capability registered/updated","cap_id":"system.diagnostics","agent_id":"edgex-node-001","category":"system","source":"native-ean","v1_purged":0}
{"level":"info","ts":1785238060.6951609,"logger":"discovery","caller":"ean/discovery.go:555","msg":"capability registered/updated","cap_id":"modbus_tcp.scan_devices","agent_id":"edgex-node-001","category":"device","source":"native-ean","v1_purged":0}
{"level":"info","ts":1785238060.6951609,"logger":"discovery","caller":"ean/discovery.go:555","msg":"capability registered/updated","cap_id":"bacnet_ip.list_points","agent_id":"edgex-node-001","category":"device","source":"native-ean","v1_purged":0}
{"level":"info","ts":1785238060.6951609,"logger":"discovery","caller":"ean/discovery.go:555","msg":"capability registered/updated","cap_id":"iec60870_5_104.read_holding_register","agent_id":"edgex-node-001","category":"device","source":"native-ean","v1_purged":0}
{"level":"info","ts":1785238060.6951609,"logger":"discovery","caller":"ean/discovery.go:555","msg":"capability registered/updated","cap_id":"iec60870_5_104.scan_devices","agent_id":"edgex-node-001","category":"device","source":"native-ean","v1_purged":0}
{"level":"info","ts":1785238060.6951609,"logger":"discovery","caller":"ean/discovery.go:555","msg":"capability registered/updated","cap_id":"ethercat.scan_devices","agent_id":"edgex-node-001","category":"device","source":"native-ean","v1_purged":0}
{"level":"info","ts":1785238060.6951609,"logger":"discovery","caller":"ean/discovery.go:555","msg":"capability registered/updated","cap_id":"dlt645.scan_devices","agent_id":"edgex-node-001","category":"device","source":"native-ean","v1_purged":0}
{"level":"info","ts":1785238060.6951609,"logger":"discovery","caller":"ean/discovery.go:555","msg":"capability registered/updated","cap_id":"modbus_rtu.read_holding_register","agent_id":"edgex-node-001","category":"device","source":"native-ean","v1_purged":0}
{"level":"info","ts":1785238060.6951609,"logger":"discovery","caller":"ean/discovery.go:555","msg":"capability registered/updated","cap_id":"modbus_rtu_over_tcp.list_points","agent_id":"edgex-node-001","category":"device","source":"native-ean","v1_purged":0}
{"level":"info","ts":1785238060.6951609,"logger":"discovery","caller":"ean/discovery.go:555","msg":"capability registered/updated","cap_id":"opc_ua.scan_devices","agent_id":"edgex-node-001","category":"device","source":"native-ean","v1_purged":0}
{"level":"info","ts":1785238060.6951609,"logger":"discovery","caller":"ean/discovery.go:555","msg":"capability registered/updated","cap_id":"opc_ua.list_points","agent_id":"edgex-node-001","category":"device","source":"native-ean","v1_purged":0}
{"level":"info","ts":1785238060.6951609,"logger":"discovery","caller":"ean/discovery.go:555","msg":"capability registered/updated","cap_id":"s7.read_holding_register","agent_id":"edgex-node-001","category":"device","source":"native-ean","v1_purged":0}
{"level":"info","ts":1785238060.6951609,"logger":"discovery","caller":"ean/discovery.go:555","msg":"capability registered/updated","cap_id":"omron_fins.list_points","agent_id":"edgex-node-001","category":"device","source":"native-ean","v1_purged":0}
{"level":"info","ts":1785238060.6951609,"logger":"discovery","caller":"ean/discovery.go:555","msg":"capability registered/updated","cap_id":"dlt645.read_holding_register","agent_id":"edgex-node-001","category":"device","source":"native-ean","v1_purged":0}
{"level":"info","ts":1785238060.6951609,"logger":"discovery","caller":"ean/discovery.go:555","msg":"capability registered/updated","cap_id":"profinet_io.list_points","agent_id":"edgex-node-001","category":"device","source":"native-ean","v1_purged":0}
{"level":"info","ts":1785238060.6951609,"logger":"discovery","caller":"ean/discovery.go:555","msg":"capability registered/updated","cap_id":"ethercat.read_holding_register","agent_id":"edgex-node-001","category":"device","source":"native-ean","v1_purged":0}
{"level":"info","ts":1785238060.6951609,"logger":"discovery","caller":"ean/discovery.go:555","msg":"capability registered/updated","cap_id":"modbus_tcp.list_points","agent_id":"edgex-node-001","category":"device","source":"native-ean","v1_purged":0}
{"level":"info","ts":1785238060.6951609,"logger":"discovery","caller":"ean/discovery.go:555","msg":"capability registered/updated","cap_id":"ethernet_ip.scan_devices","agent_id":"edgex-node-001","category":"device","source":"native-ean","v1_purged":0}
{"level":"info","ts":1785238060.6951609,"logger":"discovery","caller":"ean/discovery.go:555","msg":"capability registered/updated","cap_id":"omron_fins.write_register","agent_id":"edgex-node-001","category":"device","source":"native-ean","v1_purged":0}
{"level":"info","ts":1785238060.6951609,"logger":"discovery","caller":"ean/discovery.go:555","msg":"capability registered/updated","cap_id":"modbus_rtu_over_tcp.read_holding_register","agent_id":"edgex-node-001","category":"device","source":"native-ean","v1_purged":0}
{"level":"info","ts":1785238060.6951609,"logger":"discovery","caller":"ean/discovery.go:555","msg":"capability registered/updated","cap_id":"knxnet_ip.list_points","agent_id":"edgex-node-001","category":"device","source":"native-ean","v1_purged":0}
{"level":"info","ts":1785238060.6951609,"logger":"discovery","caller":"ean/discovery.go:555","msg":"capability registered/updated","cap_id":"modbus_tcp.write_register","agent_id":"edgex-node-001","category":"device","source":"native-ean","v1_purged":0}
{"level":"info","ts":1785238060.6951609,"logger":"discovery","caller":"ean/discovery.go:236","msg":"discovery response capabilities indexed","count":63,"transport":"mqtt"}
{"level":"info","ts":1785238072.5375214,"logger":"governance","caller":"ean/governance.go:232","msg":"audit record","audit_id":"016b153a-ba50-4a98-9fe9-2898300a1faa","initiator":"edgeos-planner","target":"edgex-node-001","capability":"system.diagnostics","invoke_id":"b4f61fc3-3f33-4792-851e-b49156b12dad","status":"pending","tenant_id":"default"}
{"level":"info","ts":1785238072.5397818,"logger":"invoke","caller":"ean/invoke.go:141","msg":"invoke published","invoke_id":"baf3d0b6-1ea0-4123-b39c-f61c6794a4db","target":"edgex-node-001","capability":"system.diagnostics","timeout":30}
{"level":"info","ts":1785238072.5449152,"logger":"invoke","caller":"ean/invoke.go:216","msg":"invoke reply correlated","invoke_id":"baf3d0b6-1ea0-4123-b39c-f61c6794a4db","status":"completed","transport":"mqtt"}
{"level":"info","ts":1785238072.5449152,"logger":"governance","caller":"ean/governance.go:232","msg":"audit record","audit_id":"25b40fe5-fb8c-4327-862f-d4d748475d6d","initiator":"edgeos-planner","target":"edgex-node-001","capability":"system.diagnostics","invoke_id":"b4f61fc3-3f33-4792-851e-b49156b12dad","status":"completed","tenant_id":"default"}
19:27:52 | 200 |        8.46ms | 127.0.0.1 | POST | /api/ean/invoke | -
{"level":"info","ts":1785238072.6424303,"logger":"governance","caller":"ean/governance.go:232","msg":"audit record","audit_id":"d7a2ea8a-2258-4f68-b1e4-5dd0bf551662","initiator":"edgeos-planner","target":"edgex-node-001","capability":"ai.doc_parse","invoke_id":"856cfb2b-93b3-4f6d-b9e6-68d1284967f2","status":"pending","tenant_id":"default"}
{"level":"info","ts":1785238072.6439059,"logger":"invoke","caller":"ean/invoke.go:141","msg":"invoke published","invoke_id":"cd364a28-9363-4c01-ae48-2984eca4e120","target":"edgex-node-001","capability":"ai.doc_parse","timeout":30}
{"level":"info","ts":1785238072.645692,"logger":"invoke","caller":"ean/invoke.go:216","msg":"invoke reply correlated","invoke_id":"cd364a28-9363-4c01-ae48-2984eca4e120","status":"failed","transport":"mqtt"}
{"level":"info","ts":1785238072.645692,"logger":"governance","caller":"ean/governance.go:232","msg":"audit record","audit_id":"5e3e0860-a882-46bc-aee5-f3cd423b51d5","initiator":"edgeos-planner","target":"edgex-node-001","capability":"ai.doc_parse","invoke_id":"856cfb2b-93b3-4f6d-b9e6-68d1284967f2","status":"failed","tenant_id":"default"}
19:27:52 | 200 |      3.2618ms | 127.0.0.1 | POST | /api/ean/invoke | -
{"level":"info","ts":1785238072.6495376,"logger":"governance","caller":"ean/governance.go:232","msg":"audit record","audit_id":"ce5ac8f9-b822-4337-8ea8-a962a444ea2a","initiator":"edgeos-planner","target":"edgex-node-001","capability":"modbus_tcp.scan_devices","invoke_id":"9e60bac8-0d8d-4ec2-8ed9-654cda0449df","status":"pending","tenant_id":"default"}
{"level":"info","ts":1785238072.6505618,"logger":"invoke","caller":"ean/invoke.go:141","msg":"invoke published","invoke_id":"11b9c3cf-7f97-48ce-9c04-8c260d907fc3","target":"edgex-node-001","capability":"modbus_tcp.scan_devices","timeout":30}
{"level":"info","ts":1785238072.651688,"logger":"invoke","caller":"ean/invoke.go:216","msg":"invoke reply correlated","invoke_id":"11b9c3cf-7f97-48ce-9c04-8c260d907fc3","status":"failed","transport":"mqtt"}
{"level":"info","ts":1785238072.651688,"logger":"governance","caller":"ean/governance.go:232","msg":"audit record","audit_id":"cb6d4bf2-d9b0-440b-a59f-68361623bfa5","initiator":"edgeos-planner","target":"edgex-node-001","capability":"modbus_tcp.scan_devices","invoke_id":"9e60bac8-0d8d-4ec2-8ed9-654cda0449df","status":"failed","tenant_id":"default"}
19:27:52 | 200 |      2.1505ms | 127.0.0.1 | POST | /api/ean/invoke | -
19:28:16 | 200 |      1.5899ms | 127.0.0.1 | GET | /api/ean/health | -
19:28:16 | 200 |       509.5µs | 127.0.0.1 | GET | /api/ean/agents | -
19:28:16 | 200 |      1.7846ms | 127.0.0.1 | GET | /api/ean/agents/edgex-node-001/capabilities | -
{"level":"info","ts":1785238097.087898,"logger":"governance","caller":"ean/governance.go:232","msg":"audit record","audit_id":"65dccad1-bf8e-47c9-b455-335f17845977","initiator":"edgeos-planner","target":"edgex-node-001","capability":"system.diagnostics","invoke_id":"8af2b8f6-0b59-44e3-91e8-3dc6f9e3bf48","status":"pending","tenant_id":"default"}
{"level":"info","ts":1785238097.0889683,"logger":"invoke","caller":"ean/invoke.go:141","msg":"invoke published","invoke_id":"93d94424-4c73-4afb-bf43-096e1dbd210e","target":"edgex-node-001","capability":"system.diagnostics","timeout":30}
{"level":"info","ts":1785238097.0945318,"logger":"invoke","caller":"ean/invoke.go:216","msg":"invoke reply correlated","invoke_id":"93d94424-4c73-4afb-bf43-096e1dbd210e","status":"completed","transport":"mqtt"}
{"level":"info","ts":1785238097.0945318,"logger":"governance","caller":"ean/governance.go:232","msg":"audit record","audit_id":"4ae7f735-6e5b-4bdf-aed2-2ad137eb56e8","initiator":"edgeos-planner","target":"edgex-node-001","capability":"system.diagnostics","invoke_id":"8af2b8f6-0b59-44e3-91e8-3dc6f9e3bf48","status":"completed","tenant_id":"default"}
19:28:16 | 200 |      6.6338ms | 127.0.0.1 | POST | /api/ean/invoke | -
19:28:16 | 200 |      2.1055ms | 127.0.0.1 | GET | /api/ean/audit | -
{"level":"info","ts":1785238111.6686022,"logger":"discovery","caller":"ean/discovery.go:555","msg":"capability registered/updated","cap_id":"knxnet_ip.read_holding_register","agent_id":"edgex-node-001","category":"device","source":"native-ean","v1_purged":0}
{"level":"info","ts":1785238111.6686022,"logger":"discovery","caller":"ean/discovery.go:555","msg":"capability registered/updated","cap_id":"ethernet_ip.list_points","agent_id":"edgex-node-001","category":"device","source":"native-ean","v1_purged":0}
{"level":"info","ts":1785238111.6686022,"logger":"discovery","caller":"ean/discovery.go:555","msg":"capability registered/updated","cap_id":"modbus_rtu.scan_devices","agent_id":"edgex-node-001","category":"device","source":"native-ean","v1_purged":0}
{"level":"info","ts":1785238111.6686022,"logger":"discovery","caller":"ean/discovery.go:555","msg":"capability registered/updated","cap_id":"ethernet_ip.read_holding_register","agent_id":"edgex-node-001","category":"device","source":"native-ean","v1_purged":0}
{"level":"info","ts":1785238111.6686022,"logger":"discovery","caller":"ean/discovery.go:555","msg":"capability registered/updated","cap_id":"ethernet_ip.write_register","agent_id":"edgex-node-001","category":"device","source":"native-ean","v1_purged":0}
{"level":"info","ts":1785238111.6686022,"logger":"discovery","caller":"ean/discovery.go:555","msg":"capability registered/updated","cap_id":"knxnet_ip.write_register","agent_id":"edgex-node-001","category":"device","source":"native-ean","v1_purged":0}
{"level":"info","ts":1785238111.6686022,"logger":"discovery","caller":"ean/discovery.go:555","msg":"capability registered/updated","cap_id":"snmp.write_register","agent_id":"edgex-node-001","category":"device","source":"native-ean","v1_purged":0}
{"level":"info","ts":1785238111.6686022,"logger":"discovery","caller":"ean/discovery.go:555","msg":"capability registered/updated","cap_id":"snmp.list_points","agent_id":"edgex-node-001","category":"device","source":"native-ean","v1_purged":0}
{"level":"info","ts":1785238111.6686022,"logger":"discovery","caller":"ean/discovery.go:555","msg":"capability registered/updated","cap_id":"modbus_rtu_over_tcp.write_register","agent_id":"edgex-node-001","category":"device","source":"native-ean","v1_purged":0}
{"level":"info","ts":1785238111.6686022,"logger":"discovery","caller":"ean/discovery.go:555","msg":"capability registered/updated","cap_id":"iec60870_5_104.list_points","agent_id":"edgex-node-001","category":"device","source":"native-ean","v1_purged":0}
{"level":"info","ts":1785238111.6691184,"logger":"discovery","caller":"ean/discovery.go:555","msg":"capability registered/updated","cap_id":"mitsubishi_slmp.list_points","agent_id":"edgex-node-001","category":"device","source":"native-ean","v1_purged":0}
{"level":"info","ts":1785238111.6691184,"logger":"discovery","caller":"ean/discovery.go:555","msg":"capability registered/updated","cap_id":"ai.doc_parse","agent_id":"edgex-node-001","category":"ai","source":"native-ean","v1_purged":0}
{"level":"info","ts":1785238111.6691184,"logger":"discovery","caller":"ean/discovery.go:555","msg":"capability registered/updated","cap_id":"knxnet_ip.scan_devices","agent_id":"edgex-node-001","category":"device","source":"native-ean","v1_purged":0}
{"level":"info","ts":1785238111.6691184,"logger":"discovery","caller":"ean/discovery.go:555","msg":"capability registered/updated","cap_id":"dlt645.list_points","agent_id":"edgex-node-001","category":"device","source":"native-ean","v1_purged":0}
{"level":"info","ts":1785238111.6691184,"logger":"discovery","caller":"ean/discovery.go:555","msg":"capability registered/updated","cap_id":"profinet_io.scan_devices","agent_id":"edgex-node-001","category":"device","source":"native-ean","v1_purged":0}
{"level":"info","ts":1785238111.6691184,"logger":"discovery","caller":"ean/discovery.go:555","msg":"capability registered/updated","cap_id":"modbus_tcp.read_holding_register","agent_id":"edgex-node-001","category":"device","source":"native-ean","v1_purged":0}
{"level":"info","ts":1785238111.6691184,"logger":"discovery","caller":"ean/discovery.go:555","msg":"capability registered/updated","cap_id":"ethercat.list_points","agent_id":"edgex-node-001","category":"device","source":"native-ean","v1_purged":0}
{"level":"info","ts":1785238111.6691184,"logger":"discovery","caller":"ean/discovery.go:555","msg":"capability registered/updated","cap_id":"ai.protocol_reverse","agent_id":"edgex-node-001","category":"ai","source":"native-ean","v1_purged":0}
{"level":"info","ts":1785238111.6691184,"logger":"discovery","caller":"ean/discovery.go:555","msg":"capability registered/updated","cap_id":"modbus_rtu.write_register","agent_id":"edgex-node-001","category":"device","source":"native-ean","v1_purged":0}
{"level":"info","ts":1785238111.6691184,"logger":"discovery","caller":"ean/discovery.go:555","msg":"capability registered/updated","cap_id":"modbus_rtu.list_points","agent_id":"edgex-node-001","category":"device","source":"native-ean","v1_purged":0}
{"level":"info","ts":1785238111.6691184,"logger":"discovery","caller":"ean/discovery.go:555","msg":"capability registered/updated","cap_id":"bacnet_ip.scan_devices","agent_id":"edgex-node-001","category":"device","source":"native-ean","v1_purged":0}
{"level":"info","ts":1785238111.6691184,"logger":"discovery","caller":"ean/discovery.go:555","msg":"capability registered/updated","cap_id":"opc_ua.read_holding_register","agent_id":"edgex-node-001","category":"device","source":"native-ean","v1_purged":0}
{"level":"info","ts":1785238111.6691184,"logger":"discovery","caller":"ean/discovery.go:555","msg":"capability registered/updated","cap_id":"snmp.read_holding_register","agent_id":"edgex-node-001","category":"device","source":"native-ean","v1_purged":0}
{"level":"info","ts":1785238111.6691701,"logger":"discovery","caller":"ean/discovery.go:555","msg":"capability registered/updated","cap_id":"profinet_io.read_holding_register","agent_id":"edgex-node-001","category":"device","source":"native-ean","v1_purged":0}
{"level":"info","ts":1785238111.6691701,"logger":"discovery","caller":"ean/discovery.go:555","msg":"capability registered/updated","cap_id":"bacnet_ip.read_holding_register","agent_id":"edgex-node-001","category":"device","source":"native-ean","v1_purged":0}
{"level":"info","ts":1785238111.6691701,"logger":"discovery","caller":"ean/discovery.go:555","msg":"capability registered/updated","cap_id":"omron_fins.scan_devices","agent_id":"edgex-node-001","category":"device","source":"native-ean","v1_purged":0}
{"level":"info","ts":1785238111.6691701,"logger":"discovery","caller":"ean/discovery.go:555","msg":"capability registered/updated","cap_id":"snmp.scan_devices","agent_id":"edgex-node-001","category":"device","source":"native-ean","v1_purged":0}
{"level":"info","ts":1785238111.6691701,"logger":"discovery","caller":"ean/discovery.go:555","msg":"capability registered/updated","cap_id":"system.diagnostics","agent_id":"edgex-node-001","category":"system","source":"native-ean","v1_purged":0}
{"level":"info","ts":1785238111.6691701,"logger":"discovery","caller":"ean/discovery.go:555","msg":"capability registered/updated","cap_id":"modbus_tcp.scan_devices","agent_id":"edgex-node-001","category":"device","source":"native-ean","v1_purged":0}
{"level":"info","ts":1785238111.6691701,"logger":"discovery","caller":"ean/discovery.go:555","msg":"capability registered/updated","cap_id":"bacnet_ip.list_points","agent_id":"edgex-node-001","category":"device","source":"native-ean","v1_purged":0}
{"level":"info","ts":1785238111.6691701,"logger":"discovery","caller":"ean/discovery.go:555","msg":"capability registered/updated","cap_id":"iec60870_5_104.read_holding_register","agent_id":"edgex-node-001","category":"device","source":"native-ean","v1_purged":0}
{"level":"info","ts":1785238111.6691701,"logger":"discovery","caller":"ean/discovery.go:555","msg":"capability registered/updated","cap_id":"iec60870_5_104.scan_devices","agent_id":"edgex-node-001","category":"device","source":"native-ean","v1_purged":0}
{"level":"info","ts":1785238111.6691701,"logger":"discovery","caller":"ean/discovery.go:555","msg":"capability registered/updated","cap_id":"ethercat.scan_devices","agent_id":"edgex-node-001","category":"device","source":"native-ean","v1_purged":0}
{"level":"info","ts":1785238111.6691701,"logger":"discovery","caller":"ean/discovery.go:555","msg":"capability registered/updated","cap_id":"dlt645.scan_devices","agent_id":"edgex-node-001","category":"device","source":"native-ean","v1_purged":0}
{"level":"info","ts":1785238111.6691701,"logger":"discovery","caller":"ean/discovery.go:555","msg":"capability registered/updated","cap_id":"modbus_rtu.read_holding_register","agent_id":"edgex-node-001","category":"device","source":"native-ean","v1_purged":0}
{"level":"info","ts":1785238111.6691701,"logger":"discovery","caller":"ean/discovery.go:555","msg":"capability registered/updated","cap_id":"modbus_rtu_over_tcp.list_points","agent_id":"edgex-node-001","category":"device","source":"native-ean","v1_purged":0}
{"level":"info","ts":1785238111.6691701,"logger":"discovery","caller":"ean/discovery.go:555","msg":"capability registered/updated","cap_id":"opc_ua.scan_devices","agent_id":"edgex-node-001","category":"device","source":"native-ean","v1_purged":0}
{"level":"info","ts":1785238111.6691701,"logger":"discovery","caller":"ean/discovery.go:555","msg":"capability registered/updated","cap_id":"opc_ua.list_points","agent_id":"edgex-node-001","category":"device","source":"native-ean","v1_purged":0}
{"level":"info","ts":1785238111.6691701,"logger":"discovery","caller":"ean/discovery.go:555","msg":"capability registered/updated","cap_id":"s7.read_holding_register","agent_id":"edgex-node-001","category":"device","source":"native-ean","v1_purged":0}
{"level":"info","ts":1785238111.6691701,"logger":"discovery","caller":"ean/discovery.go:555","msg":"capability registered/updated","cap_id":"omron_fins.list_points","agent_id":"edgex-node-001","category":"device","source":"native-ean","v1_purged":0}
{"level":"info","ts":1785238111.6691701,"logger":"discovery","caller":"ean/discovery.go:555","msg":"capability registered/updated","cap_id":"dlt645.read_holding_register","agent_id":"edgex-node-001","category":"device","source":"native-ean","v1_purged":0}
{"level":"info","ts":1785238111.6691701,"logger":"discovery","caller":"ean/discovery.go:555","msg":"capability registered/updated","cap_id":"profinet_io.list_points","agent_id":"edgex-node-001","category":"device","source":"native-ean","v1_purged":0}
{"level":"info","ts":1785238111.6691701,"logger":"discovery","caller":"ean/discovery.go:555","msg":"capability registered/updated","cap_id":"ethercat.read_holding_register","agent_id":"edgex-node-001","category":"device","source":"native-ean","v1_purged":0}
{"level":"info","ts":1785238111.6691701,"logger":"discovery","caller":"ean/discovery.go:555","msg":"capability registered/updated","cap_id":"modbus_tcp.list_points","agent_id":"edgex-node-001","category":"device","source":"native-ean","v1_purged":0}
{"level":"info","ts":1785238111.6691701,"logger":"discovery","caller":"ean/discovery.go:555","msg":"capability registered/updated","cap_id":"ethernet_ip.scan_devices","agent_id":"edgex-node-001","category":"device","source":"native-ean","v1_purged":0}
{"level":"info","ts":1785238111.6691701,"logger":"discovery","caller":"ean/discovery.go:555","msg":"capability registered/updated","cap_id":"omron_fins.write_register","agent_id":"edgex-node-001","category":"device","source":"native-ean","v1_purged":0}
{"level":"info","ts":1785238111.6691701,"logger":"discovery","caller":"ean/discovery.go:555","msg":"capability registered/updated","cap_id":"modbus_rtu_over_tcp.read_holding_register","agent_id":"edgex-node-001","category":"device","source":"native-ean","v1_purged":0}
{"level":"info","ts":1785238111.6691701,"logger":"discovery","caller":"ean/discovery.go:555","msg":"capability registered/updated","cap_id":"knxnet_ip.list_points","agent_id":"edgex-node-001","category":"device","source":"native-ean","v1_purged":0}
{"level":"info","ts":1785238111.6691701,"logger":"discovery","caller":"ean/discovery.go:555","msg":"capability registered/updated","cap_id":"modbus_tcp.write_register","agent_id":"edgex-node-001","category":"device","source":"native-ean","v1_purged":0}
{"level":"info","ts":1785238111.6691701,"logger":"discovery","caller":"ean/discovery.go:555","msg":"capability registered/updated","cap_id":"omron_fins.read_holding_register","agent_id":"edgex-node-001","category":"device","source":"native-ean","v1_purged":0}
{"level":"info","ts":1785238111.6691701,"logger":"discovery","caller":"ean/discovery.go:555","msg":"capability registered/updated","cap_id":"dlt645.write_register","agent_id":"edgex-node-001","category":"device","source":"native-ean","v1_purged":0}
{"level":"info","ts":1785238111.6691701,"logger":"discovery","caller":"ean/discovery.go:555","msg":"capability registered/updated","cap_id":"mitsubishi_slmp.read_holding_register","agent_id":"edgex-node-001","category":"device","source":"native-ean","v1_purged":0}
{"level":"info","ts":1785238111.6691701,"logger":"discovery","caller":"ean/discovery.go:555","msg":"capability registered/updated","cap_id":"iec60870_5_104.write_register","agent_id":"edgex-node-001","category":"device","source":"native-ean","v1_purged":0}
{"level":"info","ts":1785238111.6691701,"logger":"discovery","caller":"ean/discovery.go:555","msg":"capability registered/updated","cap_id":"ethercat.write_register","agent_id":"edgex-node-001","category":"device","source":"native-ean","v1_purged":0}
{"level":"info","ts":1785238111.6691701,"logger":"discovery","caller":"ean/discovery.go:555","msg":"capability registered/updated","cap_id":"modbus_rtu_over_tcp.scan_devices","agent_id":"edgex-node-001","category":"device","source":"native-ean","v1_purged":0}
{"level":"info","ts":1785238111.6691701,"logger":"discovery","caller":"ean/discovery.go:555","msg":"capability registered/updated","cap_id":"s7.list_points","agent_id":"edgex-node-001","category":"device","source":"native-ean","v1_purged":0}
{"level":"info","ts":1785238111.6691701,"logger":"discovery","caller":"ean/discovery.go:555","msg":"capability registered/updated","cap_id":"mitsubishi_slmp.write_register","agent_id":"edgex-node-001","category":"device","source":"native-ean","v1_purged":0}
{"level":"info","ts":1785238111.6691701,"logger":"discovery","caller":"ean/discovery.go:555","msg":"capability registered/updated","cap_id":"profinet_io.write_register","agent_id":"edgex-node-001","category":"device","source":"native-ean","v1_purged":0}
{"level":"info","ts":1785238111.6691701,"logger":"discovery","caller":"ean/discovery.go:555","msg":"capability registered/updated","cap_id":"mitsubishi_slmp.scan_devices","agent_id":"edgex-node-001","category":"device","source":"native-ean","v1_purged":0}
{"level":"info","ts":1785238111.6691701,"logger":"discovery","caller":"ean/discovery.go:555","msg":"capability registered/updated","cap_id":"bacnet_ip.write_register","agent_id":"edgex-node-001","category":"device","source":"native-ean","v1_purged":0}
{"level":"info","ts":1785238111.6691701,"logger":"discovery","caller":"ean/discovery.go:555","msg":"capability registered/updated","cap_id":"s7.write_register","agent_id":"edgex-node-001","category":"device","source":"native-ean","v1_purged":0}
{"level":"info","ts":1785238111.6691701,"logger":"discovery","caller":"ean/discovery.go:555","msg":"capability registered/updated","cap_id":"s7.scan_devices","agent_id":"edgex-node-001","category":"device","source":"native-ean","v1_purged":0}
{"level":"info","ts":1785238111.6691701,"logger":"discovery","caller":"ean/discovery.go:555","msg":"capability registered/updated","cap_id":"opc_ua.write_register","agent_id":"edgex-node-001","category":"device","source":"native-ean","v1_purged":0}
{"level":"warn","ts":1785238113.679734,"logger":"heartbeat","caller":"ean/heartbeat.go:151","msg":"heartbeat sequence regression detected","agent_id":"edgex-node-001","old_seq":18,"new_seq":0}
{"level":"info","ts":1785238171.6665778,"logger":"discovery","caller":"ean/discovery.go:555","msg":"capability registered/updated","cap_id":"omron_fins.list_points","agent_id":"edgex-node-001","category":"device","source":"native-ean","v1_purged":0}
{"level":"info","ts":1785238171.6665778,"logger":"discovery","caller":"ean/discovery.go:555","msg":"capability registered/updated","cap_id":"dlt645.read_holding_register","agent_id":"edgex-node-001","category":"device","source":"native-ean","v1_purged":0}
{"level":"info","ts":1785238171.6665778,"logger":"discovery","caller":"ean/discovery.go:555","msg":"capability registered/updated","cap_id":"profinet_io.list_points","agent_id":"edgex-node-001","category":"device","source":"native-ean","v1_purged":0}
{"level":"info","ts":1785238171.6665778,"logger":"discovery","caller":"ean/discovery.go:555","msg":"capability registered/updated","cap_id":"ethercat.read_holding_register","agent_id":"edgex-node-001","category":"device","source":"native-ean","v1_purged":0}
{"level":"info","ts":1785238171.6665778,"logger":"discovery","caller":"ean/discovery.go:555","msg":"capability registered/updated","cap_id":"modbus_tcp.list_points","agent_id":"edgex-node-001","category":"device","source":"native-ean","v1_purged":0}
{"level":"info","ts":1785238171.6665778,"logger":"discovery","caller":"ean/discovery.go:555","msg":"capability registered/updated","cap_id":"ethernet_ip.scan_devices","agent_id":"edgex-node-001","category":"device","source":"native-ean","v1_purged":0}
{"level":"info","ts":1785238171.6665778,"logger":"discovery","caller":"ean/discovery.go:555","msg":"capability registered/updated","cap_id":"omron_fins.write_register","agent_id":"edgex-node-001","category":"device","source":"native-ean","v1_purged":0}
{"level":"info","ts":1785238171.6665778,"logger":"discovery","caller":"ean/discovery.go:555","msg":"capability registered/updated","cap_id":"modbus_rtu_over_tcp.read_holding_register","agent_id":"edgex-node-001","category":"device","source":"native-ean","v1_purged":0}
{"level":"info","ts":1785238171.6665778,"logger":"discovery","caller":"ean/discovery.go:555","msg":"capability registered/updated","cap_id":"knxnet_ip.list_points","agent_id":"edgex-node-001","category":"device","source":"native-ean","v1_purged":0}
{"level":"info","ts":1785238171.6665778,"logger":"discovery","caller":"ean/discovery.go:555","msg":"capability registered/updated","cap_id":"modbus_tcp.write_register","agent_id":"edgex-node-001","category":"device","source":"native-ean","v1_purged":0}
{"level":"info","ts":1785238171.6665778,"logger":"discovery","caller":"ean/discovery.go:555","msg":"capability registered/updated","cap_id":"omron_fins.read_holding_register","agent_id":"edgex-node-001","category":"device","source":"native-ean","v1_purged":0}
{"level":"info","ts":1785238171.6665778,"logger":"discovery","caller":"ean/discovery.go:555","msg":"capability registered/updated","cap_id":"dlt645.write_register","agent_id":"edgex-node-001","category":"device","source":"native-ean","v1_purged":0}
{"level":"info","ts":1785238171.6665778,"logger":"discovery","caller":"ean/discovery.go:555","msg":"capability registered/updated","cap_id":"mitsubishi_slmp.read_holding_register","agent_id":"edgex-node-001","category":"device","source":"native-ean","v1_purged":0}
{"level":"info","ts":1785238171.6665778,"logger":"discovery","caller":"ean/discovery.go:555","msg":"capability registered/updated","cap_id":"iec60870_5_104.write_register","agent_id":"edgex-node-001","category":"device","source":"native-ean","v1_purged":0}
{"level":"info","ts":1785238171.6665778,"logger":"discovery","caller":"ean/discovery.go:555","msg":"capability registered/updated","cap_id":"ethercat.write_register","agent_id":"edgex-node-001","category":"device","source":"native-ean","v1_purged":0}
{"level":"info","ts":1785238171.6665778,"logger":"discovery","caller":"ean/discovery.go:555","msg":"capability registered/updated","cap_id":"modbus_rtu_over_tcp.scan_devices","agent_id":"edgex-node-001","category":"device","source":"native-ean","v1_purged":0}
{"level":"info","ts":1785238171.6665778,"logger":"discovery","caller":"ean/discovery.go:555","msg":"capability registered/updated","cap_id":"s7.list_points","agent_id":"edgex-node-001","category":"device","source":"native-ean","v1_purged":0}
{"level":"info","ts":1785238171.6665778,"logger":"discovery","caller":"ean/discovery.go:555","msg":"capability registered/updated","cap_id":"mitsubishi_slmp.write_register","agent_id":"edgex-node-001","category":"device","source":"native-ean","v1_purged":0}
{"level":"info","ts":1785238171.6665778,"logger":"discovery","caller":"ean/discovery.go:555","msg":"capability registered/updated","cap_id":"profinet_io.write_register","agent_id":"edgex-node-001","category":"device","source":"native-ean","v1_purged":0}
{"level":"info","ts":1785238171.6665778,"logger":"discovery","caller":"ean/discovery.go:555","msg":"capability registered/updated","cap_id":"mitsubishi_slmp.scan_devices","agent_id":"edgex-node-001","category":"device","source":"native-ean","v1_purged":0}
{"level":"info","ts":1785238171.6665778,"logger":"discovery","caller":"ean/discovery.go:555","msg":"capability registered/updated","cap_id":"bacnet_ip.write_register","agent_id":"edgex-node-001","category":"device","source":"native-ean","v1_purged":0}
{"level":"info","ts":1785238171.6665778,"logger":"discovery","caller":"ean/discovery.go:555","msg":"capability registered/updated","cap_id":"s7.write_register","agent_id":"edgex-node-001","category":"device","source":"native-ean","v1_purged":0}
{"level":"info","ts":1785238171.6665778,"logger":"discovery","caller":"ean/discovery.go:555","msg":"capability registered/updated","cap_id":"s7.scan_devices","agent_id":"edgex-node-001","category":"device","source":"native-ean","v1_purged":0}
{"level":"info","ts":1785238171.6665778,"logger":"discovery","caller":"ean/discovery.go:555","msg":"capability registered/updated","cap_id":"opc_ua.write_register","agent_id":"edgex-node-001","category":"device","source":"native-ean","v1_purged":0}
{"level":"info","ts":1785238171.6665778,"logger":"discovery","caller":"ean/discovery.go:555","msg":"capability registered/updated","cap_id":"knxnet_ip.read_holding_register","agent_id":"edgex-node-001","category":"device","source":"native-ean","v1_purged":0}
{"level":"info","ts":1785238171.6665778,"logger":"discovery","caller":"ean/discovery.go:555","msg":"capability registered/updated","cap_id":"ethernet_ip.list_points","agent_id":"edgex-node-001","category":"device","source":"native-ean","v1_purged":0}
{"level":"info","ts":1785238171.6665778,"logger":"discovery","caller":"ean/discovery.go:555","msg":"capability registered/updated","cap_id":"modbus_rtu.scan_devices","agent_id":"edgex-node-001","category":"device","source":"native-ean","v1_purged":0}
{"level":"info","ts":1785238171.6665778,"logger":"discovery","caller":"ean/discovery.go:555","msg":"capability registered/updated","cap_id":"ethernet_ip.read_holding_register","agent_id":"edgex-node-001","category":"device","source":"native-ean","v1_purged":0}
{"level":"info","ts":1785238171.6665778,"logger":"discovery","caller":"ean/discovery.go:555","msg":"capability registered/updated","cap_id":"ethernet_ip.write_register","agent_id":"edgex-node-001","category":"device","source":"native-ean","v1_purged":0}
{"level":"info","ts":1785238171.6665778,"logger":"discovery","caller":"ean/discovery.go:555","msg":"capability registered/updated","cap_id":"knxnet_ip.write_register","agent_id":"edgex-node-001","category":"device","source":"native-ean","v1_purged":0}
{"level":"info","ts":1785238171.6665778,"logger":"discovery","caller":"ean/discovery.go:555","msg":"capability registered/updated","cap_id":"snmp.write_register","agent_id":"edgex-node-001","category":"device","source":"native-ean","v1_purged":0}
{"level":"info","ts":1785238171.6665778,"logger":"discovery","caller":"ean/discovery.go:555","msg":"capability registered/updated","cap_id":"snmp.list_points","agent_id":"edgex-node-001","category":"device","source":"native-ean","v1_purged":0}
{"level":"info","ts":1785238171.6665778,"logger":"discovery","caller":"ean/discovery.go:555","msg":"capability registered/updated","cap_id":"modbus_rtu_over_tcp.write_register","agent_id":"edgex-node-001","category":"device","source":"native-ean","v1_purged":0}
{"level":"info","ts":1785238171.6665778,"logger":"discovery","caller":"ean/discovery.go:555","msg":"capability registered/updated","cap_id":"iec60870_5_104.list_points","agent_id":"edgex-node-001","category":"device","source":"native-ean","v1_purged":0}
{"level":"info","ts":1785238171.6665778,"logger":"discovery","caller":"ean/discovery.go:555","msg":"capability registered/updated","cap_id":"mitsubishi_slmp.list_points","agent_id":"edgex-node-001","category":"device","source":"native-ean","v1_purged":0}
{"level":"info","ts":1785238171.6665778,"logger":"discovery","caller":"ean/discovery.go:555","msg":"capability registered/updated","cap_id":"ai.doc_parse","agent_id":"edgex-node-001","category":"ai","source":"native-ean","v1_purged":0}
{"level":"info","ts":1785238171.6665778,"logger":"discovery","caller":"ean/discovery.go:555","msg":"capability registered/updated","cap_id":"knxnet_ip.scan_devices","agent_id":"edgex-node-001","category":"device","source":"native-ean","v1_purged":0}
{"level":"info","ts":1785238171.6665778,"logger":"discovery","caller":"ean/discovery.go:555","msg":"capability registered/updated","cap_id":"dlt645.list_points","agent_id":"edgex-node-001","category":"device","source":"native-ean","v1_purged":0}
{"level":"info","ts":1785238171.6665778,"logger":"discovery","caller":"ean/discovery.go:555","msg":"capability registered/updated","cap_id":"profinet_io.scan_devices","agent_id":"edgex-node-001","category":"device","source":"native-ean","v1_purged":0}
{"level":"info","ts":1785238171.6665778,"logger":"discovery","caller":"ean/discovery.go:555","msg":"capability registered/updated","cap_id":"modbus_tcp.read_holding_register","agent_id":"edgex-node-001","category":"device","source":"native-ean","v1_purged":0}
{"level":"info","ts":1785238171.6665778,"logger":"discovery","caller":"ean/discovery.go:555","msg":"capability registered/updated","cap_id":"ethercat.list_points","agent_id":"edgex-node-001","category":"device","source":"native-ean","v1_purged":0}
{"level":"info","ts":1785238171.6665778,"logger":"discovery","caller":"ean/discovery.go:555","msg":"capability registered/updated","cap_id":"ai.protocol_reverse","agent_id":"edgex-node-001","category":"ai","source":"native-ean","v1_purged":0}
{"level":"info","ts":1785238171.6665778,"logger":"discovery","caller":"ean/discovery.go:555","msg":"capability registered/updated","cap_id":"modbus_rtu.write_register","agent_id":"edgex-node-001","category":"device","source":"native-ean","v1_purged":0}
{"level":"info","ts":1785238171.6665778,"logger":"discovery","caller":"ean/discovery.go:555","msg":"capability registered/updated","cap_id":"modbus_rtu.list_points","agent_id":"edgex-node-001","category":"device","source":"native-ean","v1_purged":0}
{"level":"info","ts":1785238171.6665778,"logger":"discovery","caller":"ean/discovery.go:555","msg":"capability registered/updated","cap_id":"bacnet_ip.scan_devices","agent_id":"edgex-node-001","category":"device","source":"native-ean","v1_purged":0}
{"level":"info","ts":1785238171.6665778,"logger":"discovery","caller":"ean/discovery.go:555","msg":"capability registered/updated","cap_id":"opc_ua.read_holding_register","agent_id":"edgex-node-001","category":"device","source":"native-ean","v1_purged":0}
{"level":"info","ts":1785238171.6665778,"logger":"discovery","caller":"ean/discovery.go:555","msg":"capability registered/updated","cap_id":"snmp.read_holding_register","agent_id":"edgex-node-001","category":"device","source":"native-ean","v1_purged":0}
{"level":"info","ts":1785238171.6665778,"logger":"discovery","caller":"ean/discovery.go:555","msg":"capability registered/updated","cap_id":"profinet_io.read_holding_register","agent_id":"edgex-node-001","category":"device","source":"native-ean","v1_purged":0}
{"level":"info","ts":1785238171.6665778,"logger":"discovery","caller":"ean/discovery.go:555","msg":"capability registered/updated","cap_id":"bacnet_ip.read_holding_register","agent_id":"edgex-node-001","category":"device","source":"native-ean","v1_purged":0}
{"level":"info","ts":1785238171.6665778,"logger":"discovery","caller":"ean/discovery.go:555","msg":"capability registered/updated","cap_id":"omron_fins.scan_devices","agent_id":"edgex-node-001","category":"device","source":"native-ean","v1_purged":0}
{"level":"info","ts":1785238171.6665778,"logger":"discovery","caller":"ean/discovery.go:555","msg":"capability registered/updated","cap_id":"snmp.scan_devices","agent_id":"edgex-node-001","category":"device","source":"native-ean","v1_purged":0}
{"level":"info","ts":1785238171.6665778,"logger":"discovery","caller":"ean/discovery.go:555","msg":"capability registered/updated","cap_id":"system.diagnostics","agent_id":"edgex-node-001","category":"system","source":"native-ean","v1_purged":0}
{"level":"info","ts":1785238171.6665778,"logger":"discovery","caller":"ean/discovery.go:555","msg":"capability registered/updated","cap_id":"modbus_tcp.scan_devices","agent_id":"edgex-node-001","category":"device","source":"native-ean","v1_purged":0}
{"level":"info","ts":1785238171.6665778,"logger":"discovery","caller":"ean/discovery.go:555","msg":"capability registered/updated","cap_id":"bacnet_ip.list_points","agent_id":"edgex-node-001","category":"device","source":"native-ean","v1_purged":0}
{"level":"info","ts":1785238171.6665778,"logger":"discovery","caller":"ean/discovery.go:555","msg":"capability registered/updated","cap_id":"iec60870_5_104.read_holding_register","agent_id":"edgex-node-001","category":"device","source":"native-ean","v1_purged":0}
{"level":"info","ts":1785238171.6665778,"logger":"discovery","caller":"ean/discovery.go:555","msg":"capability registered/updated","cap_id":"iec60870_5_104.scan_devices","agent_id":"edgex-node-001","category":"device","source":"native-ean","v1_purged":0}
{"level":"info","ts":1785238171.6665778,"logger":"discovery","caller":"ean/discovery.go:555","msg":"capability registered/updated","cap_id":"ethercat.scan_devices","agent_id":"edgex-node-001","category":"device","source":"native-ean","v1_purged":0}
{"level":"info","ts":1785238171.6665778,"logger":"discovery","caller":"ean/discovery.go:555","msg":"capability registered/updated","cap_id":"dlt645.scan_devices","agent_id":"edgex-node-001","category":"device","source":"native-ean","v1_purged":0}
{"level":"info","ts":1785238171.6665778,"logger":"discovery","caller":"ean/discovery.go:555","msg":"capability registered/updated","cap_id":"modbus_rtu.read_holding_register","agent_id":"edgex-node-001","category":"device","source":"native-ean","v1_purged":0}
{"level":"info","ts":1785238171.6665778,"logger":"discovery","caller":"ean/discovery.go:555","msg":"capability registered/updated","cap_id":"modbus_rtu_over_tcp.list_points","agent_id":"edgex-node-001","category":"device","source":"native-ean","v1_purged":0}
{"level":"info","ts":1785238171.6665778,"logger":"discovery","caller":"ean/discovery.go:555","msg":"capability registered/updated","cap_id":"opc_ua.scan_devices","agent_id":"edgex-node-001","category":"device","source":"native-ean","v1_purged":0}
{"level":"info","ts":1785238171.6665778,"logger":"discovery","caller":"ean/discovery.go:555","msg":"capability registered/updated","cap_id":"opc_ua.list_points","agent_id":"edgex-node-001","category":"device","source":"native-ean","v1_purged":0}
{"level":"info","ts":1785238171.6665778,"logger":"discovery","caller":"ean/discovery.go:555","msg":"capability registered/updated","cap_id":"s7.read_holding_register","agent_id":"edgex-node-001","category":"device","source":"native-ean","v1_purged":0}
{"level":"warn","ts":1785238173.680244,"logger":"heartbeat","caller":"ean/heartbeat.go:151","msg":"heartbeat sequence regression detected","agent_id":"edgex-node-001","old_seq":19,"new_seq":0}
{"level":"info","ts":1785238231.6618092,"logger":"discovery","caller":"ean/discovery.go:555","msg":"capability registered/updated","cap_id":"modbus_rtu.write_register","agent_id":"edgex-node-001","category":"device","source":"native-ean","v1_purged":0}
{"level":"info","ts":1785238231.6618092,"logger":"discovery","caller":"ean/discovery.go:555","msg":"capability registered/updated","cap_id":"modbus_rtu.list_points","agent_id":"edgex-node-001","category":"device","source":"native-ean","v1_purged":0}
{"level":"info","ts":1785238231.6618092,"logger":"discovery","caller":"ean/discovery.go:555","msg":"capability registered/updated","cap_id":"bacnet_ip.scan_devices","agent_id":"edgex-node-001","category":"device","source":"native-ean","v1_purged":0}
{"level":"info","ts":1785238231.6618092,"logger":"discovery","caller":"ean/discovery.go:555","msg":"capability registered/updated","cap_id":"opc_ua.read_holding_register","agent_id":"edgex-node-001","category":"device","source":"native-ean","v1_purged":0}
{"level":"info","ts":1785238231.6618092,"logger":"discovery","caller":"ean/discovery.go:555","msg":"capability registered/updated","cap_id":"snmp.read_holding_register","agent_id":"edgex-node-001","category":"device","source":"native-ean","v1_purged":0}
{"level":"info","ts":1785238231.6618092,"logger":"discovery","caller":"ean/discovery.go:555","msg":"capability registered/updated","cap_id":"profinet_io.read_holding_register","agent_id":"edgex-node-001","category":"device","source":"native-ean","v1_purged":0}
{"level":"info","ts":1785238231.6618092,"logger":"discovery","caller":"ean/discovery.go:555","msg":"capability registered/updated","cap_id":"bacnet_ip.read_holding_register","agent_id":"edgex-node-001","category":"device","source":"native-ean","v1_purged":0}
{"level":"info","ts":1785238231.6618092,"logger":"discovery","caller":"ean/discovery.go:555","msg":"capability registered/updated","cap_id":"omron_fins.scan_devices","agent_id":"edgex-node-001","category":"device","source":"native-ean","v1_purged":0}
{"level":"info","ts":1785238231.6618092,"logger":"discovery","caller":"ean/discovery.go:555","msg":"capability registered/updated","cap_id":"snmp.scan_devices","agent_id":"edgex-node-001","category":"device","source":"native-ean","v1_purged":0}
{"level":"info","ts":1785238231.6618092,"logger":"discovery","caller":"ean/discovery.go:555","msg":"capability registered/updated","cap_id":"system.diagnostics","agent_id":"edgex-node-001","category":"system","source":"native-ean","v1_purged":0}
{"level":"info","ts":1785238231.6618092,"logger":"discovery","caller":"ean/discovery.go:555","msg":"capability registered/updated","cap_id":"modbus_tcp.scan_devices","agent_id":"edgex-node-001","category":"device","source":"native-ean","v1_purged":0}
{"level":"info","ts":1785238231.6618092,"logger":"discovery","caller":"ean/discovery.go:555","msg":"capability registered/updated","cap_id":"bacnet_ip.list_points","agent_id":"edgex-node-001","category":"device","source":"native-ean","v1_purged":0}
{"level":"info","ts":1785238231.6618092,"logger":"discovery","caller":"ean/discovery.go:555","msg":"capability registered/updated","cap_id":"iec60870_5_104.read_holding_register","agent_id":"edgex-node-001","category":"device","source":"native-ean","v1_purged":0}
{"level":"info","ts":1785238231.6618092,"logger":"discovery","caller":"ean/discovery.go:555","msg":"capability registered/updated","cap_id":"iec60870_5_104.scan_devices","agent_id":"edgex-node-001","category":"device","source":"native-ean","v1_purged":0}
{"level":"info","ts":1785238231.6623802,"logger":"discovery","caller":"ean/discovery.go:555","msg":"capability registered/updated","cap_id":"ethercat.scan_devices","agent_id":"edgex-node-001","category":"device","source":"native-ean","v1_purged":0}
{"level":"info","ts":1785238231.6623802,"logger":"discovery","caller":"ean/discovery.go:555","msg":"capability registered/updated","cap_id":"dlt645.scan_devices","agent_id":"edgex-node-001","category":"device","source":"native-ean","v1_purged":0}
{"level":"info","ts":1785238231.6623802,"logger":"discovery","caller":"ean/discovery.go:555","msg":"capability registered/updated","cap_id":"modbus_rtu.read_holding_register","agent_id":"edgex-node-001","category":"device","source":"native-ean","v1_purged":0}
{"level":"info","ts":1785238231.6623802,"logger":"discovery","caller":"ean/discovery.go:555","msg":"capability registered/updated","cap_id":"modbus_rtu_over_tcp.list_points","agent_id":"edgex-node-001","category":"device","source":"native-ean","v1_purged":0}
{"level":"info","ts":1785238231.6623802,"logger":"discovery","caller":"ean/discovery.go:555","msg":"capability registered/updated","cap_id":"opc_ua.scan_devices","agent_id":"edgex-node-001","category":"device","source":"native-ean","v1_purged":0}
{"level":"info","ts":1785238231.6623802,"logger":"discovery","caller":"ean/discovery.go:555","msg":"capability registered/updated","cap_id":"opc_ua.list_points","agent_id":"edgex-node-001","category":"device","source":"native-ean","v1_purged":0}
{"level":"info","ts":1785238231.6623802,"logger":"discovery","caller":"ean/discovery.go:555","msg":"capability registered/updated","cap_id":"s7.read_holding_register","agent_id":"edgex-node-001","category":"device","source":"native-ean","v1_purged":0}
{"level":"info","ts":1785238231.6623802,"logger":"discovery","caller":"ean/discovery.go:555","msg":"capability registered/updated","cap_id":"omron_fins.list_points","agent_id":"edgex-node-001","category":"device","source":"native-ean","v1_purged":0}
{"level":"info","ts":1785238231.6623802,"logger":"discovery","caller":"ean/discovery.go:555","msg":"capability registered/updated","cap_id":"dlt645.read_holding_register","agent_id":"edgex-node-001","category":"device","source":"native-ean","v1_purged":0}
{"level":"info","ts":1785238231.6623802,"logger":"discovery","caller":"ean/discovery.go:555","msg":"capability registered/updated","cap_id":"profinet_io.list_points","agent_id":"edgex-node-001","category":"device","source":"native-ean","v1_purged":0}
{"level":"info","ts":1785238231.6623802,"logger":"discovery","caller":"ean/discovery.go:555","msg":"capability registered/updated","cap_id":"ethercat.read_holding_register","agent_id":"edgex-node-001","category":"device","source":"native-ean","v1_purged":0}
{"level":"info","ts":1785238231.6623802,"logger":"discovery","caller":"ean/discovery.go:555","msg":"capability registered/updated","cap_id":"modbus_tcp.list_points","agent_id":"edgex-node-001","category":"device","source":"native-ean","v1_purged":0}
{"level":"info","ts":1785238231.6623802,"logger":"discovery","caller":"ean/discovery.go:555","msg":"capability registered/updated","cap_id":"ethernet_ip.scan_devices","agent_id":"edgex-node-001","category":"device","source":"native-ean","v1_purged":0}
{"level":"info","ts":1785238231.6623802,"logger":"discovery","caller":"ean/discovery.go:555","msg":"capability registered/updated","cap_id":"omron_fins.write_register","agent_id":"edgex-node-001","category":"device","source":"native-ean","v1_purged":0}
{"level":"info","ts":1785238231.6623802,"logger":"discovery","caller":"ean/discovery.go:555","msg":"capability registered/updated","cap_id":"modbus_rtu_over_tcp.read_holding_register","agent_id":"edgex-node-001","category":"device","source":"native-ean","v1_purged":0}
{"level":"info","ts":1785238231.6623802,"logger":"discovery","caller":"ean/discovery.go:555","msg":"capability registered/updated","cap_id":"knxnet_ip.list_points","agent_id":"edgex-node-001","category":"device","source":"native-ean","v1_purged":0}
{"level":"info","ts":1785238231.6623802,"logger":"discovery","caller":"ean/discovery.go:555","msg":"capability registered/updated","cap_id":"modbus_tcp.write_register","agent_id":"edgex-node-001","category":"device","source":"native-ean","v1_purged":0}
{"level":"info","ts":1785238231.6623802,"logger":"discovery","caller":"ean/discovery.go:555","msg":"capability registered/updated","cap_id":"omron_fins.read_holding_register","agent_id":"edgex-node-001","category":"device","source":"native-ean","v1_purged":0}
{"level":"info","ts":1785238231.6623802,"logger":"discovery","caller":"ean/discovery.go:555","msg":"capability registered/updated","cap_id":"dlt645.write_register","agent_id":"edgex-node-001","category":"device","source":"native-ean","v1_purged":0}
{"level":"info","ts":1785238231.6623802,"logger":"discovery","caller":"ean/discovery.go:555","msg":"capability registered/updated","cap_id":"mitsubishi_slmp.read_holding_register","agent_id":"edgex-node-001","category":"device","source":"native-ean","v1_purged":0}
{"level":"info","ts":1785238231.6623802,"logger":"discovery","caller":"ean/discovery.go:555","msg":"capability registered/updated","cap_id":"iec60870_5_104.write_register","agent_id":"edgex-node-001","category":"device","source":"native-ean","v1_purged":0}
{"level":"info","ts":1785238231.6623802,"logger":"discovery","caller":"ean/discovery.go:555","msg":"capability registered/updated","cap_id":"ethercat.write_register","agent_id":"edgex-node-001","category":"device","source":"native-ean","v1_purged":0}
{"level":"info","ts":1785238231.6623802,"logger":"discovery","caller":"ean/discovery.go:555","msg":"capability registered/updated","cap_id":"modbus_rtu_over_tcp.scan_devices","agent_id":"edgex-node-001","category":"device","source":"native-ean","v1_purged":0}
{"level":"info","ts":1785238231.6623802,"logger":"discovery","caller":"ean/discovery.go:555","msg":"capability registered/updated","cap_id":"s7.list_points","agent_id":"edgex-node-001","category":"device","source":"native-ean","v1_purged":0}
{"level":"info","ts":1785238231.6623802,"logger":"discovery","caller":"ean/discovery.go:555","msg":"capability registered/updated","cap_id":"mitsubishi_slmp.write_register","agent_id":"edgex-node-001","category":"device","source":"native-ean","v1_purged":0}
{"level":"info","ts":1785238231.6623802,"logger":"discovery","caller":"ean/discovery.go:555","msg":"capability registered/updated","cap_id":"profinet_io.write_register","agent_id":"edgex-node-001","category":"device","source":"native-ean","v1_purged":0}
{"level":"info","ts":1785238231.6623802,"logger":"discovery","caller":"ean/discovery.go:555","msg":"capability registered/updated","cap_id":"mitsubishi_slmp.scan_devices","agent_id":"edgex-node-001","category":"device","source":"native-ean","v1_purged":0}
{"level":"info","ts":1785238231.6623802,"logger":"discovery","caller":"ean/discovery.go:555","msg":"capability registered/updated","cap_id":"bacnet_ip.write_register","agent_id":"edgex-node-001","category":"device","source":"native-ean","v1_purged":0}
{"level":"info","ts":1785238231.6623802,"logger":"discovery","caller":"ean/discovery.go:555","msg":"capability registered/updated","cap_id":"s7.write_register","agent_id":"edgex-node-001","category":"device","source":"native-ean","v1_purged":0}
{"level":"info","ts":1785238231.6623802,"logger":"discovery","caller":"ean/discovery.go:555","msg":"capability registered/updated","cap_id":"s7.scan_devices","agent_id":"edgex-node-001","category":"device","source":"native-ean","v1_purged":0}
{"level":"info","ts":1785238231.6623802,"logger":"discovery","caller":"ean/discovery.go:555","msg":"capability registered/updated","cap_id":"opc_ua.write_register","agent_id":"edgex-node-001","category":"device","source":"native-ean","v1_purged":0}
{"level":"info","ts":1785238231.6623802,"logger":"discovery","caller":"ean/discovery.go:555","msg":"capability registered/updated","cap_id":"knxnet_ip.read_holding_register","agent_id":"edgex-node-001","category":"device","source":"native-ean","v1_purged":0}
{"level":"info","ts":1785238231.6623802,"logger":"discovery","caller":"ean/discovery.go:555","msg":"capability registered/updated","cap_id":"ethernet_ip.list_points","agent_id":"edgex-node-001","category":"device","source":"native-ean","v1_purged":0}
{"level":"info","ts":1785238231.6623802,"logger":"discovery","caller":"ean/discovery.go:555","msg":"capability registered/updated","cap_id":"modbus_rtu.scan_devices","agent_id":"edgex-node-001","category":"device","source":"native-ean","v1_purged":0}
{"level":"info","ts":1785238231.6623802,"logger":"discovery","caller":"ean/discovery.go:555","msg":"capability registered/updated","cap_id":"ethernet_ip.read_holding_register","agent_id":"edgex-node-001","category":"device","source":"native-ean","v1_purged":0}
{"level":"info","ts":1785238231.6623802,"logger":"discovery","caller":"ean/discovery.go:555","msg":"capability registered/updated","cap_id":"ethernet_ip.write_register","agent_id":"edgex-node-001","category":"device","source":"native-ean","v1_purged":0}
{"level":"info","ts":1785238231.6623802,"logger":"discovery","caller":"ean/discovery.go:555","msg":"capability registered/updated","cap_id":"knxnet_ip.write_register","agent_id":"edgex-node-001","category":"device","source":"native-ean","v1_purged":0}
{"level":"info","ts":1785238231.6623802,"logger":"discovery","caller":"ean/discovery.go:555","msg":"capability registered/updated","cap_id":"snmp.write_register","agent_id":"edgex-node-001","category":"device","source":"native-ean","v1_purged":0}
{"level":"info","ts":1785238231.6623802,"logger":"discovery","caller":"ean/discovery.go:555","msg":"capability registered/updated","cap_id":"snmp.list_points","agent_id":"edgex-node-001","category":"device","source":"native-ean","v1_purged":0}
{"level":"info","ts":1785238231.6623802,"logger":"discovery","caller":"ean/discovery.go:555","msg":"capability registered/updated","cap_id":"modbus_rtu_over_tcp.write_register","agent_id":"edgex-node-001","category":"device","source":"native-ean","v1_purged":0}
{"level":"info","ts":1785238231.6623802,"logger":"discovery","caller":"ean/discovery.go:555","msg":"capability registered/updated","cap_id":"iec60870_5_104.list_points","agent_id":"edgex-node-001","category":"device","source":"native-ean","v1_purged":0}
{"level":"info","ts":1785238231.6623802,"logger":"discovery","caller":"ean/discovery.go:555","msg":"capability registered/updated","cap_id":"mitsubishi_slmp.list_points","agent_id":"edgex-node-001","category":"device","source":"native-ean","v1_purged":0}
{"level":"info","ts":1785238231.6623802,"logger":"discovery","caller":"ean/discovery.go:555","msg":"capability registered/updated","cap_id":"ai.doc_parse","agent_id":"edgex-node-001","category":"ai","source":"native-ean","v1_purged":0}
{"level":"info","ts":1785238231.6623802,"logger":"discovery","caller":"ean/discovery.go:555","msg":"capability registered/updated","cap_id":"knxnet_ip.scan_devices","agent_id":"edgex-node-001","category":"device","source":"native-ean","v1_purged":0}
{"level":"info","ts":1785238231.6623802,"logger":"discovery","caller":"ean/discovery.go:555","msg":"capability registered/updated","cap_id":"dlt645.list_points","agent_id":"edgex-node-001","category":"device","source":"native-ean","v1_purged":0}
{"level":"info","ts":1785238231.6623802,"logger":"discovery","caller":"ean/discovery.go:555","msg":"capability registered/updated","cap_id":"profinet_io.scan_devices","agent_id":"edgex-node-001","category":"device","source":"native-ean","v1_purged":0}
{"level":"info","ts":1785238231.6623802,"logger":"discovery","caller":"ean/discovery.go:555","msg":"capability registered/updated","cap_id":"modbus_tcp.read_holding_register","agent_id":"edgex-node-001","category":"device","source":"native-ean","v1_purged":0}
{"level":"info","ts":1785238231.6623802,"logger":"discovery","caller":"ean/discovery.go:555","msg":"capability registered/updated","cap_id":"ethercat.list_points","agent_id":"edgex-node-001","category":"device","source":"native-ean","v1_purged":0}
{"level":"info","ts":1785238231.6623802,"logger":"discovery","caller":"ean/discovery.go:555","msg":"capability registered/updated","cap_id":"ai.protocol_reverse","agent_id":"edgex-node-001","category":"ai","source":"native-ean","v1_purged":0}
{"level":"warn","ts":1785238233.6802113,"logger":"heartbeat","caller":"ean/heartbeat.go:151","msg":"heartbeat sequence regression detected","agent_id":"edgex-node-001","old_seq":20,"new_seq":0}
{"level":"info","ts":1785238291.664102,"logger":"discovery","caller":"ean/discovery.go:555","msg":"capability registered/updated","cap_id":"modbus_tcp.write_register","agent_id":"edgex-node-001","category":"device","source":"native-ean","v1_purged":0}
{"level":"info","ts":1785238291.664102,"logger":"discovery","caller":"ean/discovery.go:555","msg":"capability registered/updated","cap_id":"omron_fins.read_holding_register","agent_id":"edgex-node-001","category":"device","source":"native-ean","v1_purged":0}
{"level":"info","ts":1785238291.664102,"logger":"discovery","caller":"ean/discovery.go:555","msg":"capability registered/updated","cap_id":"dlt645.write_register","agent_id":"edgex-node-001","category":"device","source":"native-ean","v1_purged":0}
{"level":"info","ts":1785238291.664102,"logger":"discovery","caller":"ean/discovery.go:555","msg":"capability registered/updated","cap_id":"mitsubishi_slmp.read_holding_register","agent_id":"edgex-node-001","category":"device","source":"native-ean","v1_purged":0}
{"level":"info","ts":1785238291.664102,"logger":"discovery","caller":"ean/discovery.go:555","msg":"capability registered/updated","cap_id":"iec60870_5_104.write_register","agent_id":"edgex-node-001","category":"device","source":"native-ean","v1_purged":0}
{"level":"info","ts":1785238291.664102,"logger":"discovery","caller":"ean/discovery.go:555","msg":"capability registered/updated","cap_id":"ethercat.write_register","agent_id":"edgex-node-001","category":"device","source":"native-ean","v1_purged":0}
{"level":"info","ts":1785238291.664102,"logger":"discovery","caller":"ean/discovery.go:555","msg":"capability registered/updated","cap_id":"modbus_rtu_over_tcp.scan_devices","agent_id":"edgex-node-001","category":"device","source":"native-ean","v1_purged":0}
{"level":"info","ts":1785238291.664102,"logger":"discovery","caller":"ean/discovery.go:555","msg":"capability registered/updated","cap_id":"s7.list_points","agent_id":"edgex-node-001","category":"device","source":"native-ean","v1_purged":0}
{"level":"info","ts":1785238291.664102,"logger":"discovery","caller":"ean/discovery.go:555","msg":"capability registered/updated","cap_id":"mitsubishi_slmp.write_register","agent_id":"edgex-node-001","category":"device","source":"native-ean","v1_purged":0}
{"level":"info","ts":1785238291.664102,"logger":"discovery","caller":"ean/discovery.go:555","msg":"capability registered/updated","cap_id":"profinet_io.write_register","agent_id":"edgex-node-001","category":"device","source":"native-ean","v1_purged":0}
{"level":"info","ts":1785238291.664102,"logger":"discovery","caller":"ean/discovery.go:555","msg":"capability registered/updated","cap_id":"mitsubishi_slmp.scan_devices","agent_id":"edgex-node-001","category":"device","source":"native-ean","v1_purged":0}
{"level":"info","ts":1785238291.664102,"logger":"discovery","caller":"ean/discovery.go:555","msg":"capability registered/updated","cap_id":"bacnet_ip.write_register","agent_id":"edgex-node-001","category":"device","source":"native-ean","v1_purged":0}
{"level":"info","ts":1785238291.664102,"logger":"discovery","caller":"ean/discovery.go:555","msg":"capability registered/updated","cap_id":"s7.write_register","agent_id":"edgex-node-001","category":"device","source":"native-ean","v1_purged":0}
{"level":"info","ts":1785238291.664102,"logger":"discovery","caller":"ean/discovery.go:555","msg":"capability registered/updated","cap_id":"s7.scan_devices","agent_id":"edgex-node-001","category":"device","source":"native-ean","v1_purged":0}
{"level":"info","ts":1785238291.664102,"logger":"discovery","caller":"ean/discovery.go:555","msg":"capability registered/updated","cap_id":"opc_ua.write_register","agent_id":"edgex-node-001","category":"device","source":"native-ean","v1_purged":0}
{"level":"info","ts":1785238291.664102,"logger":"discovery","caller":"ean/discovery.go:555","msg":"capability registered/updated","cap_id":"knxnet_ip.read_holding_register","agent_id":"edgex-node-001","category":"device","source":"native-ean","v1_purged":0}
{"level":"info","ts":1785238291.664102,"logger":"discovery","caller":"ean/discovery.go:555","msg":"capability registered/updated","cap_id":"ethernet_ip.list_points","agent_id":"edgex-node-001","category":"device","source":"native-ean","v1_purged":0}
{"level":"info","ts":1785238291.664102,"logger":"discovery","caller":"ean/discovery.go:555","msg":"capability registered/updated","cap_id":"modbus_rtu.scan_devices","agent_id":"edgex-node-001","category":"device","source":"native-ean","v1_purged":0}
{"level":"info","ts":1785238291.664102,"logger":"discovery","caller":"ean/discovery.go:555","msg":"capability registered/updated","cap_id":"ethernet_ip.read_holding_register","agent_id":"edgex-node-001","category":"device","source":"native-ean","v1_purged":0}
{"level":"info","ts":1785238291.664102,"logger":"discovery","caller":"ean/discovery.go:555","msg":"capability registered/updated","cap_id":"ethernet_ip.write_register","agent_id":"edgex-node-001","category":"device","source":"native-ean","v1_purged":0}
{"level":"info","ts":1785238291.664102,"logger":"discovery","caller":"ean/discovery.go:555","msg":"capability registered/updated","cap_id":"knxnet_ip.write_register","agent_id":"edgex-node-001","category":"device","source":"native-ean","v1_purged":0}
{"level":"info","ts":1785238291.664102,"logger":"discovery","caller":"ean/discovery.go:555","msg":"capability registered/updated","cap_id":"snmp.write_register","agent_id":"edgex-node-001","category":"device","source":"native-ean","v1_purged":0}
{"level":"info","ts":1785238291.664102,"logger":"discovery","caller":"ean/discovery.go:555","msg":"capability registered/updated","cap_id":"snmp.list_points","agent_id":"edgex-node-001","category":"device","source":"native-ean","v1_purged":0}
{"level":"info","ts":1785238291.664102,"logger":"discovery","caller":"ean/discovery.go:555","msg":"capability registered/updated","cap_id":"modbus_rtu_over_tcp.write_register","agent_id":"edgex-node-001","category":"device","source":"native-ean","v1_purged":0}
{"level":"info","ts":1785238291.664102,"logger":"discovery","caller":"ean/discovery.go:555","msg":"capability registered/updated","cap_id":"iec60870_5_104.list_points","agent_id":"edgex-node-001","category":"device","source":"native-ean","v1_purged":0}
{"level":"info","ts":1785238291.664102,"logger":"discovery","caller":"ean/discovery.go:555","msg":"capability registered/updated","cap_id":"mitsubishi_slmp.list_points","agent_id":"edgex-node-001","category":"device","source":"native-ean","v1_purged":0}
{"level":"info","ts":1785238291.664102,"logger":"discovery","caller":"ean/discovery.go:555","msg":"capability registered/updated","cap_id":"ai.doc_parse","agent_id":"edgex-node-001","category":"ai","source":"native-ean","v1_purged":0}
{"level":"info","ts":1785238291.664102,"logger":"discovery","caller":"ean/discovery.go:555","msg":"capability registered/updated","cap_id":"knxnet_ip.scan_devices","agent_id":"edgex-node-001","category":"device","source":"native-ean","v1_purged":0}
{"level":"info","ts":1785238291.664102,"logger":"discovery","caller":"ean/discovery.go:555","msg":"capability registered/updated","cap_id":"dlt645.list_points","agent_id":"edgex-node-001","category":"device","source":"native-ean","v1_purged":0}
{"level":"info","ts":1785238291.664102,"logger":"discovery","caller":"ean/discovery.go:555","msg":"capability registered/updated","cap_id":"profinet_io.scan_devices","agent_id":"edgex-node-001","category":"device","source":"native-ean","v1_purged":0}
{"level":"info","ts":1785238291.664102,"logger":"discovery","caller":"ean/discovery.go:555","msg":"capability registered/updated","cap_id":"modbus_tcp.read_holding_register","agent_id":"edgex-node-001","category":"device","source":"native-ean","v1_purged":0}
{"level":"info","ts":1785238291.664102,"logger":"discovery","caller":"ean/discovery.go:555","msg":"capability registered/updated","cap_id":"ethercat.list_points","agent_id":"edgex-node-001","category":"device","source":"native-ean","v1_purged":0}
{"level":"info","ts":1785238291.664102,"logger":"discovery","caller":"ean/discovery.go:555","msg":"capability registered/updated","cap_id":"ai.protocol_reverse","agent_id":"edgex-node-001","category":"ai","source":"native-ean","v1_purged":0}
{"level":"info","ts":1785238291.664102,"logger":"discovery","caller":"ean/discovery.go:555","msg":"capability registered/updated","cap_id":"modbus_rtu.write_register","agent_id":"edgex-node-001","category":"device","source":"native-ean","v1_purged":0}
{"level":"info","ts":1785238291.664102,"logger":"discovery","caller":"ean/discovery.go:555","msg":"capability registered/updated","cap_id":"modbus_rtu.list_points","agent_id":"edgex-node-001","category":"device","source":"native-ean","v1_purged":0}
{"level":"info","ts":1785238291.664102,"logger":"discovery","caller":"ean/discovery.go:555","msg":"capability registered/updated","cap_id":"bacnet_ip.scan_devices","agent_id":"edgex-node-001","category":"device","source":"native-ean","v1_purged":0}
{"level":"info","ts":1785238291.664102,"logger":"discovery","caller":"ean/discovery.go:555","msg":"capability registered/updated","cap_id":"opc_ua.read_holding_register","agent_id":"edgex-node-001","category":"device","source":"native-ean","v1_purged":0}
{"level":"info","ts":1785238291.664102,"logger":"discovery","caller":"ean/discovery.go:555","msg":"capability registered/updated","cap_id":"snmp.read_holding_register","agent_id":"edgex-node-001","category":"device","source":"native-ean","v1_purged":0}
{"level":"info","ts":1785238291.664102,"logger":"discovery","caller":"ean/discovery.go:555","msg":"capability registered/updated","cap_id":"profinet_io.read_holding_register","agent_id":"edgex-node-001","category":"device","source":"native-ean","v1_purged":0}
{"level":"info","ts":1785238291.664102,"logger":"discovery","caller":"ean/discovery.go:555","msg":"capability registered/updated","cap_id":"bacnet_ip.read_holding_register","agent_id":"edgex-node-001","category":"device","source":"native-ean","v1_purged":0}
{"level":"info","ts":1785238291.664102,"logger":"discovery","caller":"ean/discovery.go:555","msg":"capability registered/updated","cap_id":"omron_fins.scan_devices","agent_id":"edgex-node-001","category":"device","source":"native-ean","v1_purged":0}
{"level":"info","ts":1785238291.6646173,"logger":"discovery","caller":"ean/discovery.go:555","msg":"capability registered/updated","cap_id":"snmp.scan_devices","agent_id":"edgex-node-001","category":"device","source":"native-ean","v1_purged":0}
{"level":"info","ts":1785238291.6646173,"logger":"discovery","caller":"ean/discovery.go:555","msg":"capability registered/updated","cap_id":"system.diagnostics","agent_id":"edgex-node-001","category":"system","source":"native-ean","v1_purged":0}
{"level":"info","ts":1785238291.6646173,"logger":"discovery","caller":"ean/discovery.go:555","msg":"capability registered/updated","cap_id":"modbus_tcp.scan_devices","agent_id":"edgex-node-001","category":"device","source":"native-ean","v1_purged":0}
{"level":"info","ts":1785238291.6646173,"logger":"discovery","caller":"ean/discovery.go:555","msg":"capability registered/updated","cap_id":"bacnet_ip.list_points","agent_id":"edgex-node-001","category":"device","source":"native-ean","v1_purged":0}
{"level":"info","ts":1785238291.6646173,"logger":"discovery","caller":"ean/discovery.go:555","msg":"capability registered/updated","cap_id":"iec60870_5_104.read_holding_register","agent_id":"edgex-node-001","category":"device","source":"native-ean","v1_purged":0}
{"level":"info","ts":1785238291.6646173,"logger":"discovery","caller":"ean/discovery.go:555","msg":"capability registered/updated","cap_id":"iec60870_5_104.scan_devices","agent_id":"edgex-node-001","category":"device","source":"native-ean","v1_purged":0}
{"level":"info","ts":1785238291.6646173,"logger":"discovery","caller":"ean/discovery.go:555","msg":"capability registered/updated","cap_id":"ethercat.scan_devices","agent_id":"edgex-node-001","category":"device","source":"native-ean","v1_purged":0}
{"level":"info","ts":1785238291.6646173,"logger":"discovery","caller":"ean/discovery.go:555","msg":"capability registered/updated","cap_id":"dlt645.scan_devices","agent_id":"edgex-node-001","category":"device","source":"native-ean","v1_purged":0}
{"level":"info","ts":1785238291.6646173,"logger":"discovery","caller":"ean/discovery.go:555","msg":"capability registered/updated","cap_id":"modbus_rtu.read_holding_register","agent_id":"edgex-node-001","category":"device","source":"native-ean","v1_purged":0}
{"level":"info","ts":1785238291.6646173,"logger":"discovery","caller":"ean/discovery.go:555","msg":"capability registered/updated","cap_id":"modbus_rtu_over_tcp.list_points","agent_id":"edgex-node-001","category":"device","source":"native-ean","v1_purged":0}
{"level":"info","ts":1785238291.6646173,"logger":"discovery","caller":"ean/discovery.go:555","msg":"capability registered/updated","cap_id":"opc_ua.scan_devices","agent_id":"edgex-node-001","category":"device","source":"native-ean","v1_purged":0}
{"level":"info","ts":1785238291.6646173,"logger":"discovery","caller":"ean/discovery.go:555","msg":"capability registered/updated","cap_id":"opc_ua.list_points","agent_id":"edgex-node-001","category":"device","source":"native-ean","v1_purged":0}
{"level":"info","ts":1785238291.6646173,"logger":"discovery","caller":"ean/discovery.go:555","msg":"capability registered/updated","cap_id":"s7.read_holding_register","agent_id":"edgex-node-001","category":"device","source":"native-ean","v1_purged":0}
{"level":"info","ts":1785238291.6646173,"logger":"discovery","caller":"ean/discovery.go:555","msg":"capability registered/updated","cap_id":"omron_fins.list_points","agent_id":"edgex-node-001","category":"device","source":"native-ean","v1_purged":0}
{"level":"info","ts":1785238291.6646173,"logger":"discovery","caller":"ean/discovery.go:555","msg":"capability registered/updated","cap_id":"dlt645.read_holding_register","agent_id":"edgex-node-001","category":"device","source":"native-ean","v1_purged":0}
{"level":"info","ts":1785238291.6646173,"logger":"discovery","caller":"ean/discovery.go:555","msg":"capability registered/updated","cap_id":"profinet_io.list_points","agent_id":"edgex-node-001","category":"device","source":"native-ean","v1_purged":0}
{"level":"info","ts":1785238291.6646173,"logger":"discovery","caller":"ean/discovery.go:555","msg":"capability registered/updated","cap_id":"ethercat.read_holding_register","agent_id":"edgex-node-001","category":"device","source":"native-ean","v1_purged":0}
{"level":"info","ts":1785238291.6646173,"logger":"discovery","caller":"ean/discovery.go:555","msg":"capability registered/updated","cap_id":"modbus_tcp.list_points","agent_id":"edgex-node-001","category":"device","source":"native-ean","v1_purged":0}
{"level":"info","ts":1785238291.6646173,"logger":"discovery","caller":"ean/discovery.go:555","msg":"capability registered/updated","cap_id":"ethernet_ip.scan_devices","agent_id":"edgex-node-001","category":"device","source":"native-ean","v1_purged":0}
{"level":"info","ts":1785238291.6646173,"logger":"discovery","caller":"ean/discovery.go:555","msg":"capability registered/updated","cap_id":"omron_fins.write_register","agent_id":"edgex-node-001","category":"device","source":"native-ean","v1_purged":0}
{"level":"info","ts":1785238291.6646173,"logger":"discovery","caller":"ean/discovery.go:555","msg":"capability registered/updated","cap_id":"modbus_rtu_over_tcp.read_holding_register","agent_id":"edgex-node-001","category":"device","source":"native-ean","v1_purged":0}
{"level":"info","ts":1785238291.6646173,"logger":"discovery","caller":"ean/discovery.go:555","msg":"capability registered/updated","cap_id":"knxnet_ip.list_points","agent_id":"edgex-node-001","category":"device","source":"native-ean","v1_purged":0}
{"level":"warn","ts":1785238293.6807926,"logger":"heartbeat","caller":"ean/heartbeat.go:151","msg":"heartbeat sequence regression detected","agent_id":"edgex-node-001","old_seq":21,"new_seq":0}
{"level":"info","ts":1785238351.6641257,"logger":"discovery","caller":"ean/discovery.go:555","msg":"capability registered/updated","cap_id":"dlt645.scan_devices","agent_id":"edgex-node-001","category":"device","source":"native-ean","v1_purged":0}
{"level":"info","ts":1785238351.6641257,"logger":"discovery","caller":"ean/discovery.go:555","msg":"capability registered/updated","cap_id":"modbus_rtu.read_holding_register","agent_id":"edgex-node-001","category":"device","source":"native-ean","v1_purged":0}
{"level":"info","ts":1785238351.6641257,"logger":"discovery","caller":"ean/discovery.go:555","msg":"capability registered/updated","cap_id":"modbus_rtu_over_tcp.list_points","agent_id":"edgex-node-001","category":"device","source":"native-ean","v1_purged":0}
{"level":"info","ts":1785238351.6641257,"logger":"discovery","caller":"ean/discovery.go:555","msg":"capability registered/updated","cap_id":"opc_ua.scan_devices","agent_id":"edgex-node-001","category":"device","source":"native-ean","v1_purged":0}
{"level":"info","ts":1785238351.6646812,"logger":"discovery","caller":"ean/discovery.go:555","msg":"capability registered/updated","cap_id":"opc_ua.list_points","agent_id":"edgex-node-001","category":"device","source":"native-ean","v1_purged":0}
{"level":"info","ts":1785238351.6646812,"logger":"discovery","caller":"ean/discovery.go:555","msg":"capability registered/updated","cap_id":"s7.read_holding_register","agent_id":"edgex-node-001","category":"device","source":"native-ean","v1_purged":0}
{"level":"info","ts":1785238351.6646812,"logger":"discovery","caller":"ean/discovery.go:555","msg":"capability registered/updated","cap_id":"omron_fins.list_points","agent_id":"edgex-node-001","category":"device","source":"native-ean","v1_purged":0}
{"level":"info","ts":1785238351.6646812,"logger":"discovery","caller":"ean/discovery.go:555","msg":"capability registered/updated","cap_id":"dlt645.read_holding_register","agent_id":"edgex-node-001","category":"device","source":"native-ean","v1_purged":0}
{"level":"info","ts":1785238351.6646812,"logger":"discovery","caller":"ean/discovery.go:555","msg":"capability registered/updated","cap_id":"profinet_io.list_points","agent_id":"edgex-node-001","category":"device","source":"native-ean","v1_purged":0}
{"level":"info","ts":1785238351.6646812,"logger":"discovery","caller":"ean/discovery.go:555","msg":"capability registered/updated","cap_id":"ethercat.read_holding_register","agent_id":"edgex-node-001","category":"device","source":"native-ean","v1_purged":0}
{"level":"info","ts":1785238351.6646812,"logger":"discovery","caller":"ean/discovery.go:555","msg":"capability registered/updated","cap_id":"modbus_tcp.list_points","agent_id":"edgex-node-001","category":"device","source":"native-ean","v1_purged":0}
{"level":"info","ts":1785238351.6646812,"logger":"discovery","caller":"ean/discovery.go:555","msg":"capability registered/updated","cap_id":"ethernet_ip.scan_devices","agent_id":"edgex-node-001","category":"device","source":"native-ean","v1_purged":0}
{"level":"info","ts":1785238351.6646812,"logger":"discovery","caller":"ean/discovery.go:555","msg":"capability registered/updated","cap_id":"omron_fins.write_register","agent_id":"edgex-node-001","category":"device","source":"native-ean","v1_purged":0}
{"level":"info","ts":1785238351.6646812,"logger":"discovery","caller":"ean/discovery.go:555","msg":"capability registered/updated","cap_id":"modbus_rtu_over_tcp.read_holding_register","agent_id":"edgex-node-001","category":"device","source":"native-ean","v1_purged":0}
{"level":"info","ts":1785238351.6646812,"logger":"discovery","caller":"ean/discovery.go:555","msg":"capability registered/updated","cap_id":"knxnet_ip.list_points","agent_id":"edgex-node-001","category":"device","source":"native-ean","v1_purged":0}
{"level":"info","ts":1785238351.6646812,"logger":"discovery","caller":"ean/discovery.go:555","msg":"capability registered/updated","cap_id":"modbus_tcp.write_register","agent_id":"edgex-node-001","category":"device","source":"native-ean","v1_purged":0}
{"level":"info","ts":1785238351.6646812,"logger":"discovery","caller":"ean/discovery.go:555","msg":"capability registered/updated","cap_id":"omron_fins.read_holding_register","agent_id":"edgex-node-001","category":"device","source":"native-ean","v1_purged":0}
{"level":"info","ts":1785238351.6646812,"logger":"discovery","caller":"ean/discovery.go:555","msg":"capability registered/updated","cap_id":"dlt645.write_register","agent_id":"edgex-node-001","category":"device","source":"native-ean","v1_purged":0}
{"level":"info","ts":1785238351.6646812,"logger":"discovery","caller":"ean/discovery.go:555","msg":"capability registered/updated","cap_id":"mitsubishi_slmp.read_holding_register","agent_id":"edgex-node-001","category":"device","source":"native-ean","v1_purged":0}
{"level":"info","ts":1785238351.6646812,"logger":"discovery","caller":"ean/discovery.go:555","msg":"capability registered/updated","cap_id":"iec60870_5_104.write_register","agent_id":"edgex-node-001","category":"device","source":"native-ean","v1_purged":0}
{"level":"info","ts":1785238351.6646812,"logger":"discovery","caller":"ean/discovery.go:555","msg":"capability registered/updated","cap_id":"ethercat.write_register","agent_id":"edgex-node-001","category":"device","source":"native-ean","v1_purged":0}
{"level":"info","ts":1785238351.6646812,"logger":"discovery","caller":"ean/discovery.go:555","msg":"capability registered/updated","cap_id":"modbus_rtu_over_tcp.scan_devices","agent_id":"edgex-node-001","category":"device","source":"native-ean","v1_purged":0}
{"level":"info","ts":1785238351.6646812,"logger":"discovery","caller":"ean/discovery.go:555","msg":"capability registered/updated","cap_id":"s7.list_points","agent_id":"edgex-node-001","category":"device","source":"native-ean","v1_purged":0}
{"level":"info","ts":1785238351.6646812,"logger":"discovery","caller":"ean/discovery.go:555","msg":"capability registered/updated","cap_id":"mitsubishi_slmp.write_register","agent_id":"edgex-node-001","category":"device","source":"native-ean","v1_purged":0}
{"level":"info","ts":1785238351.6646812,"logger":"discovery","caller":"ean/discovery.go:555","msg":"capability registered/updated","cap_id":"profinet_io.write_register","agent_id":"edgex-node-001","category":"device","source":"native-ean","v1_purged":0}
{"level":"info","ts":1785238351.6646812,"logger":"discovery","caller":"ean/discovery.go:555","msg":"capability registered/updated","cap_id":"mitsubishi_slmp.scan_devices","agent_id":"edgex-node-001","category":"device","source":"native-ean","v1_purged":0}
{"level":"info","ts":1785238351.6646812,"logger":"discovery","caller":"ean/discovery.go:555","msg":"capability registered/updated","cap_id":"bacnet_ip.write_register","agent_id":"edgex-node-001","category":"device","source":"native-ean","v1_purged":0}
{"level":"info","ts":1785238351.6646812,"logger":"discovery","caller":"ean/discovery.go:555","msg":"capability registered/updated","cap_id":"s7.write_register","agent_id":"edgex-node-001","category":"device","source":"native-ean","v1_purged":0}
{"level":"info","ts":1785238351.6646812,"logger":"discovery","caller":"ean/discovery.go:555","msg":"capability registered/updated","cap_id":"s7.scan_devices","agent_id":"edgex-node-001","category":"device","source":"native-ean","v1_purged":0}
{"level":"info","ts":1785238351.6646812,"logger":"discovery","caller":"ean/discovery.go:555","msg":"capability registered/updated","cap_id":"opc_ua.write_register","agent_id":"edgex-node-001","category":"device","source":"native-ean","v1_purged":0}
{"level":"info","ts":1785238351.6646812,"logger":"discovery","caller":"ean/discovery.go:555","msg":"capability registered/updated","cap_id":"knxnet_ip.read_holding_register","agent_id":"edgex-node-001","category":"device","source":"native-ean","v1_purged":0}
{"level":"info","ts":1785238351.6646812,"logger":"discovery","caller":"ean/discovery.go:555","msg":"capability registered/updated","cap_id":"ethernet_ip.list_points","agent_id":"edgex-node-001","category":"device","source":"native-ean","v1_purged":0}
{"level":"info","ts":1785238351.6646812,"logger":"discovery","caller":"ean/discovery.go:555","msg":"capability registered/updated","cap_id":"modbus_rtu.scan_devices","agent_id":"edgex-node-001","category":"device","source":"native-ean","v1_purged":0}
{"level":"info","ts":1785238351.6646812,"logger":"discovery","caller":"ean/discovery.go:555","msg":"capability registered/updated","cap_id":"ethernet_ip.read_holding_register","agent_id":"edgex-node-001","category":"device","source":"native-ean","v1_purged":0}
{"level":"info","ts":1785238351.6646812,"logger":"discovery","caller":"ean/discovery.go:555","msg":"capability registered/updated","cap_id":"ethernet_ip.write_register","agent_id":"edgex-node-001","category":"device","source":"native-ean","v1_purged":0}
{"level":"info","ts":1785238351.6646812,"logger":"discovery","caller":"ean/discovery.go:555","msg":"capability registered/updated","cap_id":"knxnet_ip.write_register","agent_id":"edgex-node-001","category":"device","source":"native-ean","v1_purged":0}
{"level":"info","ts":1785238351.6646812,"logger":"discovery","caller":"ean/discovery.go:555","msg":"capability registered/updated","cap_id":"snmp.write_register","agent_id":"edgex-node-001","category":"device","source":"native-ean","v1_purged":0}
{"level":"info","ts":1785238351.6646812,"logger":"discovery","caller":"ean/discovery.go:555","msg":"capability registered/updated","cap_id":"snmp.list_points","agent_id":"edgex-node-001","category":"device","source":"native-ean","v1_purged":0}
{"level":"info","ts":1785238351.6646812,"logger":"discovery","caller":"ean/discovery.go:555","msg":"capability registered/updated","cap_id":"modbus_rtu_over_tcp.write_register","agent_id":"edgex-node-001","category":"device","source":"native-ean","v1_purged":0}
{"level":"info","ts":1785238351.6646812,"logger":"discovery","caller":"ean/discovery.go:555","msg":"capability registered/updated","cap_id":"iec60870_5_104.list_points","agent_id":"edgex-node-001","category":"device","source":"native-ean","v1_purged":0}
{"level":"info","ts":1785238351.6646812,"logger":"discovery","caller":"ean/discovery.go:555","msg":"capability registered/updated","cap_id":"mitsubishi_slmp.list_points","agent_id":"edgex-node-001","category":"device","source":"native-ean","v1_purged":0}
{"level":"info","ts":1785238351.6646812,"logger":"discovery","caller":"ean/discovery.go:555","msg":"capability registered/updated","cap_id":"ai.doc_parse","agent_id":"edgex-node-001","category":"ai","source":"native-ean","v1_purged":0}
{"level":"info","ts":1785238351.6646812,"logger":"discovery","caller":"ean/discovery.go:555","msg":"capability registered/updated","cap_id":"knxnet_ip.scan_devices","agent_id":"edgex-node-001","category":"device","source":"native-ean","v1_purged":0}
{"level":"info","ts":1785238351.6646812,"logger":"discovery","caller":"ean/discovery.go:555","msg":"capability registered/updated","cap_id":"dlt645.list_points","agent_id":"edgex-node-001","category":"device","source":"native-ean","v1_purged":0}
{"level":"info","ts":1785238351.6646812,"logger":"discovery","caller":"ean/discovery.go:555","msg":"capability registered/updated","cap_id":"profinet_io.scan_devices","agent_id":"edgex-node-001","category":"device","source":"native-ean","v1_purged":0}
{"level":"info","ts":1785238351.6646812,"logger":"discovery","caller":"ean/discovery.go:555","msg":"capability registered/updated","cap_id":"modbus_tcp.read_holding_register","agent_id":"edgex-node-001","category":"device","source":"native-ean","v1_purged":0}
{"level":"info","ts":1785238351.6646812,"logger":"discovery","caller":"ean/discovery.go:555","msg":"capability registered/updated","cap_id":"ethercat.list_points","agent_id":"edgex-node-001","category":"device","source":"native-ean","v1_purged":0}
{"level":"info","ts":1785238351.6646812,"logger":"discovery","caller":"ean/discovery.go:555","msg":"capability registered/updated","cap_id":"ai.protocol_reverse","agent_id":"edgex-node-001","category":"ai","source":"native-ean","v1_purged":0}
{"level":"info","ts":1785238351.6646812,"logger":"discovery","caller":"ean/discovery.go:555","msg":"capability registered/updated","cap_id":"modbus_rtu.write_register","agent_id":"edgex-node-001","category":"device","source":"native-ean","v1_purged":0}
{"level":"info","ts":1785238351.6646812,"logger":"discovery","caller":"ean/discovery.go:555","msg":"capability registered/updated","cap_id":"modbus_rtu.list_points","agent_id":"edgex-node-001","category":"device","source":"native-ean","v1_purged":0}
{"level":"info","ts":1785238351.6646812,"logger":"discovery","caller":"ean/discovery.go:555","msg":"capability registered/updated","cap_id":"bacnet_ip.scan_devices","agent_id":"edgex-node-001","category":"device","source":"native-ean","v1_purged":0}
{"level":"info","ts":1785238351.6646812,"logger":"discovery","caller":"ean/discovery.go:555","msg":"capability registered/updated","cap_id":"opc_ua.read_holding_register","agent_id":"edgex-node-001","category":"device","source":"native-ean","v1_purged":0}
{"level":"info","ts":1785238351.6646812,"logger":"discovery","caller":"ean/discovery.go:555","msg":"capability registered/updated","cap_id":"snmp.read_holding_register","agent_id":"edgex-node-001","category":"device","source":"native-ean","v1_purged":0}
{"level":"info","ts":1785238351.6646812,"logger":"discovery","caller":"ean/discovery.go:555","msg":"capability registered/updated","cap_id":"profinet_io.read_holding_register","agent_id":"edgex-node-001","category":"device","source":"native-ean","v1_purged":0}
{"level":"info","ts":1785238351.6646812,"logger":"discovery","caller":"ean/discovery.go:555","msg":"capability registered/updated","cap_id":"bacnet_ip.read_holding_register","agent_id":"edgex-node-001","category":"device","source":"native-ean","v1_purged":0}
{"level":"info","ts":1785238351.6646812,"logger":"discovery","caller":"ean/discovery.go:555","msg":"capability registered/updated","cap_id":"omron_fins.scan_devices","agent_id":"edgex-node-001","category":"device","source":"native-ean","v1_purged":0}
{"level":"info","ts":1785238351.6646812,"logger":"discovery","caller":"ean/discovery.go:555","msg":"capability registered/updated","cap_id":"snmp.scan_devices","agent_id":"edgex-node-001","category":"device","source":"native-ean","v1_purged":0}
{"level":"info","ts":1785238351.6646812,"logger":"discovery","caller":"ean/discovery.go:555","msg":"capability registered/updated","cap_id":"system.diagnostics","agent_id":"edgex-node-001","category":"system","source":"native-ean","v1_purged":0}
{"level":"info","ts":1785238351.6646812,"logger":"discovery","caller":"ean/discovery.go:555","msg":"capability registered/updated","cap_id":"modbus_tcp.scan_devices","agent_id":"edgex-node-001","category":"device","source":"native-ean","v1_purged":0}
{"level":"info","ts":1785238351.6646812,"logger":"discovery","caller":"ean/discovery.go:555","msg":"capability registered/updated","cap_id":"bacnet_ip.list_points","agent_id":"edgex-node-001","category":"device","source":"native-ean","v1_purged":0}
{"level":"info","ts":1785238351.6646812,"logger":"discovery","caller":"ean/discovery.go:555","msg":"capability registered/updated","cap_id":"iec60870_5_104.read_holding_register","agent_id":"edgex-node-001","category":"device","source":"native-ean","v1_purged":0}
{"level":"info","ts":1785238351.6646812,"logger":"discovery","caller":"ean/discovery.go:555","msg":"capability registered/updated","cap_id":"iec60870_5_104.scan_devices","agent_id":"edgex-node-001","category":"device","source":"native-ean","v1_purged":0}
{"level":"info","ts":1785238351.6646812,"logger":"discovery","caller":"ean/discovery.go:555","msg":"capability registered/updated","cap_id":"ethercat.scan_devices","agent_id":"edgex-node-001","category":"device","source":"native-ean","v1_purged":0}
{"level":"warn","ts":1785238353.6798933,"logger":"heartbeat","caller":"ean/heartbeat.go:151","msg":"heartbeat sequence regression detected","agent_id":"edgex-node-001","old_seq":22,"new_seq":0}
{"level":"info","ts":1785238360.675964,"logger":"ean-bus","caller":"ean/bus.go:601","msg":"主动发现查询已发布","topic":"$edgeos/discovery/query"}
{"level":"info","ts":1785238360.6910102,"logger":"discovery","caller":"ean/discovery.go:216","msg":"agent updated via discovery response","agent_id":"edgex-node-001","kind":"device","source":"native-ean"}
{"level":"info","ts":1785238360.6910102,"logger":"heartbeat","caller":"ean/heartbeat.go:283","msg":"heartbeat interval updated","agent_id":"edgex-node-001","interval_sec":60}
{"level":"info","ts":1785238360.6910102,"logger":"discovery","caller":"ean/discovery.go:555","msg":"capability registered/updated","cap_id":"modbus_tcp.scan_devices","agent_id":"edgex-node-001","category":"device","source":"native-ean","v1_purged":0}
{"level":"info","ts":1785238360.6910102,"logger":"discovery","caller":"ean/discovery.go:555","msg":"capability registered/updated","cap_id":"bacnet_ip.list_points","agent_id":"edgex-node-001","category":"device","source":"native-ean","v1_purged":0}
{"level":"info","ts":1785238360.6910102,"logger":"discovery","caller":"ean/discovery.go:555","msg":"capability registered/updated","cap_id":"iec60870_5_104.read_holding_register","agent_id":"edgex-node-001","category":"device","source":"native-ean","v1_purged":0}
{"level":"info","ts":1785238360.6910102,"logger":"discovery","caller":"ean/discovery.go:555","msg":"capability registered/updated","cap_id":"iec60870_5_104.scan_devices","agent_id":"edgex-node-001","category":"device","source":"native-ean","v1_purged":0}
{"level":"info","ts":1785238360.6910102,"logger":"discovery","caller":"ean/discovery.go:555","msg":"capability registered/updated","cap_id":"ethercat.scan_devices","agent_id":"edgex-node-001","category":"device","source":"native-ean","v1_purged":0}
{"level":"info","ts":1785238360.6910102,"logger":"discovery","caller":"ean/discovery.go:555","msg":"capability registered/updated","cap_id":"dlt645.scan_devices","agent_id":"edgex-node-001","category":"device","source":"native-ean","v1_purged":0}
{"level":"info","ts":1785238360.6910102,"logger":"discovery","caller":"ean/discovery.go:555","msg":"capability registered/updated","cap_id":"modbus_rtu.read_holding_register","agent_id":"edgex-node-001","category":"device","source":"native-ean","v1_purged":0}
{"level":"info","ts":1785238360.6910102,"logger":"discovery","caller":"ean/discovery.go:555","msg":"capability registered/updated","cap_id":"modbus_rtu_over_tcp.list_points","agent_id":"edgex-node-001","category":"device","source":"native-ean","v1_purged":0}
{"level":"info","ts":1785238360.6910102,"logger":"discovery","caller":"ean/discovery.go:555","msg":"capability registered/updated","cap_id":"opc_ua.scan_devices","agent_id":"edgex-node-001","category":"device","source":"native-ean","v1_purged":0}
{"level":"info","ts":1785238360.6910102,"logger":"discovery","caller":"ean/discovery.go:555","msg":"capability registered/updated","cap_id":"opc_ua.list_points","agent_id":"edgex-node-001","category":"device","source":"native-ean","v1_purged":0}
{"level":"info","ts":1785238360.6915324,"logger":"discovery","caller":"ean/discovery.go:555","msg":"capability registered/updated","cap_id":"s7.read_holding_register","agent_id":"edgex-node-001","category":"device","source":"native-ean","v1_purged":0}
{"level":"info","ts":1785238360.6915324,"logger":"discovery","caller":"ean/discovery.go:555","msg":"capability registered/updated","cap_id":"omron_fins.list_points","agent_id":"edgex-node-001","category":"device","source":"native-ean","v1_purged":0}
{"level":"info","ts":1785238360.6915324,"logger":"discovery","caller":"ean/discovery.go:555","msg":"capability registered/updated","cap_id":"dlt645.read_holding_register","agent_id":"edgex-node-001","category":"device","source":"native-ean","v1_purged":0}
{"level":"info","ts":1785238360.6915324,"logger":"discovery","caller":"ean/discovery.go:555","msg":"capability registered/updated","cap_id":"profinet_io.list_points","agent_id":"edgex-node-001","category":"device","source":"native-ean","v1_purged":0}
{"level":"info","ts":1785238360.6915324,"logger":"discovery","caller":"ean/discovery.go:555","msg":"capability registered/updated","cap_id":"ethercat.read_holding_register","agent_id":"edgex-node-001","category":"device","source":"native-ean","v1_purged":0}
{"level":"info","ts":1785238360.6915324,"logger":"discovery","caller":"ean/discovery.go:555","msg":"capability registered/updated","cap_id":"modbus_tcp.list_points","agent_id":"edgex-node-001","category":"device","source":"native-ean","v1_purged":0}
{"level":"info","ts":1785238360.6915324,"logger":"discovery","caller":"ean/discovery.go:555","msg":"capability registered/updated","cap_id":"ethernet_ip.scan_devices","agent_id":"edgex-node-001","category":"device","source":"native-ean","v1_purged":0}
{"level":"info","ts":1785238360.6915324,"logger":"discovery","caller":"ean/discovery.go:555","msg":"capability registered/updated","cap_id":"omron_fins.write_register","agent_id":"edgex-node-001","category":"device","source":"native-ean","v1_purged":0}
{"level":"info","ts":1785238360.6915324,"logger":"discovery","caller":"ean/discovery.go:555","msg":"capability registered/updated","cap_id":"modbus_rtu_over_tcp.read_holding_register","agent_id":"edgex-node-001","category":"device","source":"native-ean","v1_purged":0}
{"level":"info","ts":1785238360.6915324,"logger":"discovery","caller":"ean/discovery.go:555","msg":"capability registered/updated","cap_id":"knxnet_ip.list_points","agent_id":"edgex-node-001","category":"device","source":"native-ean","v1_purged":0}
{"level":"info","ts":1785238360.6915324,"logger":"discovery","caller":"ean/discovery.go:555","msg":"capability registered/updated","cap_id":"modbus_tcp.write_register","agent_id":"edgex-node-001","category":"device","source":"native-ean","v1_purged":0}
{"level":"info","ts":1785238360.6915324,"logger":"discovery","caller":"ean/discovery.go:555","msg":"capability registered/updated","cap_id":"omron_fins.read_holding_register","agent_id":"edgex-node-001","category":"device","source":"native-ean","v1_purged":0}
{"level":"info","ts":1785238360.6915324,"logger":"discovery","caller":"ean/discovery.go:555","msg":"capability registered/updated","cap_id":"dlt645.write_register","agent_id":"edgex-node-001","category":"device","source":"native-ean","v1_purged":0}
{"level":"info","ts":1785238360.6915324,"logger":"discovery","caller":"ean/discovery.go:555","msg":"capability registered/updated","cap_id":"mitsubishi_slmp.read_holding_register","agent_id":"edgex-node-001","category":"device","source":"native-ean","v1_purged":0}
{"level":"info","ts":1785238360.6915324,"logger":"discovery","caller":"ean/discovery.go:555","msg":"capability registered/updated","cap_id":"iec60870_5_104.write_register","agent_id":"edgex-node-001","category":"device","source":"native-ean","v1_purged":0}
{"level":"info","ts":1785238360.6915324,"logger":"discovery","caller":"ean/discovery.go:555","msg":"capability registered/updated","cap_id":"ethercat.write_register","agent_id":"edgex-node-001","category":"device","source":"native-ean","v1_purged":0}
{"level":"info","ts":1785238360.6915324,"logger":"discovery","caller":"ean/discovery.go:555","msg":"capability registered/updated","cap_id":"modbus_rtu_over_tcp.scan_devices","agent_id":"edgex-node-001","category":"device","source":"native-ean","v1_purged":0}
{"level":"info","ts":1785238360.6915324,"logger":"discovery","caller":"ean/discovery.go:555","msg":"capability registered/updated","cap_id":"s7.list_points","agent_id":"edgex-node-001","category":"device","source":"native-ean","v1_purged":0}
{"level":"info","ts":1785238360.6915324,"logger":"discovery","caller":"ean/discovery.go:555","msg":"capability registered/updated","cap_id":"mitsubishi_slmp.write_register","agent_id":"edgex-node-001","category":"device","source":"native-ean","v1_purged":0}
{"level":"info","ts":1785238360.6915324,"logger":"discovery","caller":"ean/discovery.go:555","msg":"capability registered/updated","cap_id":"profinet_io.write_register","agent_id":"edgex-node-001","category":"device","source":"native-ean","v1_purged":0}
{"level":"info","ts":1785238360.6915324,"logger":"discovery","caller":"ean/discovery.go:555","msg":"capability registered/updated","cap_id":"mitsubishi_slmp.scan_devices","agent_id":"edgex-node-001","category":"device","source":"native-ean","v1_purged":0}
{"level":"info","ts":1785238360.6915324,"logger":"discovery","caller":"ean/discovery.go:555","msg":"capability registered/updated","cap_id":"bacnet_ip.write_register","agent_id":"edgex-node-001","category":"device","source":"native-ean","v1_purged":0}
{"level":"info","ts":1785238360.6915324,"logger":"discovery","caller":"ean/discovery.go:555","msg":"capability registered/updated","cap_id":"s7.write_register","agent_id":"edgex-node-001","category":"device","source":"native-ean","v1_purged":0}
{"level":"info","ts":1785238360.6915324,"logger":"discovery","caller":"ean/discovery.go:555","msg":"capability registered/updated","cap_id":"s7.scan_devices","agent_id":"edgex-node-001","category":"device","source":"native-ean","v1_purged":0}
{"level":"info","ts":1785238360.6915324,"logger":"discovery","caller":"ean/discovery.go:555","msg":"capability registered/updated","cap_id":"opc_ua.write_register","agent_id":"edgex-node-001","category":"device","source":"native-ean","v1_purged":0}
{"level":"info","ts":1785238360.6915324,"logger":"discovery","caller":"ean/discovery.go:555","msg":"capability registered/updated","cap_id":"knxnet_ip.read_holding_register","agent_id":"edgex-node-001","category":"device","source":"native-ean","v1_purged":0}
{"level":"info","ts":1785238360.6915324,"logger":"discovery","caller":"ean/discovery.go:555","msg":"capability registered/updated","cap_id":"ethernet_ip.list_points","agent_id":"edgex-node-001","category":"device","source":"native-ean","v1_purged":0}
{"level":"info","ts":1785238360.692097,"logger":"discovery","caller":"ean/discovery.go:555","msg":"capability registered/updated","cap_id":"modbus_rtu.scan_devices","agent_id":"edgex-node-001","category":"device","source":"native-ean","v1_purged":0}
{"level":"info","ts":1785238360.692097,"logger":"discovery","caller":"ean/discovery.go:555","msg":"capability registered/updated","cap_id":"ethernet_ip.read_holding_register","agent_id":"edgex-node-001","category":"device","source":"native-ean","v1_purged":0}
{"level":"info","ts":1785238360.692097,"logger":"discovery","caller":"ean/discovery.go:555","msg":"capability registered/updated","cap_id":"ethernet_ip.write_register","agent_id":"edgex-node-001","category":"device","source":"native-ean","v1_purged":0}
{"level":"info","ts":1785238360.692097,"logger":"discovery","caller":"ean/discovery.go:555","msg":"capability registered/updated","cap_id":"knxnet_ip.write_register","agent_id":"edgex-node-001","category":"device","source":"native-ean","v1_purged":0}
{"level":"info","ts":1785238360.692097,"logger":"discovery","caller":"ean/discovery.go:555","msg":"capability registered/updated","cap_id":"snmp.write_register","agent_id":"edgex-node-001","category":"device","source":"native-ean","v1_purged":0}
{"level":"info","ts":1785238360.692097,"logger":"discovery","caller":"ean/discovery.go:555","msg":"capability registered/updated","cap_id":"snmp.list_points","agent_id":"edgex-node-001","category":"device","source":"native-ean","v1_purged":0}
{"level":"info","ts":1785238360.692097,"logger":"discovery","caller":"ean/discovery.go:555","msg":"capability registered/updated","cap_id":"modbus_rtu_over_tcp.write_register","agent_id":"edgex-node-001","category":"device","source":"native-ean","v1_purged":0}
{"level":"info","ts":1785238360.692097,"logger":"discovery","caller":"ean/discovery.go:555","msg":"capability registered/updated","cap_id":"iec60870_5_104.list_points","agent_id":"edgex-node-001","category":"device","source":"native-ean","v1_purged":0}
{"level":"info","ts":1785238360.692097,"logger":"discovery","caller":"ean/discovery.go:555","msg":"capability registered/updated","cap_id":"mitsubishi_slmp.list_points","agent_id":"edgex-node-001","category":"device","source":"native-ean","v1_purged":0}
{"level":"info","ts":1785238360.692097,"logger":"discovery","caller":"ean/discovery.go:555","msg":"capability registered/updated","cap_id":"ai.doc_parse","agent_id":"edgex-node-001","category":"ai","source":"native-ean","v1_purged":0}
{"level":"info","ts":1785238360.692097,"logger":"discovery","caller":"ean/discovery.go:555","msg":"capability registered/updated","cap_id":"knxnet_ip.scan_devices","agent_id":"edgex-node-001","category":"device","source":"native-ean","v1_purged":0}
{"level":"info","ts":1785238360.692097,"logger":"discovery","caller":"ean/discovery.go:555","msg":"capability registered/updated","cap_id":"dlt645.list_points","agent_id":"edgex-node-001","category":"device","source":"native-ean","v1_purged":0}
{"level":"info","ts":1785238360.692097,"logger":"discovery","caller":"ean/discovery.go:555","msg":"capability registered/updated","cap_id":"profinet_io.scan_devices","agent_id":"edgex-node-001","category":"device","source":"native-ean","v1_purged":0}
{"level":"info","ts":1785238360.692097,"logger":"discovery","caller":"ean/discovery.go:555","msg":"capability registered/updated","cap_id":"modbus_tcp.read_holding_register","agent_id":"edgex-node-001","category":"device","source":"native-ean","v1_purged":0}
{"level":"info","ts":1785238360.692097,"logger":"discovery","caller":"ean/discovery.go:555","msg":"capability registered/updated","cap_id":"ethercat.list_points","agent_id":"edgex-node-001","category":"device","source":"native-ean","v1_purged":0}
{"level":"info","ts":1785238360.692097,"logger":"discovery","caller":"ean/discovery.go:555","msg":"capability registered/updated","cap_id":"ai.protocol_reverse","agent_id":"edgex-node-001","category":"ai","source":"native-ean","v1_purged":0}
{"level":"info","ts":1785238360.692097,"logger":"discovery","caller":"ean/discovery.go:555","msg":"capability registered/updated","cap_id":"modbus_rtu.write_register","agent_id":"edgex-node-001","category":"device","source":"native-ean","v1_purged":0}
{"level":"info","ts":1785238360.692097,"logger":"discovery","caller":"ean/discovery.go:555","msg":"capability registered/updated","cap_id":"modbus_rtu.list_points","agent_id":"edgex-node-001","category":"device","source":"native-ean","v1_purged":0}
{"level":"info","ts":1785238360.692097,"logger":"discovery","caller":"ean/discovery.go:555","msg":"capability registered/updated","cap_id":"bacnet_ip.scan_devices","agent_id":"edgex-node-001","category":"device","source":"native-ean","v1_purged":0}
{"level":"info","ts":1785238360.692097,"logger":"discovery","caller":"ean/discovery.go:555","msg":"capability registered/updated","cap_id":"opc_ua.read_holding_register","agent_id":"edgex-node-001","category":"device","source":"native-ean","v1_purged":0}
{"level":"info","ts":1785238360.692097,"logger":"discovery","caller":"ean/discovery.go:555","msg":"capability registered/updated","cap_id":"snmp.read_holding_register","agent_id":"edgex-node-001","category":"device","source":"native-ean","v1_purged":0}
{"level":"info","ts":1785238360.692097,"logger":"discovery","caller":"ean/discovery.go:555","msg":"capability registered/updated","cap_id":"profinet_io.read_holding_register","agent_id":"edgex-node-001","category":"device","source":"native-ean","v1_purged":0}
{"level":"info","ts":1785238360.692097,"logger":"discovery","caller":"ean/discovery.go:555","msg":"capability registered/updated","cap_id":"bacnet_ip.read_holding_register","agent_id":"edgex-node-001","category":"device","source":"native-ean","v1_purged":0}
{"level":"info","ts":1785238360.692097,"logger":"discovery","caller":"ean/discovery.go:555","msg":"capability registered/updated","cap_id":"omron_fins.scan_devices","agent_id":"edgex-node-001","category":"device","source":"native-ean","v1_purged":0}
{"level":"info","ts":1785238360.692097,"logger":"discovery","caller":"ean/discovery.go:555","msg":"capability registered/updated","cap_id":"snmp.scan_devices","agent_id":"edgex-node-001","category":"device","source":"native-ean","v1_purged":0}
{"level":"info","ts":1785238360.692097,"logger":"discovery","caller":"ean/discovery.go:555","msg":"capability registered/updated","cap_id":"system.diagnostics","agent_id":"edgex-node-001","category":"system","source":"native-ean","v1_purged":0}
{"level":"info","ts":1785238360.692097,"logger":"discovery","caller":"ean/discovery.go:236","msg":"discovery response capabilities indexed","count":63,"transport":"mqtt"}
{"level":"info","ts":1785238411.6589494,"logger":"discovery","caller":"ean/discovery.go:555","msg":"capability registered/updated","cap_id":"ethernet_ip.write_register","agent_id":"edgex-node-001","category":"device","source":"native-ean","v1_purged":0}
{"level":"info","ts":1785238411.6589494,"logger":"discovery","caller":"ean/discovery.go:555","msg":"capability registered/updated","cap_id":"knxnet_ip.write_register","agent_id":"edgex-node-001","category":"device","source":"native-ean","v1_purged":0}
{"level":"info","ts":1785238411.6589494,"logger":"discovery","caller":"ean/discovery.go:555","msg":"capability registered/updated","cap_id":"snmp.write_register","agent_id":"edgex-node-001","category":"device","source":"native-ean","v1_purged":0}
{"level":"info","ts":1785238411.6589494,"logger":"discovery","caller":"ean/discovery.go:555","msg":"capability registered/updated","cap_id":"snmp.list_points","agent_id":"edgex-node-001","category":"device","source":"native-ean","v1_purged":0}
{"level":"info","ts":1785238411.6589494,"logger":"discovery","caller":"ean/discovery.go:555","msg":"capability registered/updated","cap_id":"modbus_rtu_over_tcp.write_register","agent_id":"edgex-node-001","category":"device","source":"native-ean","v1_purged":0}
{"level":"info","ts":1785238411.6589494,"logger":"discovery","caller":"ean/discovery.go:555","msg":"capability registered/updated","cap_id":"iec60870_5_104.list_points","agent_id":"edgex-node-001","category":"device","source":"native-ean","v1_purged":0}
{"level":"info","ts":1785238411.6589494,"logger":"discovery","caller":"ean/discovery.go:555","msg":"capability registered/updated","cap_id":"mitsubishi_slmp.list_points","agent_id":"edgex-node-001","category":"device","source":"native-ean","v1_purged":0}
{"level":"info","ts":1785238411.6589494,"logger":"discovery","caller":"ean/discovery.go:555","msg":"capability registered/updated","cap_id":"ai.doc_parse","agent_id":"edgex-node-001","category":"ai","source":"native-ean","v1_purged":0}
{"level":"info","ts":1785238411.6589494,"logger":"discovery","caller":"ean/discovery.go:555","msg":"capability registered/updated","cap_id":"knxnet_ip.scan_devices","agent_id":"edgex-node-001","category":"device","source":"native-ean","v1_purged":0}
{"level":"info","ts":1785238411.6589494,"logger":"discovery","caller":"ean/discovery.go:555","msg":"capability registered/updated","cap_id":"dlt645.list_points","agent_id":"edgex-node-001","category":"device","source":"native-ean","v1_purged":0}
{"level":"info","ts":1785238411.6589494,"logger":"discovery","caller":"ean/discovery.go:555","msg":"capability registered/updated","cap_id":"profinet_io.scan_devices","agent_id":"edgex-node-001","category":"device","source":"native-ean","v1_purged":0}
{"level":"info","ts":1785238411.6589494,"logger":"discovery","caller":"ean/discovery.go:555","msg":"capability registered/updated","cap_id":"modbus_tcp.read_holding_register","agent_id":"edgex-node-001","category":"device","source":"native-ean","v1_purged":0}
{"level":"info","ts":1785238411.6594644,"logger":"discovery","caller":"ean/discovery.go:555","msg":"capability registered/updated","cap_id":"ethercat.list_points","agent_id":"edgex-node-001","category":"device","source":"native-ean","v1_purged":0}
{"level":"info","ts":1785238411.6594644,"logger":"discovery","caller":"ean/discovery.go:555","msg":"capability registered/updated","cap_id":"ai.protocol_reverse","agent_id":"edgex-node-001","category":"ai","source":"native-ean","v1_purged":0}
{"level":"info","ts":1785238411.6594644,"logger":"discovery","caller":"ean/discovery.go:555","msg":"capability registered/updated","cap_id":"modbus_rtu.write_register","agent_id":"edgex-node-001","category":"device","source":"native-ean","v1_purged":0}
{"level":"info","ts":1785238411.6594644,"logger":"discovery","caller":"ean/discovery.go:555","msg":"capability registered/updated","cap_id":"modbus_rtu.list_points","agent_id":"edgex-node-001","category":"device","source":"native-ean","v1_purged":0}
{"level":"info","ts":1785238411.6594644,"logger":"discovery","caller":"ean/discovery.go:555","msg":"capability registered/updated","cap_id":"bacnet_ip.scan_devices","agent_id":"edgex-node-001","category":"device","source":"native-ean","v1_purged":0}
{"level":"info","ts":1785238411.6594644,"logger":"discovery","caller":"ean/discovery.go:555","msg":"capability registered/updated","cap_id":"opc_ua.read_holding_register","agent_id":"edgex-node-001","category":"device","source":"native-ean","v1_purged":0}
{"level":"info","ts":1785238411.6594644,"logger":"discovery","caller":"ean/discovery.go:555","msg":"capability registered/updated","cap_id":"snmp.read_holding_register","agent_id":"edgex-node-001","category":"device","source":"native-ean","v1_purged":0}
{"level":"info","ts":1785238411.6594644,"logger":"discovery","caller":"ean/discovery.go:555","msg":"capability registered/updated","cap_id":"profinet_io.read_holding_register","agent_id":"edgex-node-001","category":"device","source":"native-ean","v1_purged":0}
{"level":"info","ts":1785238411.6594644,"logger":"discovery","caller":"ean/discovery.go:555","msg":"capability registered/updated","cap_id":"bacnet_ip.read_holding_register","agent_id":"edgex-node-001","category":"device","source":"native-ean","v1_purged":0}
{"level":"info","ts":1785238411.6594644,"logger":"discovery","caller":"ean/discovery.go:555","msg":"capability registered/updated","cap_id":"omron_fins.scan_devices","agent_id":"edgex-node-001","category":"device","source":"native-ean","v1_purged":0}
{"level":"info","ts":1785238411.6594644,"logger":"discovery","caller":"ean/discovery.go:555","msg":"capability registered/updated","cap_id":"snmp.scan_devices","agent_id":"edgex-node-001","category":"device","source":"native-ean","v1_purged":0}
{"level":"info","ts":1785238411.6594644,"logger":"discovery","caller":"ean/discovery.go:555","msg":"capability registered/updated","cap_id":"system.diagnostics","agent_id":"edgex-node-001","category":"system","source":"native-ean","v1_purged":0}
{"level":"info","ts":1785238411.6594644,"logger":"discovery","caller":"ean/discovery.go:555","msg":"capability registered/updated","cap_id":"modbus_tcp.scan_devices","agent_id":"edgex-node-001","category":"device","source":"native-ean","v1_purged":0}
{"level":"info","ts":1785238411.6594644,"logger":"discovery","caller":"ean/discovery.go:555","msg":"capability registered/updated","cap_id":"bacnet_ip.list_points","agent_id":"edgex-node-001","category":"device","source":"native-ean","v1_purged":0}
{"level":"info","ts":1785238411.6594644,"logger":"discovery","caller":"ean/discovery.go:555","msg":"capability registered/updated","cap_id":"iec60870_5_104.read_holding_register","agent_id":"edgex-node-001","category":"device","source":"native-ean","v1_purged":0}
{"level":"info","ts":1785238411.6594644,"logger":"discovery","caller":"ean/discovery.go:555","msg":"capability registered/updated","cap_id":"iec60870_5_104.scan_devices","agent_id":"edgex-node-001","category":"device","source":"native-ean","v1_purged":0}
{"level":"info","ts":1785238411.6594644,"logger":"discovery","caller":"ean/discovery.go:555","msg":"capability registered/updated","cap_id":"ethercat.scan_devices","agent_id":"edgex-node-001","category":"device","source":"native-ean","v1_purged":0}
{"level":"info","ts":1785238411.6594644,"logger":"discovery","caller":"ean/discovery.go:555","msg":"capability registered/updated","cap_id":"dlt645.scan_devices","agent_id":"edgex-node-001","category":"device","source":"native-ean","v1_purged":0}
{"level":"info","ts":1785238411.6594644,"logger":"discovery","caller":"ean/discovery.go:555","msg":"capability registered/updated","cap_id":"modbus_rtu.read_holding_register","agent_id":"edgex-node-001","category":"device","source":"native-ean","v1_purged":0}
{"level":"info","ts":1785238411.6594644,"logger":"discovery","caller":"ean/discovery.go:555","msg":"capability registered/updated","cap_id":"modbus_rtu_over_tcp.list_points","agent_id":"edgex-node-001","category":"device","source":"native-ean","v1_purged":0}
{"level":"info","ts":1785238411.6594644,"logger":"discovery","caller":"ean/discovery.go:555","msg":"capability registered/updated","cap_id":"opc_ua.scan_devices","agent_id":"edgex-node-001","category":"device","source":"native-ean","v1_purged":0}
{"level":"info","ts":1785238411.6594644,"logger":"discovery","caller":"ean/discovery.go:555","msg":"capability registered/updated","cap_id":"opc_ua.list_points","agent_id":"edgex-node-001","category":"device","source":"native-ean","v1_purged":0}
{"level":"info","ts":1785238411.6594644,"logger":"discovery","caller":"ean/discovery.go:555","msg":"capability registered/updated","cap_id":"s7.read_holding_register","agent_id":"edgex-node-001","category":"device","source":"native-ean","v1_purged":0}
{"level":"info","ts":1785238411.6594644,"logger":"discovery","caller":"ean/discovery.go:555","msg":"capability registered/updated","cap_id":"omron_fins.list_points","agent_id":"edgex-node-001","category":"device","source":"native-ean","v1_purged":0}
{"level":"info","ts":1785238411.6594644,"logger":"discovery","caller":"ean/discovery.go:555","msg":"capability registered/updated","cap_id":"dlt645.read_holding_register","agent_id":"edgex-node-001","category":"device","source":"native-ean","v1_purged":0}
{"level":"info","ts":1785238411.6594644,"logger":"discovery","caller":"ean/discovery.go:555","msg":"capability registered/updated","cap_id":"profinet_io.list_points","agent_id":"edgex-node-001","category":"device","source":"native-ean","v1_purged":0}
{"level":"info","ts":1785238411.6594644,"logger":"discovery","caller":"ean/discovery.go:555","msg":"capability registered/updated","cap_id":"ethercat.read_holding_register","agent_id":"edgex-node-001","category":"device","source":"native-ean","v1_purged":0}
{"level":"info","ts":1785238411.6594644,"logger":"discovery","caller":"ean/discovery.go:555","msg":"capability registered/updated","cap_id":"modbus_tcp.list_points","agent_id":"edgex-node-001","category":"device","source":"native-ean","v1_purged":0}
{"level":"info","ts":1785238411.6594644,"logger":"discovery","caller":"ean/discovery.go:555","msg":"capability registered/updated","cap_id":"ethernet_ip.scan_devices","agent_id":"edgex-node-001","category":"device","source":"native-ean","v1_purged":0}
{"level":"info","ts":1785238411.6594644,"logger":"discovery","caller":"ean/discovery.go:555","msg":"capability registered/updated","cap_id":"omron_fins.write_register","agent_id":"edgex-node-001","category":"device","source":"native-ean","v1_purged":0}
{"level":"info","ts":1785238411.6594644,"logger":"discovery","caller":"ean/discovery.go:555","msg":"capability registered/updated","cap_id":"modbus_rtu_over_tcp.read_holding_register","agent_id":"edgex-node-001","category":"device","source":"native-ean","v1_purged":0}
{"level":"info","ts":1785238411.6594644,"logger":"discovery","caller":"ean/discovery.go:555","msg":"capability registered/updated","cap_id":"knxnet_ip.list_points","agent_id":"edgex-node-001","category":"device","source":"native-ean","v1_purged":0}
{"level":"info","ts":1785238411.6594644,"logger":"discovery","caller":"ean/discovery.go:555","msg":"capability registered/updated","cap_id":"modbus_tcp.write_register","agent_id":"edgex-node-001","category":"device","source":"native-ean","v1_purged":0}
{"level":"info","ts":1785238411.6594644,"logger":"discovery","caller":"ean/discovery.go:555","msg":"capability registered/updated","cap_id":"omron_fins.read_holding_register","agent_id":"edgex-node-001","category":"device","source":"native-ean","v1_purged":0}
{"level":"info","ts":1785238411.6594644,"logger":"discovery","caller":"ean/discovery.go:555","msg":"capability registered/updated","cap_id":"dlt645.write_register","agent_id":"edgex-node-001","category":"device","source":"native-ean","v1_purged":0}
{"level":"info","ts":1785238411.6594644,"logger":"discovery","caller":"ean/discovery.go:555","msg":"capability registered/updated","cap_id":"mitsubishi_slmp.read_holding_register","agent_id":"edgex-node-001","category":"device","source":"native-ean","v1_purged":0}
{"level":"info","ts":1785238411.6594644,"logger":"discovery","caller":"ean/discovery.go:555","msg":"capability registered/updated","cap_id":"iec60870_5_104.write_register","agent_id":"edgex-node-001","category":"device","source":"native-ean","v1_purged":0}
{"level":"info","ts":1785238411.6594644,"logger":"discovery","caller":"ean/discovery.go:555","msg":"capability registered/updated","cap_id":"ethercat.write_register","agent_id":"edgex-node-001","category":"device","source":"native-ean","v1_purged":0}
{"level":"info","ts":1785238411.6594644,"logger":"discovery","caller":"ean/discovery.go:555","msg":"capability registered/updated","cap_id":"modbus_rtu_over_tcp.scan_devices","agent_id":"edgex-node-001","category":"device","source":"native-ean","v1_purged":0}
{"level":"info","ts":1785238411.6594644,"logger":"discovery","caller":"ean/discovery.go:555","msg":"capability registered/updated","cap_id":"s7.list_points","agent_id":"edgex-node-001","category":"device","source":"native-ean","v1_purged":0}
{"level":"info","ts":1785238411.6594644,"logger":"discovery","caller":"ean/discovery.go:555","msg":"capability registered/updated","cap_id":"mitsubishi_slmp.write_register","agent_id":"edgex-node-001","category":"device","source":"native-ean","v1_purged":0}
{"level":"info","ts":1785238411.6594644,"logger":"discovery","caller":"ean/discovery.go:555","msg":"capability registered/updated","cap_id":"profinet_io.write_register","agent_id":"edgex-node-001","category":"device","source":"native-ean","v1_purged":0}
{"level":"info","ts":1785238411.6594644,"logger":"discovery","caller":"ean/discovery.go:555","msg":"capability registered/updated","cap_id":"mitsubishi_slmp.scan_devices","agent_id":"edgex-node-001","category":"device","source":"native-ean","v1_purged":0}
{"level":"info","ts":1785238411.6594644,"logger":"discovery","caller":"ean/discovery.go:555","msg":"capability registered/updated","cap_id":"bacnet_ip.write_register","agent_id":"edgex-node-001","category":"device","source":"native-ean","v1_purged":0}
{"level":"info","ts":1785238411.6594644,"logger":"discovery","caller":"ean/discovery.go:555","msg":"capability registered/updated","cap_id":"s7.write_register","agent_id":"edgex-node-001","category":"device","source":"native-ean","v1_purged":0}
{"level":"info","ts":1785238411.6594644,"logger":"discovery","caller":"ean/discovery.go:555","msg":"capability registered/updated","cap_id":"s7.scan_devices","agent_id":"edgex-node-001","category":"device","source":"native-ean","v1_purged":0}
{"level":"info","ts":1785238411.6594644,"logger":"discovery","caller":"ean/discovery.go:555","msg":"capability registered/updated","cap_id":"opc_ua.write_register","agent_id":"edgex-node-001","category":"device","source":"native-ean","v1_purged":0}
{"level":"info","ts":1785238411.6594644,"logger":"discovery","caller":"ean/discovery.go:555","msg":"capability registered/updated","cap_id":"knxnet_ip.read_holding_register","agent_id":"edgex-node-001","category":"device","source":"native-ean","v1_purged":0}
{"level":"info","ts":1785238411.6594644,"logger":"discovery","caller":"ean/discovery.go:555","msg":"capability registered/updated","cap_id":"ethernet_ip.list_points","agent_id":"edgex-node-001","category":"device","source":"native-ean","v1_purged":0}
{"level":"info","ts":1785238411.6594644,"logger":"discovery","caller":"ean/discovery.go:555","msg":"capability registered/updated","cap_id":"modbus_rtu.scan_devices","agent_id":"edgex-node-001","category":"device","source":"native-ean","v1_purged":0}
{"level":"info","ts":1785238411.6594644,"logger":"discovery","caller":"ean/discovery.go:555","msg":"capability registered/updated","cap_id":"ethernet_ip.read_holding_register","agent_id":"edgex-node-001","category":"device","source":"native-ean","v1_purged":0}
{"level":"warn","ts":1785238413.6798303,"logger":"heartbeat","caller":"ean/heartbeat.go:151","msg":"heartbeat sequence regression detected","agent_id":"edgex-node-001","old_seq":23,"new_seq":0}
{"level":"info","ts":1785238471.6713026,"logger":"discovery","caller":"ean/discovery.go:555","msg":"capability registered/updated","cap_id":"ethernet_ip.write_register","agent_id":"edgex-node-001","category":"device","source":"native-ean","v1_purged":0}
{"level":"info","ts":1785238471.6713657,"logger":"discovery","caller":"ean/discovery.go:555","msg":"capability registered/updated","cap_id":"knxnet_ip.write_register","agent_id":"edgex-node-001","category":"device","source":"native-ean","v1_purged":0}
{"level":"info","ts":1785238471.6713657,"logger":"discovery","caller":"ean/discovery.go:555","msg":"capability registered/updated","cap_id":"snmp.write_register","agent_id":"edgex-node-001","category":"device","source":"native-ean","v1_purged":0}
{"level":"info","ts":1785238471.6713657,"logger":"discovery","caller":"ean/discovery.go:555","msg":"capability registered/updated","cap_id":"snmp.list_points","agent_id":"edgex-node-001","category":"device","source":"native-ean","v1_purged":0}
{"level":"info","ts":1785238471.6713657,"logger":"discovery","caller":"ean/discovery.go:555","msg":"capability registered/updated","cap_id":"modbus_rtu_over_tcp.write_register","agent_id":"edgex-node-001","category":"device","source":"native-ean","v1_purged":0}
{"level":"info","ts":1785238471.6713657,"logger":"discovery","caller":"ean/discovery.go:555","msg":"capability registered/updated","cap_id":"iec60870_5_104.list_points","agent_id":"edgex-node-001","category":"device","source":"native-ean","v1_purged":0}
{"level":"info","ts":1785238471.6713657,"logger":"discovery","caller":"ean/discovery.go:555","msg":"capability registered/updated","cap_id":"mitsubishi_slmp.list_points","agent_id":"edgex-node-001","category":"device","source":"native-ean","v1_purged":0}
{"level":"info","ts":1785238471.6713657,"logger":"discovery","caller":"ean/discovery.go:555","msg":"capability registered/updated","cap_id":"ai.doc_parse","agent_id":"edgex-node-001","category":"ai","source":"native-ean","v1_purged":0}
{"level":"info","ts":1785238471.671926,"logger":"discovery","caller":"ean/discovery.go:555","msg":"capability registered/updated","cap_id":"knxnet_ip.scan_devices","agent_id":"edgex-node-001","category":"device","source":"native-ean","v1_purged":0}
{"level":"info","ts":1785238471.671926,"logger":"discovery","caller":"ean/discovery.go:555","msg":"capability registered/updated","cap_id":"dlt645.list_points","agent_id":"edgex-node-001","category":"device","source":"native-ean","v1_purged":0}
{"level":"info","ts":1785238471.671926,"logger":"discovery","caller":"ean/discovery.go:555","msg":"capability registered/updated","cap_id":"profinet_io.scan_devices","agent_id":"edgex-node-001","category":"device","source":"native-ean","v1_purged":0}
{"level":"info","ts":1785238471.671926,"logger":"discovery","caller":"ean/discovery.go:555","msg":"capability registered/updated","cap_id":"modbus_tcp.read_holding_register","agent_id":"edgex-node-001","category":"device","source":"native-ean","v1_purged":0}
{"level":"info","ts":1785238471.671926,"logger":"discovery","caller":"ean/discovery.go:555","msg":"capability registered/updated","cap_id":"ethercat.list_points","agent_id":"edgex-node-001","category":"device","source":"native-ean","v1_purged":0}
{"level":"info","ts":1785238471.671926,"logger":"discovery","caller":"ean/discovery.go:555","msg":"capability registered/updated","cap_id":"ai.protocol_reverse","agent_id":"edgex-node-001","category":"ai","source":"native-ean","v1_purged":0}
{"level":"info","ts":1785238471.671926,"logger":"discovery","caller":"ean/discovery.go:555","msg":"capability registered/updated","cap_id":"modbus_rtu.write_register","agent_id":"edgex-node-001","category":"device","source":"native-ean","v1_purged":0}
{"level":"info","ts":1785238471.671926,"logger":"discovery","caller":"ean/discovery.go:555","msg":"capability registered/updated","cap_id":"modbus_rtu.list_points","agent_id":"edgex-node-001","category":"device","source":"native-ean","v1_purged":0}
{"level":"info","ts":1785238471.671926,"logger":"discovery","caller":"ean/discovery.go:555","msg":"capability registered/updated","cap_id":"bacnet_ip.scan_devices","agent_id":"edgex-node-001","category":"device","source":"native-ean","v1_purged":0}
{"level":"info","ts":1785238471.671926,"logger":"discovery","caller":"ean/discovery.go:555","msg":"capability registered/updated","cap_id":"opc_ua.read_holding_register","agent_id":"edgex-node-001","category":"device","source":"native-ean","v1_purged":0}
{"level":"info","ts":1785238471.671926,"logger":"discovery","caller":"ean/discovery.go:555","msg":"capability registered/updated","cap_id":"snmp.read_holding_register","agent_id":"edgex-node-001","category":"device","source":"native-ean","v1_purged":0}
{"level":"info","ts":1785238471.671926,"logger":"discovery","caller":"ean/discovery.go:555","msg":"capability registered/updated","cap_id":"profinet_io.read_holding_register","agent_id":"edgex-node-001","category":"device","source":"native-ean","v1_purged":0}
{"level":"info","ts":1785238471.671926,"logger":"discovery","caller":"ean/discovery.go:555","msg":"capability registered/updated","cap_id":"bacnet_ip.read_holding_register","agent_id":"edgex-node-001","category":"device","source":"native-ean","v1_purged":0}
{"level":"info","ts":1785238471.671926,"logger":"discovery","caller":"ean/discovery.go:555","msg":"capability registered/updated","cap_id":"omron_fins.scan_devices","agent_id":"edgex-node-001","category":"device","source":"native-ean","v1_purged":0}
{"level":"info","ts":1785238471.671926,"logger":"discovery","caller":"ean/discovery.go:555","msg":"capability registered/updated","cap_id":"snmp.scan_devices","agent_id":"edgex-node-001","category":"device","source":"native-ean","v1_purged":0}
{"level":"info","ts":1785238471.671926,"logger":"discovery","caller":"ean/discovery.go:555","msg":"capability registered/updated","cap_id":"system.diagnostics","agent_id":"edgex-node-001","category":"system","source":"native-ean","v1_purged":0}
{"level":"info","ts":1785238471.671926,"logger":"discovery","caller":"ean/discovery.go:555","msg":"capability registered/updated","cap_id":"modbus_tcp.scan_devices","agent_id":"edgex-node-001","category":"device","source":"native-ean","v1_purged":0}
{"level":"info","ts":1785238471.671926,"logger":"discovery","caller":"ean/discovery.go:555","msg":"capability registered/updated","cap_id":"bacnet_ip.list_points","agent_id":"edgex-node-001","category":"device","source":"native-ean","v1_purged":0}
{"level":"info","ts":1785238471.671926,"logger":"discovery","caller":"ean/discovery.go:555","msg":"capability registered/updated","cap_id":"iec60870_5_104.read_holding_register","agent_id":"edgex-node-001","category":"device","source":"native-ean","v1_purged":0}
{"level":"info","ts":1785238471.671926,"logger":"discovery","caller":"ean/discovery.go:555","msg":"capability registered/updated","cap_id":"iec60870_5_104.scan_devices","agent_id":"edgex-node-001","category":"device","source":"native-ean","v1_purged":0}
{"level":"info","ts":1785238471.671926,"logger":"discovery","caller":"ean/discovery.go:555","msg":"capability registered/updated","cap_id":"ethercat.scan_devices","agent_id":"edgex-node-001","category":"device","source":"native-ean","v1_purged":0}
{"level":"info","ts":1785238471.671926,"logger":"discovery","caller":"ean/discovery.go:555","msg":"capability registered/updated","cap_id":"dlt645.scan_devices","agent_id":"edgex-node-001","category":"device","source":"native-ean","v1_purged":0}
{"level":"info","ts":1785238471.671926,"logger":"discovery","caller":"ean/discovery.go:555","msg":"capability registered/updated","cap_id":"modbus_rtu.read_holding_register","agent_id":"edgex-node-001","category":"device","source":"native-ean","v1_purged":0}
{"level":"info","ts":1785238471.671926,"logger":"discovery","caller":"ean/discovery.go:555","msg":"capability registered/updated","cap_id":"modbus_rtu_over_tcp.list_points","agent_id":"edgex-node-001","category":"device","source":"native-ean","v1_purged":0}
{"level":"info","ts":1785238471.6724308,"logger":"discovery","caller":"ean/discovery.go:555","msg":"capability registered/updated","cap_id":"opc_ua.scan_devices","agent_id":"edgex-node-001","category":"device","source":"native-ean","v1_purged":0}
{"level":"info","ts":1785238471.6724308,"logger":"discovery","caller":"ean/discovery.go:555","msg":"capability registered/updated","cap_id":"opc_ua.list_points","agent_id":"edgex-node-001","category":"device","source":"native-ean","v1_purged":0}
{"level":"info","ts":1785238471.6724308,"logger":"discovery","caller":"ean/discovery.go:555","msg":"capability registered/updated","cap_id":"s7.read_holding_register","agent_id":"edgex-node-001","category":"device","source":"native-ean","v1_purged":0}
{"level":"info","ts":1785238471.6724308,"logger":"discovery","caller":"ean/discovery.go:555","msg":"capability registered/updated","cap_id":"omron_fins.list_points","agent_id":"edgex-node-001","category":"device","source":"native-ean","v1_purged":0}
{"level":"info","ts":1785238471.6724308,"logger":"discovery","caller":"ean/discovery.go:555","msg":"capability registered/updated","cap_id":"dlt645.read_holding_register","agent_id":"edgex-node-001","category":"device","source":"native-ean","v1_purged":0}
{"level":"info","ts":1785238471.6724308,"logger":"discovery","caller":"ean/discovery.go:555","msg":"capability registered/updated","cap_id":"profinet_io.list_points","agent_id":"edgex-node-001","category":"device","source":"native-ean","v1_purged":0}
{"level":"info","ts":1785238471.6724308,"logger":"discovery","caller":"ean/discovery.go:555","msg":"capability registered/updated","cap_id":"ethercat.read_holding_register","agent_id":"edgex-node-001","category":"device","source":"native-ean","v1_purged":0}
{"level":"info","ts":1785238471.6724308,"logger":"discovery","caller":"ean/discovery.go:555","msg":"capability registered/updated","cap_id":"modbus_tcp.list_points","agent_id":"edgex-node-001","category":"device","source":"native-ean","v1_purged":0}
{"level":"info","ts":1785238471.6724308,"logger":"discovery","caller":"ean/discovery.go:555","msg":"capability registered/updated","cap_id":"ethernet_ip.scan_devices","agent_id":"edgex-node-001","category":"device","source":"native-ean","v1_purged":0}
{"level":"info","ts":1785238471.6724308,"logger":"discovery","caller":"ean/discovery.go:555","msg":"capability registered/updated","cap_id":"omron_fins.write_register","agent_id":"edgex-node-001","category":"device","source":"native-ean","v1_purged":0}
{"level":"info","ts":1785238471.6724308,"logger":"discovery","caller":"ean/discovery.go:555","msg":"capability registered/updated","cap_id":"modbus_rtu_over_tcp.read_holding_register","agent_id":"edgex-node-001","category":"device","source":"native-ean","v1_purged":0}
{"level":"info","ts":1785238471.6724308,"logger":"discovery","caller":"ean/discovery.go:555","msg":"capability registered/updated","cap_id":"knxnet_ip.list_points","agent_id":"edgex-node-001","category":"device","source":"native-ean","v1_purged":0}
{"level":"info","ts":1785238471.6724308,"logger":"discovery","caller":"ean/discovery.go:555","msg":"capability registered/updated","cap_id":"modbus_tcp.write_register","agent_id":"edgex-node-001","category":"device","source":"native-ean","v1_purged":0}
{"level":"info","ts":1785238471.6724308,"logger":"discovery","caller":"ean/discovery.go:555","msg":"capability registered/updated","cap_id":"omron_fins.read_holding_register","agent_id":"edgex-node-001","category":"device","source":"native-ean","v1_purged":0}
{"level":"info","ts":1785238471.6724308,"logger":"discovery","caller":"ean/discovery.go:555","msg":"capability registered/updated","cap_id":"dlt645.write_register","agent_id":"edgex-node-001","category":"device","source":"native-ean","v1_purged":0}
{"level":"info","ts":1785238471.6724308,"logger":"discovery","caller":"ean/discovery.go:555","msg":"capability registered/updated","cap_id":"mitsubishi_slmp.read_holding_register","agent_id":"edgex-node-001","category":"device","source":"native-ean","v1_purged":0}
{"level":"info","ts":1785238471.6724308,"logger":"discovery","caller":"ean/discovery.go:555","msg":"capability registered/updated","cap_id":"iec60870_5_104.write_register","agent_id":"edgex-node-001","category":"device","source":"native-ean","v1_purged":0}
{"level":"info","ts":1785238471.6724308,"logger":"discovery","caller":"ean/discovery.go:555","msg":"capability registered/updated","cap_id":"ethercat.write_register","agent_id":"edgex-node-001","category":"device","source":"native-ean","v1_purged":0}
{"level":"info","ts":1785238471.6724308,"logger":"discovery","caller":"ean/discovery.go:555","msg":"capability registered/updated","cap_id":"modbus_rtu_over_tcp.scan_devices","agent_id":"edgex-node-001","category":"device","source":"native-ean","v1_purged":0}
{"level":"info","ts":1785238471.6724308,"logger":"discovery","caller":"ean/discovery.go:555","msg":"capability registered/updated","cap_id":"s7.list_points","agent_id":"edgex-node-001","category":"device","source":"native-ean","v1_purged":0}
{"level":"info","ts":1785238471.6724308,"logger":"discovery","caller":"ean/discovery.go:555","msg":"capability registered/updated","cap_id":"mitsubishi_slmp.write_register","agent_id":"edgex-node-001","category":"device","source":"native-ean","v1_purged":0}
{"level":"info","ts":1785238471.6724308,"logger":"discovery","caller":"ean/discovery.go:555","msg":"capability registered/updated","cap_id":"profinet_io.write_register","agent_id":"edgex-node-001","category":"device","source":"native-ean","v1_purged":0}
{"level":"info","ts":1785238471.6724308,"logger":"discovery","caller":"ean/discovery.go:555","msg":"capability registered/updated","cap_id":"mitsubishi_slmp.scan_devices","agent_id":"edgex-node-001","category":"device","source":"native-ean","v1_purged":0}
{"level":"info","ts":1785238471.6724308,"logger":"discovery","caller":"ean/discovery.go:555","msg":"capability registered/updated","cap_id":"bacnet_ip.write_register","agent_id":"edgex-node-001","category":"device","source":"native-ean","v1_purged":0}
{"level":"info","ts":1785238471.6724308,"logger":"discovery","caller":"ean/discovery.go:555","msg":"capability registered/updated","cap_id":"s7.write_register","agent_id":"edgex-node-001","category":"device","source":"native-ean","v1_purged":0}
{"level":"info","ts":1785238471.6724308,"logger":"discovery","caller":"ean/discovery.go:555","msg":"capability registered/updated","cap_id":"s7.scan_devices","agent_id":"edgex-node-001","category":"device","source":"native-ean","v1_purged":0}
{"level":"info","ts":1785238471.6724308,"logger":"discovery","caller":"ean/discovery.go:555","msg":"capability registered/updated","cap_id":"opc_ua.write_register","agent_id":"edgex-node-001","category":"device","source":"native-ean","v1_purged":0}
{"level":"info","ts":1785238471.6724308,"logger":"discovery","caller":"ean/discovery.go:555","msg":"capability registered/updated","cap_id":"knxnet_ip.read_holding_register","agent_id":"edgex-node-001","category":"device","source":"native-ean","v1_purged":0}
{"level":"info","ts":1785238471.6724308,"logger":"discovery","caller":"ean/discovery.go:555","msg":"capability registered/updated","cap_id":"ethernet_ip.list_points","agent_id":"edgex-node-001","category":"device","source":"native-ean","v1_purged":0}
{"level":"info","ts":1785238471.6724308,"logger":"discovery","caller":"ean/discovery.go:555","msg":"capability registered/updated","cap_id":"modbus_rtu.scan_devices","agent_id":"edgex-node-001","category":"device","source":"native-ean","v1_purged":0}
{"level":"info","ts":1785238471.6724308,"logger":"discovery","caller":"ean/discovery.go:555","msg":"capability registered/updated","cap_id":"ethernet_ip.read_holding_register","agent_id":"edgex-node-001","category":"device","source":"native-ean","v1_purged":0}
{"level":"warn","ts":1785238473.6799006,"logger":"heartbeat","caller":"ean/heartbeat.go:151","msg":"heartbeat sequence regression detected","agent_id":"edgex-node-001","old_seq":24,"new_seq":0}
{"level":"info","ts":1785238531.6666842,"logger":"discovery","caller":"ean/discovery.go:555","msg":"capability registered/updated","cap_id":"bacnet_ip.list_points","agent_id":"edgex-node-001","category":"device","source":"native-ean","v1_purged":0}
{"level":"info","ts":1785238531.6666842,"logger":"discovery","caller":"ean/discovery.go:555","msg":"capability registered/updated","cap_id":"iec60870_5_104.read_holding_register","agent_id":"edgex-node-001","category":"device","source":"native-ean","v1_purged":0}
{"level":"info","ts":1785238531.6666842,"logger":"discovery","caller":"ean/discovery.go:555","msg":"capability registered/updated","cap_id":"iec60870_5_104.scan_devices","agent_id":"edgex-node-001","category":"device","source":"native-ean","v1_purged":0}
{"level":"info","ts":1785238531.6666842,"logger":"discovery","caller":"ean/discovery.go:555","msg":"capability registered/updated","cap_id":"ethercat.scan_devices","agent_id":"edgex-node-001","category":"device","source":"native-ean","v1_purged":0}
{"level":"info","ts":1785238531.6666842,"logger":"discovery","caller":"ean/discovery.go:555","msg":"capability registered/updated","cap_id":"dlt645.scan_devices","agent_id":"edgex-node-001","category":"device","source":"native-ean","v1_purged":0}
{"level":"info","ts":1785238531.6666842,"logger":"discovery","caller":"ean/discovery.go:555","msg":"capability registered/updated","cap_id":"modbus_rtu.read_holding_register","agent_id":"edgex-node-001","category":"device","source":"native-ean","v1_purged":0}
{"level":"info","ts":1785238531.6666842,"logger":"discovery","caller":"ean/discovery.go:555","msg":"capability registered/updated","cap_id":"modbus_rtu_over_tcp.list_points","agent_id":"edgex-node-001","category":"device","source":"native-ean","v1_purged":0}
{"level":"info","ts":1785238531.6666842,"logger":"discovery","caller":"ean/discovery.go:555","msg":"capability registered/updated","cap_id":"opc_ua.scan_devices","agent_id":"edgex-node-001","category":"device","source":"native-ean","v1_purged":0}
{"level":"info","ts":1785238531.6666842,"logger":"discovery","caller":"ean/discovery.go:555","msg":"capability registered/updated","cap_id":"opc_ua.list_points","agent_id":"edgex-node-001","category":"device","source":"native-ean","v1_purged":0}
{"level":"info","ts":1785238531.6666842,"logger":"discovery","caller":"ean/discovery.go:555","msg":"capability registered/updated","cap_id":"s7.read_holding_register","agent_id":"edgex-node-001","category":"device","source":"native-ean","v1_purged":0}
{"level":"info","ts":1785238531.6666842,"logger":"discovery","caller":"ean/discovery.go:555","msg":"capability registered/updated","cap_id":"omron_fins.list_points","agent_id":"edgex-node-001","category":"device","source":"native-ean","v1_purged":0}
{"level":"info","ts":1785238531.6666842,"logger":"discovery","caller":"ean/discovery.go:555","msg":"capability registered/updated","cap_id":"dlt645.read_holding_register","agent_id":"edgex-node-001","category":"device","source":"native-ean","v1_purged":0}
{"level":"info","ts":1785238531.6671953,"logger":"discovery","caller":"ean/discovery.go:555","msg":"capability registered/updated","cap_id":"profinet_io.list_points","agent_id":"edgex-node-001","category":"device","source":"native-ean","v1_purged":0}
{"level":"info","ts":1785238531.6671953,"logger":"discovery","caller":"ean/discovery.go:555","msg":"capability registered/updated","cap_id":"ethercat.read_holding_register","agent_id":"edgex-node-001","category":"device","source":"native-ean","v1_purged":0}
{"level":"info","ts":1785238531.6671953,"logger":"discovery","caller":"ean/discovery.go:555","msg":"capability registered/updated","cap_id":"modbus_tcp.list_points","agent_id":"edgex-node-001","category":"device","source":"native-ean","v1_purged":0}
{"level":"info","ts":1785238531.6671953,"logger":"discovery","caller":"ean/discovery.go:555","msg":"capability registered/updated","cap_id":"ethernet_ip.scan_devices","agent_id":"edgex-node-001","category":"device","source":"native-ean","v1_purged":0}
{"level":"info","ts":1785238531.6671953,"logger":"discovery","caller":"ean/discovery.go:555","msg":"capability registered/updated","cap_id":"omron_fins.write_register","agent_id":"edgex-node-001","category":"device","source":"native-ean","v1_purged":0}
{"level":"info","ts":1785238531.6671953,"logger":"discovery","caller":"ean/discovery.go:555","msg":"capability registered/updated","cap_id":"modbus_rtu_over_tcp.read_holding_register","agent_id":"edgex-node-001","category":"device","source":"native-ean","v1_purged":0}
{"level":"info","ts":1785238531.6671953,"logger":"discovery","caller":"ean/discovery.go:555","msg":"capability registered/updated","cap_id":"knxnet_ip.list_points","agent_id":"edgex-node-001","category":"device","source":"native-ean","v1_purged":0}
{"level":"info","ts":1785238531.6671953,"logger":"discovery","caller":"ean/discovery.go:555","msg":"capability registered/updated","cap_id":"modbus_tcp.write_register","agent_id":"edgex-node-001","category":"device","source":"native-ean","v1_purged":0}
{"level":"info","ts":1785238531.6671953,"logger":"discovery","caller":"ean/discovery.go:555","msg":"capability registered/updated","cap_id":"omron_fins.read_holding_register","agent_id":"edgex-node-001","category":"device","source":"native-ean","v1_purged":0}
{"level":"info","ts":1785238531.6671953,"logger":"discovery","caller":"ean/discovery.go:555","msg":"capability registered/updated","cap_id":"dlt645.write_register","agent_id":"edgex-node-001","category":"device","source":"native-ean","v1_purged":0}
{"level":"info","ts":1785238531.6671953,"logger":"discovery","caller":"ean/discovery.go:555","msg":"capability registered/updated","cap_id":"mitsubishi_slmp.read_holding_register","agent_id":"edgex-node-001","category":"device","source":"native-ean","v1_purged":0}
{"level":"info","ts":1785238531.6671953,"logger":"discovery","caller":"ean/discovery.go:555","msg":"capability registered/updated","cap_id":"iec60870_5_104.write_register","agent_id":"edgex-node-001","category":"device","source":"native-ean","v1_purged":0}
{"level":"info","ts":1785238531.6671953,"logger":"discovery","caller":"ean/discovery.go:555","msg":"capability registered/updated","cap_id":"ethercat.write_register","agent_id":"edgex-node-001","category":"device","source":"native-ean","v1_purged":0}
{"level":"info","ts":1785238531.6671953,"logger":"discovery","caller":"ean/discovery.go:555","msg":"capability registered/updated","cap_id":"modbus_rtu_over_tcp.scan_devices","agent_id":"edgex-node-001","category":"device","source":"native-ean","v1_purged":0}
{"level":"info","ts":1785238531.6671953,"logger":"discovery","caller":"ean/discovery.go:555","msg":"capability registered/updated","cap_id":"s7.list_points","agent_id":"edgex-node-001","category":"device","source":"native-ean","v1_purged":0}
{"level":"info","ts":1785238531.6671953,"logger":"discovery","caller":"ean/discovery.go:555","msg":"capability registered/updated","cap_id":"mitsubishi_slmp.write_register","agent_id":"edgex-node-001","category":"device","source":"native-ean","v1_purged":0}
{"level":"info","ts":1785238531.6671953,"logger":"discovery","caller":"ean/discovery.go:555","msg":"capability registered/updated","cap_id":"profinet_io.write_register","agent_id":"edgex-node-001","category":"device","source":"native-ean","v1_purged":0}
{"level":"info","ts":1785238531.6671953,"logger":"discovery","caller":"ean/discovery.go:555","msg":"capability registered/updated","cap_id":"mitsubishi_slmp.scan_devices","agent_id":"edgex-node-001","category":"device","source":"native-ean","v1_purged":0}
{"level":"info","ts":1785238531.6671953,"logger":"discovery","caller":"ean/discovery.go:555","msg":"capability registered/updated","cap_id":"bacnet_ip.write_register","agent_id":"edgex-node-001","category":"device","source":"native-ean","v1_purged":0}
{"level":"info","ts":1785238531.6671953,"logger":"discovery","caller":"ean/discovery.go:555","msg":"capability registered/updated","cap_id":"s7.write_register","agent_id":"edgex-node-001","category":"device","source":"native-ean","v1_purged":0}
{"level":"info","ts":1785238531.6671953,"logger":"discovery","caller":"ean/discovery.go:555","msg":"capability registered/updated","cap_id":"s7.scan_devices","agent_id":"edgex-node-001","category":"device","source":"native-ean","v1_purged":0}
{"level":"info","ts":1785238531.6671953,"logger":"discovery","caller":"ean/discovery.go:555","msg":"capability registered/updated","cap_id":"opc_ua.write_register","agent_id":"edgex-node-001","category":"device","source":"native-ean","v1_purged":0}
{"level":"info","ts":1785238531.6671953,"logger":"discovery","caller":"ean/discovery.go:555","msg":"capability registered/updated","cap_id":"knxnet_ip.read_holding_register","agent_id":"edgex-node-001","category":"device","source":"native-ean","v1_purged":0}
{"level":"info","ts":1785238531.6671953,"logger":"discovery","caller":"ean/discovery.go:555","msg":"capability registered/updated","cap_id":"ethernet_ip.list_points","agent_id":"edgex-node-001","category":"device","source":"native-ean","v1_purged":0}
{"level":"info","ts":1785238531.6671953,"logger":"discovery","caller":"ean/discovery.go:555","msg":"capability registered/updated","cap_id":"modbus_rtu.scan_devices","agent_id":"edgex-node-001","category":"device","source":"native-ean","v1_purged":0}
{"level":"info","ts":1785238531.6671953,"logger":"discovery","caller":"ean/discovery.go:555","msg":"capability registered/updated","cap_id":"ethernet_ip.read_holding_register","agent_id":"edgex-node-001","category":"device","source":"native-ean","v1_purged":0}
{"level":"info","ts":1785238531.6671953,"logger":"discovery","caller":"ean/discovery.go:555","msg":"capability registered/updated","cap_id":"ethernet_ip.write_register","agent_id":"edgex-node-001","category":"device","source":"native-ean","v1_purged":0}
{"level":"info","ts":1785238531.6671953,"logger":"discovery","caller":"ean/discovery.go:555","msg":"capability registered/updated","cap_id":"knxnet_ip.write_register","agent_id":"edgex-node-001","category":"device","source":"native-ean","v1_purged":0}
{"level":"info","ts":1785238531.6671953,"logger":"discovery","caller":"ean/discovery.go:555","msg":"capability registered/updated","cap_id":"snmp.write_register","agent_id":"edgex-node-001","category":"device","source":"native-ean","v1_purged":0}
{"level":"info","ts":1785238531.6671953,"logger":"discovery","caller":"ean/discovery.go:555","msg":"capability registered/updated","cap_id":"snmp.list_points","agent_id":"edgex-node-001","category":"device","source":"native-ean","v1_purged":0}
{"level":"info","ts":1785238531.6671953,"logger":"discovery","caller":"ean/discovery.go:555","msg":"capability registered/updated","cap_id":"modbus_rtu_over_tcp.write_register","agent_id":"edgex-node-001","category":"device","source":"native-ean","v1_purged":0}
{"level":"info","ts":1785238531.6671953,"logger":"discovery","caller":"ean/discovery.go:555","msg":"capability registered/updated","cap_id":"iec60870_5_104.list_points","agent_id":"edgex-node-001","category":"device","source":"native-ean","v1_purged":0}
{"level":"info","ts":1785238531.6671953,"logger":"discovery","caller":"ean/discovery.go:555","msg":"capability registered/updated","cap_id":"mitsubishi_slmp.list_points","agent_id":"edgex-node-001","category":"device","source":"native-ean","v1_purged":0}
{"level":"info","ts":1785238531.6671953,"logger":"discovery","caller":"ean/discovery.go:555","msg":"capability registered/updated","cap_id":"ai.doc_parse","agent_id":"edgex-node-001","category":"ai","source":"native-ean","v1_purged":0}
{"level":"info","ts":1785238531.6671953,"logger":"discovery","caller":"ean/discovery.go:555","msg":"capability registered/updated","cap_id":"knxnet_ip.scan_devices","agent_id":"edgex-node-001","category":"device","source":"native-ean","v1_purged":0}
{"level":"info","ts":1785238531.6671953,"logger":"discovery","caller":"ean/discovery.go:555","msg":"capability registered/updated","cap_id":"dlt645.list_points","agent_id":"edgex-node-001","category":"device","source":"native-ean","v1_purged":0}
{"level":"info","ts":1785238531.6671953,"logger":"discovery","caller":"ean/discovery.go:555","msg":"capability registered/updated","cap_id":"profinet_io.scan_devices","agent_id":"edgex-node-001","category":"device","source":"native-ean","v1_purged":0}
{"level":"info","ts":1785238531.6671953,"logger":"discovery","caller":"ean/discovery.go:555","msg":"capability registered/updated","cap_id":"modbus_tcp.read_holding_register","agent_id":"edgex-node-001","category":"device","source":"native-ean","v1_purged":0}
{"level":"info","ts":1785238531.6671953,"logger":"discovery","caller":"ean/discovery.go:555","msg":"capability registered/updated","cap_id":"ethercat.list_points","agent_id":"edgex-node-001","category":"device","source":"native-ean","v1_purged":0}
{"level":"info","ts":1785238531.66772,"logger":"discovery","caller":"ean/discovery.go:555","msg":"capability registered/updated","cap_id":"ai.protocol_reverse","agent_id":"edgex-node-001","category":"ai","source":"native-ean","v1_purged":0}
{"level":"info","ts":1785238531.66772,"logger":"discovery","caller":"ean/discovery.go:555","msg":"capability registered/updated","cap_id":"modbus_rtu.write_register","agent_id":"edgex-node-001","category":"device","source":"native-ean","v1_purged":0}
{"level":"info","ts":1785238531.66772,"logger":"discovery","caller":"ean/discovery.go:555","msg":"capability registered/updated","cap_id":"modbus_rtu.list_points","agent_id":"edgex-node-001","category":"device","source":"native-ean","v1_purged":0}
{"level":"info","ts":1785238531.66772,"logger":"discovery","caller":"ean/discovery.go:555","msg":"capability registered/updated","cap_id":"bacnet_ip.scan_devices","agent_id":"edgex-node-001","category":"device","source":"native-ean","v1_purged":0}
{"level":"info","ts":1785238531.66772,"logger":"discovery","caller":"ean/discovery.go:555","msg":"capability registered/updated","cap_id":"opc_ua.read_holding_register","agent_id":"edgex-node-001","category":"device","source":"native-ean","v1_purged":0}
{"level":"info","ts":1785238531.66772,"logger":"discovery","caller":"ean/discovery.go:555","msg":"capability registered/updated","cap_id":"snmp.read_holding_register","agent_id":"edgex-node-001","category":"device","source":"native-ean","v1_purged":0}
{"level":"info","ts":1785238531.66772,"logger":"discovery","caller":"ean/discovery.go:555","msg":"capability registered/updated","cap_id":"profinet_io.read_holding_register","agent_id":"edgex-node-001","category":"device","source":"native-ean","v1_purged":0}
{"level":"info","ts":1785238531.66772,"logger":"discovery","caller":"ean/discovery.go:555","msg":"capability registered/updated","cap_id":"bacnet_ip.read_holding_register","agent_id":"edgex-node-001","category":"device","source":"native-ean","v1_purged":0}
{"level":"info","ts":1785238531.66772,"logger":"discovery","caller":"ean/discovery.go:555","msg":"capability registered/updated","cap_id":"omron_fins.scan_devices","agent_id":"edgex-node-001","category":"device","source":"native-ean","v1_purged":0}
{"level":"info","ts":1785238531.66772,"logger":"discovery","caller":"ean/discovery.go:555","msg":"capability registered/updated","cap_id":"snmp.scan_devices","agent_id":"edgex-node-001","category":"device","source":"native-ean","v1_purged":0}
{"level":"info","ts":1785238531.66772,"logger":"discovery","caller":"ean/discovery.go:555","msg":"capability registered/updated","cap_id":"system.diagnostics","agent_id":"edgex-node-001","category":"system","source":"native-ean","v1_purged":0}
{"level":"info","ts":1785238531.66772,"logger":"discovery","caller":"ean/discovery.go:555","msg":"capability registered/updated","cap_id":"modbus_tcp.scan_devices","agent_id":"edgex-node-001","category":"device","source":"native-ean","v1_purged":0}
{"level":"warn","ts":1785238533.6798894,"logger":"heartbeat","caller":"ean/heartbeat.go:151","msg":"heartbeat sequence regression detected","agent_id":"edgex-node-001","old_seq":25,"new_seq":0}
{"level":"info","ts":1785238591.668566,"logger":"discovery","caller":"ean/discovery.go:555","msg":"capability registered/updated","cap_id":"bacnet_ip.scan_devices","agent_id":"edgex-node-001","category":"device","source":"native-ean","v1_purged":0}
{"level":"info","ts":1785238591.6691053,"logger":"discovery","caller":"ean/discovery.go:555","msg":"capability registered/updated","cap_id":"opc_ua.read_holding_register","agent_id":"edgex-node-001","category":"device","source":"native-ean","v1_purged":0}
{"level":"info","ts":1785238591.6691053,"logger":"discovery","caller":"ean/discovery.go:555","msg":"capability registered/updated","cap_id":"snmp.read_holding_register","agent_id":"edgex-node-001","category":"device","source":"native-ean","v1_purged":0}
{"level":"info","ts":1785238591.6691053,"logger":"discovery","caller":"ean/discovery.go:555","msg":"capability registered/updated","cap_id":"profinet_io.read_holding_register","agent_id":"edgex-node-001","category":"device","source":"native-ean","v1_purged":0}
{"level":"info","ts":1785238591.6691883,"logger":"discovery","caller":"ean/discovery.go:555","msg":"capability registered/updated","cap_id":"bacnet_ip.read_holding_register","agent_id":"edgex-node-001","category":"device","source":"native-ean","v1_purged":0}
{"level":"info","ts":1785238591.6691883,"logger":"discovery","caller":"ean/discovery.go:555","msg":"capability registered/updated","cap_id":"omron_fins.scan_devices","agent_id":"edgex-node-001","category":"device","source":"native-ean","v1_purged":0}
{"level":"info","ts":1785238591.6691883,"logger":"discovery","caller":"ean/discovery.go:555","msg":"capability registered/updated","cap_id":"snmp.scan_devices","agent_id":"edgex-node-001","category":"device","source":"native-ean","v1_purged":0}
{"level":"info","ts":1785238591.6691883,"logger":"discovery","caller":"ean/discovery.go:555","msg":"capability registered/updated","cap_id":"system.diagnostics","agent_id":"edgex-node-001","category":"system","source":"native-ean","v1_purged":0}
{"level":"info","ts":1785238591.6691883,"logger":"discovery","caller":"ean/discovery.go:555","msg":"capability registered/updated","cap_id":"modbus_tcp.scan_devices","agent_id":"edgex-node-001","category":"device","source":"native-ean","v1_purged":0}
{"level":"info","ts":1785238591.6691883,"logger":"discovery","caller":"ean/discovery.go:555","msg":"capability registered/updated","cap_id":"bacnet_ip.list_points","agent_id":"edgex-node-001","category":"device","source":"native-ean","v1_purged":0}
{"level":"info","ts":1785238591.6691883,"logger":"discovery","caller":"ean/discovery.go:555","msg":"capability registered/updated","cap_id":"iec60870_5_104.read_holding_register","agent_id":"edgex-node-001","category":"device","source":"native-ean","v1_purged":0}
{"level":"info","ts":1785238591.6691883,"logger":"discovery","caller":"ean/discovery.go:555","msg":"capability registered/updated","cap_id":"iec60870_5_104.scan_devices","agent_id":"edgex-node-001","category":"device","source":"native-ean","v1_purged":0}
{"level":"info","ts":1785238591.6691883,"logger":"discovery","caller":"ean/discovery.go:555","msg":"capability registered/updated","cap_id":"ethercat.scan_devices","agent_id":"edgex-node-001","category":"device","source":"native-ean","v1_purged":0}
{"level":"info","ts":1785238591.6691883,"logger":"discovery","caller":"ean/discovery.go:555","msg":"capability registered/updated","cap_id":"dlt645.scan_devices","agent_id":"edgex-node-001","category":"device","source":"native-ean","v1_purged":0}
{"level":"info","ts":1785238591.6691883,"logger":"discovery","caller":"ean/discovery.go:555","msg":"capability registered/updated","cap_id":"modbus_rtu.read_holding_register","agent_id":"edgex-node-001","category":"device","source":"native-ean","v1_purged":0}
{"level":"info","ts":1785238591.6691883,"logger":"discovery","caller":"ean/discovery.go:555","msg":"capability registered/updated","cap_id":"modbus_rtu_over_tcp.list_points","agent_id":"edgex-node-001","category":"device","source":"native-ean","v1_purged":0}
{"level":"info","ts":1785238591.6691883,"logger":"discovery","caller":"ean/discovery.go:555","msg":"capability registered/updated","cap_id":"opc_ua.scan_devices","agent_id":"edgex-node-001","category":"device","source":"native-ean","v1_purged":0}
{"level":"info","ts":1785238591.6691883,"logger":"discovery","caller":"ean/discovery.go:555","msg":"capability registered/updated","cap_id":"opc_ua.list_points","agent_id":"edgex-node-001","category":"device","source":"native-ean","v1_purged":0}
{"level":"info","ts":1785238591.6698472,"logger":"discovery","caller":"ean/discovery.go:555","msg":"capability registered/updated","cap_id":"s7.read_holding_register","agent_id":"edgex-node-001","category":"device","source":"native-ean","v1_purged":0}
{"level":"info","ts":1785238591.6698472,"logger":"discovery","caller":"ean/discovery.go:555","msg":"capability registered/updated","cap_id":"omron_fins.list_points","agent_id":"edgex-node-001","category":"device","source":"native-ean","v1_purged":0}
{"level":"info","ts":1785238591.6698472,"logger":"discovery","caller":"ean/discovery.go:555","msg":"capability registered/updated","cap_id":"dlt645.read_holding_register","agent_id":"edgex-node-001","category":"device","source":"native-ean","v1_purged":0}
{"level":"info","ts":1785238591.6698472,"logger":"discovery","caller":"ean/discovery.go:555","msg":"capability registered/updated","cap_id":"profinet_io.list_points","agent_id":"edgex-node-001","category":"device","source":"native-ean","v1_purged":0}
{"level":"info","ts":1785238591.6698472,"logger":"discovery","caller":"ean/discovery.go:555","msg":"capability registered/updated","cap_id":"ethercat.read_holding_register","agent_id":"edgex-node-001","category":"device","source":"native-ean","v1_purged":0}
{"level":"info","ts":1785238591.6698472,"logger":"discovery","caller":"ean/discovery.go:555","msg":"capability registered/updated","cap_id":"modbus_tcp.list_points","agent_id":"edgex-node-001","category":"device","source":"native-ean","v1_purged":0}
{"level":"info","ts":1785238591.6698472,"logger":"discovery","caller":"ean/discovery.go:555","msg":"capability registered/updated","cap_id":"ethernet_ip.scan_devices","agent_id":"edgex-node-001","category":"device","source":"native-ean","v1_purged":0}
{"level":"info","ts":1785238591.6698472,"logger":"discovery","caller":"ean/discovery.go:555","msg":"capability registered/updated","cap_id":"omron_fins.write_register","agent_id":"edgex-node-001","category":"device","source":"native-ean","v1_purged":0}
{"level":"info","ts":1785238591.6698472,"logger":"discovery","caller":"ean/discovery.go:555","msg":"capability registered/updated","cap_id":"modbus_rtu_over_tcp.read_holding_register","agent_id":"edgex-node-001","category":"device","source":"native-ean","v1_purged":0}
{"level":"info","ts":1785238591.6698472,"logger":"discovery","caller":"ean/discovery.go:555","msg":"capability registered/updated","cap_id":"knxnet_ip.list_points","agent_id":"edgex-node-001","category":"device","source":"native-ean","v1_purged":0}
{"level":"info","ts":1785238591.6698472,"logger":"discovery","caller":"ean/discovery.go:555","msg":"capability registered/updated","cap_id":"modbus_tcp.write_register","agent_id":"edgex-node-001","category":"device","source":"native-ean","v1_purged":0}
{"level":"info","ts":1785238591.6698472,"logger":"discovery","caller":"ean/discovery.go:555","msg":"capability registered/updated","cap_id":"omron_fins.read_holding_register","agent_id":"edgex-node-001","category":"device","source":"native-ean","v1_purged":0}
{"level":"info","ts":1785238591.6698472,"logger":"discovery","caller":"ean/discovery.go:555","msg":"capability registered/updated","cap_id":"dlt645.write_register","agent_id":"edgex-node-001","category":"device","source":"native-ean","v1_purged":0}
{"level":"info","ts":1785238591.6698472,"logger":"discovery","caller":"ean/discovery.go:555","msg":"capability registered/updated","cap_id":"mitsubishi_slmp.read_holding_register","agent_id":"edgex-node-001","category":"device","source":"native-ean","v1_purged":0}
{"level":"info","ts":1785238591.6698472,"logger":"discovery","caller":"ean/discovery.go:555","msg":"capability registered/updated","cap_id":"iec60870_5_104.write_register","agent_id":"edgex-node-001","category":"device","source":"native-ean","v1_purged":0}
{"level":"info","ts":1785238591.6698472,"logger":"discovery","caller":"ean/discovery.go:555","msg":"capability registered/updated","cap_id":"ethercat.write_register","agent_id":"edgex-node-001","category":"device","source":"native-ean","v1_purged":0}
{"level":"info","ts":1785238591.6698472,"logger":"discovery","caller":"ean/discovery.go:555","msg":"capability registered/updated","cap_id":"modbus_rtu_over_tcp.scan_devices","agent_id":"edgex-node-001","category":"device","source":"native-ean","v1_purged":0}
{"level":"info","ts":1785238591.6698472,"logger":"discovery","caller":"ean/discovery.go:555","msg":"capability registered/updated","cap_id":"s7.list_points","agent_id":"edgex-node-001","category":"device","source":"native-ean","v1_purged":0}
{"level":"info","ts":1785238591.6698472,"logger":"discovery","caller":"ean/discovery.go:555","msg":"capability registered/updated","cap_id":"mitsubishi_slmp.write_register","agent_id":"edgex-node-001","category":"device","source":"native-ean","v1_purged":0}
{"level":"info","ts":1785238591.6698472,"logger":"discovery","caller":"ean/discovery.go:555","msg":"capability registered/updated","cap_id":"profinet_io.write_register","agent_id":"edgex-node-001","category":"device","source":"native-ean","v1_purged":0}
{"level":"info","ts":1785238591.6698472,"logger":"discovery","caller":"ean/discovery.go:555","msg":"capability registered/updated","cap_id":"mitsubishi_slmp.scan_devices","agent_id":"edgex-node-001","category":"device","source":"native-ean","v1_purged":0}
{"level":"info","ts":1785238591.6698472,"logger":"discovery","caller":"ean/discovery.go:555","msg":"capability registered/updated","cap_id":"bacnet_ip.write_register","agent_id":"edgex-node-001","category":"device","source":"native-ean","v1_purged":0}
{"level":"info","ts":1785238591.6698472,"logger":"discovery","caller":"ean/discovery.go:555","msg":"capability registered/updated","cap_id":"s7.write_register","agent_id":"edgex-node-001","category":"device","source":"native-ean","v1_purged":0}
{"level":"info","ts":1785238591.6698472,"logger":"discovery","caller":"ean/discovery.go:555","msg":"capability registered/updated","cap_id":"s7.scan_devices","agent_id":"edgex-node-001","category":"device","source":"native-ean","v1_purged":0}
{"level":"info","ts":1785238591.6698472,"logger":"discovery","caller":"ean/discovery.go:555","msg":"capability registered/updated","cap_id":"opc_ua.write_register","agent_id":"edgex-node-001","category":"device","source":"native-ean","v1_purged":0}
{"level":"info","ts":1785238591.6698472,"logger":"discovery","caller":"ean/discovery.go:555","msg":"capability registered/updated","cap_id":"knxnet_ip.read_holding_register","agent_id":"edgex-node-001","category":"device","source":"native-ean","v1_purged":0}
{"level":"info","ts":1785238591.6698472,"logger":"discovery","caller":"ean/discovery.go:555","msg":"capability registered/updated","cap_id":"ethernet_ip.list_points","agent_id":"edgex-node-001","category":"device","source":"native-ean","v1_purged":0}
{"level":"info","ts":1785238591.670359,"logger":"discovery","caller":"ean/discovery.go:555","msg":"capability registered/updated","cap_id":"modbus_rtu.scan_devices","agent_id":"edgex-node-001","category":"device","source":"native-ean","v1_purged":0}
{"level":"info","ts":1785238591.670359,"logger":"discovery","caller":"ean/discovery.go:555","msg":"capability registered/updated","cap_id":"ethernet_ip.read_holding_register","agent_id":"edgex-node-001","category":"device","source":"native-ean","v1_purged":0}
{"level":"info","ts":1785238591.670359,"logger":"discovery","caller":"ean/discovery.go:555","msg":"capability registered/updated","cap_id":"ethernet_ip.write_register","agent_id":"edgex-node-001","category":"device","source":"native-ean","v1_purged":0}
{"level":"info","ts":1785238591.670359,"logger":"discovery","caller":"ean/discovery.go:555","msg":"capability registered/updated","cap_id":"knxnet_ip.write_register","agent_id":"edgex-node-001","category":"device","source":"native-ean","v1_purged":0}
{"level":"info","ts":1785238591.670359,"logger":"discovery","caller":"ean/discovery.go:555","msg":"capability registered/updated","cap_id":"snmp.write_register","agent_id":"edgex-node-001","category":"device","source":"native-ean","v1_purged":0}
{"level":"info","ts":1785238591.670359,"logger":"discovery","caller":"ean/discovery.go:555","msg":"capability registered/updated","cap_id":"snmp.list_points","agent_id":"edgex-node-001","category":"device","source":"native-ean","v1_purged":0}
{"level":"info","ts":1785238591.670359,"logger":"discovery","caller":"ean/discovery.go:555","msg":"capability registered/updated","cap_id":"modbus_rtu_over_tcp.write_register","agent_id":"edgex-node-001","category":"device","source":"native-ean","v1_purged":0}
{"level":"info","ts":1785238591.670359,"logger":"discovery","caller":"ean/discovery.go:555","msg":"capability registered/updated","cap_id":"iec60870_5_104.list_points","agent_id":"edgex-node-001","category":"device","source":"native-ean","v1_purged":0}
{"level":"info","ts":1785238591.670359,"logger":"discovery","caller":"ean/discovery.go:555","msg":"capability registered/updated","cap_id":"mitsubishi_slmp.list_points","agent_id":"edgex-node-001","category":"device","source":"native-ean","v1_purged":0}
{"level":"info","ts":1785238591.6704633,"logger":"discovery","caller":"ean/discovery.go:555","msg":"capability registered/updated","cap_id":"ai.doc_parse","agent_id":"edgex-node-001","category":"ai","source":"native-ean","v1_purged":0}
{"level":"info","ts":1785238591.6704633,"logger":"discovery","caller":"ean/discovery.go:555","msg":"capability registered/updated","cap_id":"knxnet_ip.scan_devices","agent_id":"edgex-node-001","category":"device","source":"native-ean","v1_purged":0}
{"level":"info","ts":1785238591.6704633,"logger":"discovery","caller":"ean/discovery.go:555","msg":"capability registered/updated","cap_id":"dlt645.list_points","agent_id":"edgex-node-001","category":"device","source":"native-ean","v1_purged":0}
{"level":"info","ts":1785238591.6704633,"logger":"discovery","caller":"ean/discovery.go:555","msg":"capability registered/updated","cap_id":"profinet_io.scan_devices","agent_id":"edgex-node-001","category":"device","source":"native-ean","v1_purged":0}
{"level":"info","ts":1785238591.6704633,"logger":"discovery","caller":"ean/discovery.go:555","msg":"capability registered/updated","cap_id":"modbus_tcp.read_holding_register","agent_id":"edgex-node-001","category":"device","source":"native-ean","v1_purged":0}
{"level":"info","ts":1785238591.6704633,"logger":"discovery","caller":"ean/discovery.go:555","msg":"capability registered/updated","cap_id":"ethercat.list_points","agent_id":"edgex-node-001","category":"device","source":"native-ean","v1_purged":0}
{"level":"info","ts":1785238591.6704633,"logger":"discovery","caller":"ean/discovery.go:555","msg":"capability registered/updated","cap_id":"ai.protocol_reverse","agent_id":"edgex-node-001","category":"ai","source":"native-ean","v1_purged":0}
{"level":"info","ts":1785238591.6704633,"logger":"discovery","caller":"ean/discovery.go:555","msg":"capability registered/updated","cap_id":"modbus_rtu.write_register","agent_id":"edgex-node-001","category":"device","source":"native-ean","v1_purged":0}
{"level":"info","ts":1785238591.6704633,"logger":"discovery","caller":"ean/discovery.go:555","msg":"capability registered/updated","cap_id":"modbus_rtu.list_points","agent_id":"edgex-node-001","category":"device","source":"native-ean","v1_purged":0}
{"level":"warn","ts":1785238593.6797922,"logger":"heartbeat","caller":"ean/heartbeat.go:151","msg":"heartbeat sequence regression detected","agent_id":"edgex-node-001","old_seq":26,"new_seq":0}
{"level":"info","ts":1785238651.6690373,"logger":"discovery","caller":"ean/discovery.go:555","msg":"capability registered/updated","cap_id":"modbus_tcp.write_register","agent_id":"edgex-node-001","category":"device","source":"native-ean","v1_purged":0}
{"level":"info","ts":1785238651.6690373,"logger":"discovery","caller":"ean/discovery.go:555","msg":"capability registered/updated","cap_id":"omron_fins.read_holding_register","agent_id":"edgex-node-001","category":"device","source":"native-ean","v1_purged":0}
{"level":"info","ts":1785238651.6690373,"logger":"discovery","caller":"ean/discovery.go:555","msg":"capability registered/updated","cap_id":"dlt645.write_register","agent_id":"edgex-node-001","category":"device","source":"native-ean","v1_purged":0}
{"level":"info","ts":1785238651.6690373,"logger":"discovery","caller":"ean/discovery.go:555","msg":"capability registered/updated","cap_id":"mitsubishi_slmp.read_holding_register","agent_id":"edgex-node-001","category":"device","source":"native-ean","v1_purged":0}
{"level":"info","ts":1785238651.6690373,"logger":"discovery","caller":"ean/discovery.go:555","msg":"capability registered/updated","cap_id":"iec60870_5_104.write_register","agent_id":"edgex-node-001","category":"device","source":"native-ean","v1_purged":0}
{"level":"info","ts":1785238651.6690373,"logger":"discovery","caller":"ean/discovery.go:555","msg":"capability registered/updated","cap_id":"ethercat.write_register","agent_id":"edgex-node-001","category":"device","source":"native-ean","v1_purged":0}
{"level":"info","ts":1785238651.6690373,"logger":"discovery","caller":"ean/discovery.go:555","msg":"capability registered/updated","cap_id":"modbus_rtu_over_tcp.scan_devices","agent_id":"edgex-node-001","category":"device","source":"native-ean","v1_purged":0}
{"level":"info","ts":1785238651.6690373,"logger":"discovery","caller":"ean/discovery.go:555","msg":"capability registered/updated","cap_id":"s7.list_points","agent_id":"edgex-node-001","category":"device","source":"native-ean","v1_purged":0}
{"level":"info","ts":1785238651.6690373,"logger":"discovery","caller":"ean/discovery.go:555","msg":"capability registered/updated","cap_id":"mitsubishi_slmp.write_register","agent_id":"edgex-node-001","category":"device","source":"native-ean","v1_purged":0}
{"level":"info","ts":1785238651.6690373,"logger":"discovery","caller":"ean/discovery.go:555","msg":"capability registered/updated","cap_id":"profinet_io.write_register","agent_id":"edgex-node-001","category":"device","source":"native-ean","v1_purged":0}
{"level":"info","ts":1785238651.6692398,"logger":"discovery","caller":"ean/discovery.go:555","msg":"capability registered/updated","cap_id":"mitsubishi_slmp.scan_devices","agent_id":"edgex-node-001","category":"device","source":"native-ean","v1_purged":0}
{"level":"info","ts":1785238651.6692398,"logger":"discovery","caller":"ean/discovery.go:555","msg":"capability registered/updated","cap_id":"bacnet_ip.write_register","agent_id":"edgex-node-001","category":"device","source":"native-ean","v1_purged":0}
{"level":"info","ts":1785238651.6692398,"logger":"discovery","caller":"ean/discovery.go:555","msg":"capability registered/updated","cap_id":"s7.write_register","agent_id":"edgex-node-001","category":"device","source":"native-ean","v1_purged":0}
{"level":"info","ts":1785238651.6692398,"logger":"discovery","caller":"ean/discovery.go:555","msg":"capability registered/updated","cap_id":"s7.scan_devices","agent_id":"edgex-node-001","category":"device","source":"native-ean","v1_purged":0}
{"level":"info","ts":1785238651.6692398,"logger":"discovery","caller":"ean/discovery.go:555","msg":"capability registered/updated","cap_id":"opc_ua.write_register","agent_id":"edgex-node-001","category":"device","source":"native-ean","v1_purged":0}
{"level":"info","ts":1785238651.6692398,"logger":"discovery","caller":"ean/discovery.go:555","msg":"capability registered/updated","cap_id":"knxnet_ip.read_holding_register","agent_id":"edgex-node-001","category":"device","source":"native-ean","v1_purged":0}
{"level":"info","ts":1785238651.6692398,"logger":"discovery","caller":"ean/discovery.go:555","msg":"capability registered/updated","cap_id":"ethernet_ip.list_points","agent_id":"edgex-node-001","category":"device","source":"native-ean","v1_purged":0}
{"level":"info","ts":1785238651.6692398,"logger":"discovery","caller":"ean/discovery.go:555","msg":"capability registered/updated","cap_id":"modbus_rtu.scan_devices","agent_id":"edgex-node-001","category":"device","source":"native-ean","v1_purged":0}
{"level":"info","ts":1785238651.6692398,"logger":"discovery","caller":"ean/discovery.go:555","msg":"capability registered/updated","cap_id":"ethernet_ip.read_holding_register","agent_id":"edgex-node-001","category":"device","source":"native-ean","v1_purged":0}
{"level":"info","ts":1785238651.6692398,"logger":"discovery","caller":"ean/discovery.go:555","msg":"capability registered/updated","cap_id":"ethernet_ip.write_register","agent_id":"edgex-node-001","category":"device","source":"native-ean","v1_purged":0}
{"level":"info","ts":1785238651.6692398,"logger":"discovery","caller":"ean/discovery.go:555","msg":"capability registered/updated","cap_id":"knxnet_ip.write_register","agent_id":"edgex-node-001","category":"device","source":"native-ean","v1_purged":0}
{"level":"info","ts":1785238651.6692398,"logger":"discovery","caller":"ean/discovery.go:555","msg":"capability registered/updated","cap_id":"snmp.write_register","agent_id":"edgex-node-001","category":"device","source":"native-ean","v1_purged":0}
{"level":"info","ts":1785238651.6692398,"logger":"discovery","caller":"ean/discovery.go:555","msg":"capability registered/updated","cap_id":"snmp.list_points","agent_id":"edgex-node-001","category":"device","source":"native-ean","v1_purged":0}
{"level":"info","ts":1785238651.6692398,"logger":"discovery","caller":"ean/discovery.go:555","msg":"capability registered/updated","cap_id":"modbus_rtu_over_tcp.write_register","agent_id":"edgex-node-001","category":"device","source":"native-ean","v1_purged":0}
{"level":"info","ts":1785238651.6692398,"logger":"discovery","caller":"ean/discovery.go:555","msg":"capability registered/updated","cap_id":"iec60870_5_104.list_points","agent_id":"edgex-node-001","category":"device","source":"native-ean","v1_purged":0}
{"level":"info","ts":1785238651.6692398,"logger":"discovery","caller":"ean/discovery.go:555","msg":"capability registered/updated","cap_id":"mitsubishi_slmp.list_points","agent_id":"edgex-node-001","category":"device","source":"native-ean","v1_purged":0}
{"level":"info","ts":1785238651.6692398,"logger":"discovery","caller":"ean/discovery.go:555","msg":"capability registered/updated","cap_id":"ai.doc_parse","agent_id":"edgex-node-001","category":"ai","source":"native-ean","v1_purged":0}
{"level":"info","ts":1785238651.6692398,"logger":"discovery","caller":"ean/discovery.go:555","msg":"capability registered/updated","cap_id":"knxnet_ip.scan_devices","agent_id":"edgex-node-001","category":"device","source":"native-ean","v1_purged":0}
{"level":"info","ts":1785238651.6692398,"logger":"discovery","caller":"ean/discovery.go:555","msg":"capability registered/updated","cap_id":"dlt645.list_points","agent_id":"edgex-node-001","category":"device","source":"native-ean","v1_purged":0}
{"level":"info","ts":1785238651.6692398,"logger":"discovery","caller":"ean/discovery.go:555","msg":"capability registered/updated","cap_id":"profinet_io.scan_devices","agent_id":"edgex-node-001","category":"device","source":"native-ean","v1_purged":0}
{"level":"info","ts":1785238651.6692398,"logger":"discovery","caller":"ean/discovery.go:555","msg":"capability registered/updated","cap_id":"modbus_tcp.read_holding_register","agent_id":"edgex-node-001","category":"device","source":"native-ean","v1_purged":0}
{"level":"info","ts":1785238651.6692398,"logger":"discovery","caller":"ean/discovery.go:555","msg":"capability registered/updated","cap_id":"ethercat.list_points","agent_id":"edgex-node-001","category":"device","source":"native-ean","v1_purged":0}
{"level":"info","ts":1785238651.6692398,"logger":"discovery","caller":"ean/discovery.go:555","msg":"capability registered/updated","cap_id":"ai.protocol_reverse","agent_id":"edgex-node-001","category":"ai","source":"native-ean","v1_purged":0}
{"level":"info","ts":1785238651.6692398,"logger":"discovery","caller":"ean/discovery.go:555","msg":"capability registered/updated","cap_id":"modbus_rtu.write_register","agent_id":"edgex-node-001","category":"device","source":"native-ean","v1_purged":0}
{"level":"info","ts":1785238651.6692398,"logger":"discovery","caller":"ean/discovery.go:555","msg":"capability registered/updated","cap_id":"modbus_rtu.list_points","agent_id":"edgex-node-001","category":"device","source":"native-ean","v1_purged":0}
{"level":"info","ts":1785238651.6692398,"logger":"discovery","caller":"ean/discovery.go:555","msg":"capability registered/updated","cap_id":"bacnet_ip.scan_devices","agent_id":"edgex-node-001","category":"device","source":"native-ean","v1_purged":0}
{"level":"info","ts":1785238651.6692398,"logger":"discovery","caller":"ean/discovery.go:555","msg":"capability registered/updated","cap_id":"opc_ua.read_holding_register","agent_id":"edgex-node-001","category":"device","source":"native-ean","v1_purged":0}
{"level":"info","ts":1785238651.6692398,"logger":"discovery","caller":"ean/discovery.go:555","msg":"capability registered/updated","cap_id":"snmp.read_holding_register","agent_id":"edgex-node-001","category":"device","source":"native-ean","v1_purged":0}
{"level":"info","ts":1785238651.6692398,"logger":"discovery","caller":"ean/discovery.go:555","msg":"capability registered/updated","cap_id":"profinet_io.read_holding_register","agent_id":"edgex-node-001","category":"device","source":"native-ean","v1_purged":0}
{"level":"info","ts":1785238651.6692398,"logger":"discovery","caller":"ean/discovery.go:555","msg":"capability registered/updated","cap_id":"bacnet_ip.read_holding_register","agent_id":"edgex-node-001","category":"device","source":"native-ean","v1_purged":0}
{"level":"info","ts":1785238651.6692398,"logger":"discovery","caller":"ean/discovery.go:555","msg":"capability registered/updated","cap_id":"omron_fins.scan_devices","agent_id":"edgex-node-001","category":"device","source":"native-ean","v1_purged":0}
{"level":"info","ts":1785238651.6692398,"logger":"discovery","caller":"ean/discovery.go:555","msg":"capability registered/updated","cap_id":"snmp.scan_devices","agent_id":"edgex-node-001","category":"device","source":"native-ean","v1_purged":0}
{"level":"info","ts":1785238651.6692398,"logger":"discovery","caller":"ean/discovery.go:555","msg":"capability registered/updated","cap_id":"system.diagnostics","agent_id":"edgex-node-001","category":"system","source":"native-ean","v1_purged":0}
{"level":"info","ts":1785238651.6692398,"logger":"discovery","caller":"ean/discovery.go:555","msg":"capability registered/updated","cap_id":"modbus_tcp.scan_devices","agent_id":"edgex-node-001","category":"device","source":"native-ean","v1_purged":0}
{"level":"info","ts":1785238651.6692398,"logger":"discovery","caller":"ean/discovery.go:555","msg":"capability registered/updated","cap_id":"bacnet_ip.list_points","agent_id":"edgex-node-001","category":"device","source":"native-ean","v1_purged":0}
{"level":"info","ts":1785238651.6692398,"logger":"discovery","caller":"ean/discovery.go:555","msg":"capability registered/updated","cap_id":"iec60870_5_104.read_holding_register","agent_id":"edgex-node-001","category":"device","source":"native-ean","v1_purged":0}
{"level":"info","ts":1785238651.6692398,"logger":"discovery","caller":"ean/discovery.go:555","msg":"capability registered/updated","cap_id":"iec60870_5_104.scan_devices","agent_id":"edgex-node-001","category":"device","source":"native-ean","v1_purged":0}
{"level":"info","ts":1785238651.6692398,"logger":"discovery","caller":"ean/discovery.go:555","msg":"capability registered/updated","cap_id":"ethercat.scan_devices","agent_id":"edgex-node-001","category":"device","source":"native-ean","v1_purged":0}
{"level":"info","ts":1785238651.6692398,"logger":"discovery","caller":"ean/discovery.go:555","msg":"capability registered/updated","cap_id":"dlt645.scan_devices","agent_id":"edgex-node-001","category":"device","source":"native-ean","v1_purged":0}
{"level":"info","ts":1785238651.6692398,"logger":"discovery","caller":"ean/discovery.go:555","msg":"capability registered/updated","cap_id":"modbus_rtu.read_holding_register","agent_id":"edgex-node-001","category":"device","source":"native-ean","v1_purged":0}
{"level":"info","ts":1785238651.6692398,"logger":"discovery","caller":"ean/discovery.go:555","msg":"capability registered/updated","cap_id":"modbus_rtu_over_tcp.list_points","agent_id":"edgex-node-001","category":"device","source":"native-ean","v1_purged":0}
{"level":"info","ts":1785238651.6692398,"logger":"discovery","caller":"ean/discovery.go:555","msg":"capability registered/updated","cap_id":"opc_ua.scan_devices","agent_id":"edgex-node-001","category":"device","source":"native-ean","v1_purged":0}
{"level":"info","ts":1785238651.6692398,"logger":"discovery","caller":"ean/discovery.go:555","msg":"capability registered/updated","cap_id":"opc_ua.list_points","agent_id":"edgex-node-001","category":"device","source":"native-ean","v1_purged":0}
{"level":"info","ts":1785238651.6692398,"logger":"discovery","caller":"ean/discovery.go:555","msg":"capability registered/updated","cap_id":"s7.read_holding_register","agent_id":"edgex-node-001","category":"device","source":"native-ean","v1_purged":0}
{"level":"info","ts":1785238651.6692398,"logger":"discovery","caller":"ean/discovery.go:555","msg":"capability registered/updated","cap_id":"omron_fins.list_points","agent_id":"edgex-node-001","category":"device","source":"native-ean","v1_purged":0}
{"level":"info","ts":1785238651.6692398,"logger":"discovery","caller":"ean/discovery.go:555","msg":"capability registered/updated","cap_id":"dlt645.read_holding_register","agent_id":"edgex-node-001","category":"device","source":"native-ean","v1_purged":0}
{"level":"info","ts":1785238651.6692398,"logger":"discovery","caller":"ean/discovery.go:555","msg":"capability registered/updated","cap_id":"profinet_io.list_points","agent_id":"edgex-node-001","category":"device","source":"native-ean","v1_purged":0}
{"level":"info","ts":1785238651.6692398,"logger":"discovery","caller":"ean/discovery.go:555","msg":"capability registered/updated","cap_id":"ethercat.read_holding_register","agent_id":"edgex-node-001","category":"device","source":"native-ean","v1_purged":0}
{"level":"info","ts":1785238651.6692398,"logger":"discovery","caller":"ean/discovery.go:555","msg":"capability registered/updated","cap_id":"modbus_tcp.list_points","agent_id":"edgex-node-001","category":"device","source":"native-ean","v1_purged":0}
{"level":"info","ts":1785238651.6692398,"logger":"discovery","caller":"ean/discovery.go:555","msg":"capability registered/updated","cap_id":"ethernet_ip.scan_devices","agent_id":"edgex-node-001","category":"device","source":"native-ean","v1_purged":0}
{"level":"info","ts":1785238651.6692398,"logger":"discovery","caller":"ean/discovery.go:555","msg":"capability registered/updated","cap_id":"omron_fins.write_register","agent_id":"edgex-node-001","category":"device","source":"native-ean","v1_purged":0}
{"level":"info","ts":1785238651.6692398,"logger":"discovery","caller":"ean/discovery.go:555","msg":"capability registered/updated","cap_id":"modbus_rtu_over_tcp.read_holding_register","agent_id":"edgex-node-001","category":"device","source":"native-ean","v1_purged":0}
{"level":"info","ts":1785238651.6692398,"logger":"discovery","caller":"ean/discovery.go:555","msg":"capability registered/updated","cap_id":"knxnet_ip.list_points","agent_id":"edgex-node-001","category":"device","source":"native-ean","v1_purged":0}
{"level":"warn","ts":1785238653.679755,"logger":"heartbeat","caller":"ean/heartbeat.go:151","msg":"heartbeat sequence regression detected","agent_id":"edgex-node-001","old_seq":27,"new_seq":0}
{"level":"info","ts":1785238660.6774418,"logger":"ean-bus","caller":"ean/bus.go:601","msg":"主动发现查询已发布","topic":"$edgeos/discovery/query"}
{"level":"info","ts":1785238660.6962612,"logger":"discovery","caller":"ean/discovery.go:216","msg":"agent updated via discovery response","agent_id":"edgex-node-001","kind":"device","source":"native-ean"}
{"level":"info","ts":1785238660.6963327,"logger":"heartbeat","caller":"ean/heartbeat.go:283","msg":"heartbeat interval updated","agent_id":"edgex-node-001","interval_sec":60}
{"level":"info","ts":1785238660.6963327,"logger":"discovery","caller":"ean/discovery.go:555","msg":"capability registered/updated","cap_id":"modbus_rtu_over_tcp.write_register","agent_id":"edgex-node-001","category":"device","source":"native-ean","v1_purged":0}
{"level":"info","ts":1785238660.6963327,"logger":"discovery","caller":"ean/discovery.go:555","msg":"capability registered/updated","cap_id":"iec60870_5_104.list_points","agent_id":"edgex-node-001","category":"device","source":"native-ean","v1_purged":0}
{"level":"info","ts":1785238660.6963327,"logger":"discovery","caller":"ean/discovery.go:555","msg":"capability registered/updated","cap_id":"mitsubishi_slmp.list_points","agent_id":"edgex-node-001","category":"device","source":"native-ean","v1_purged":0}
{"level":"info","ts":1785238660.6963327,"logger":"discovery","caller":"ean/discovery.go:555","msg":"capability registered/updated","cap_id":"ai.doc_parse","agent_id":"edgex-node-001","category":"ai","source":"native-ean","v1_purged":0}
{"level":"info","ts":1785238660.6963327,"logger":"discovery","caller":"ean/discovery.go:555","msg":"capability registered/updated","cap_id":"knxnet_ip.scan_devices","agent_id":"edgex-node-001","category":"device","source":"native-ean","v1_purged":0}
{"level":"info","ts":1785238660.6963327,"logger":"discovery","caller":"ean/discovery.go:555","msg":"capability registered/updated","cap_id":"dlt645.list_points","agent_id":"edgex-node-001","category":"device","source":"native-ean","v1_purged":0}
{"level":"info","ts":1785238660.6963327,"logger":"discovery","caller":"ean/discovery.go:555","msg":"capability registered/updated","cap_id":"profinet_io.scan_devices","agent_id":"edgex-node-001","category":"device","source":"native-ean","v1_purged":0}
{"level":"info","ts":1785238660.6963327,"logger":"discovery","caller":"ean/discovery.go:555","msg":"capability registered/updated","cap_id":"modbus_tcp.read_holding_register","agent_id":"edgex-node-001","category":"device","source":"native-ean","v1_purged":0}
{"level":"info","ts":1785238660.6963327,"logger":"discovery","caller":"ean/discovery.go:555","msg":"capability registered/updated","cap_id":"ethercat.list_points","agent_id":"edgex-node-001","category":"device","source":"native-ean","v1_purged":0}
{"level":"info","ts":1785238660.6963327,"logger":"discovery","caller":"ean/discovery.go:555","msg":"capability registered/updated","cap_id":"ai.protocol_reverse","agent_id":"edgex-node-001","category":"ai","source":"native-ean","v1_purged":0}
{"level":"info","ts":1785238660.6963327,"logger":"discovery","caller":"ean/discovery.go:555","msg":"capability registered/updated","cap_id":"modbus_rtu.write_register","agent_id":"edgex-node-001","category":"device","source":"native-ean","v1_purged":0}
{"level":"info","ts":1785238660.6963327,"logger":"discovery","caller":"ean/discovery.go:555","msg":"capability registered/updated","cap_id":"modbus_rtu.list_points","agent_id":"edgex-node-001","category":"device","source":"native-ean","v1_purged":0}
{"level":"info","ts":1785238660.6963327,"logger":"discovery","caller":"ean/discovery.go:555","msg":"capability registered/updated","cap_id":"bacnet_ip.scan_devices","agent_id":"edgex-node-001","category":"device","source":"native-ean","v1_purged":0}
{"level":"info","ts":1785238660.6963327,"logger":"discovery","caller":"ean/discovery.go:555","msg":"capability registered/updated","cap_id":"opc_ua.read_holding_register","agent_id":"edgex-node-001","category":"device","source":"native-ean","v1_purged":0}
{"level":"info","ts":1785238660.6963327,"logger":"discovery","caller":"ean/discovery.go:555","msg":"capability registered/updated","cap_id":"snmp.read_holding_register","agent_id":"edgex-node-001","category":"device","source":"native-ean","v1_purged":0}
{"level":"info","ts":1785238660.6963327,"logger":"discovery","caller":"ean/discovery.go:555","msg":"capability registered/updated","cap_id":"profinet_io.read_holding_register","agent_id":"edgex-node-001","category":"device","source":"native-ean","v1_purged":0}
{"level":"info","ts":1785238660.6963327,"logger":"discovery","caller":"ean/discovery.go:555","msg":"capability registered/updated","cap_id":"bacnet_ip.read_holding_register","agent_id":"edgex-node-001","category":"device","source":"native-ean","v1_purged":0}
{"level":"info","ts":1785238660.6963327,"logger":"discovery","caller":"ean/discovery.go:555","msg":"capability registered/updated","cap_id":"omron_fins.scan_devices","agent_id":"edgex-node-001","category":"device","source":"native-ean","v1_purged":0}
{"level":"info","ts":1785238660.6963327,"logger":"discovery","caller":"ean/discovery.go:555","msg":"capability registered/updated","cap_id":"snmp.scan_devices","agent_id":"edgex-node-001","category":"device","source":"native-ean","v1_purged":0}
{"level":"info","ts":1785238660.6963327,"logger":"discovery","caller":"ean/discovery.go:555","msg":"capability registered/updated","cap_id":"system.diagnostics","agent_id":"edgex-node-001","category":"system","source":"native-ean","v1_purged":0}
{"level":"info","ts":1785238660.6963327,"logger":"discovery","caller":"ean/discovery.go:555","msg":"capability registered/updated","cap_id":"modbus_tcp.scan_devices","agent_id":"edgex-node-001","category":"device","source":"native-ean","v1_purged":0}
{"level":"info","ts":1785238660.6963327,"logger":"discovery","caller":"ean/discovery.go:555","msg":"capability registered/updated","cap_id":"bacnet_ip.list_points","agent_id":"edgex-node-001","category":"device","source":"native-ean","v1_purged":0}
{"level":"info","ts":1785238660.6963327,"logger":"discovery","caller":"ean/discovery.go:555","msg":"capability registered/updated","cap_id":"iec60870_5_104.read_holding_register","agent_id":"edgex-node-001","category":"device","source":"native-ean","v1_purged":0}
{"level":"info","ts":1785238660.6963327,"logger":"discovery","caller":"ean/discovery.go:555","msg":"capability registered/updated","cap_id":"iec60870_5_104.scan_devices","agent_id":"edgex-node-001","category":"device","source":"native-ean","v1_purged":0}
{"level":"info","ts":1785238660.6963327,"logger":"discovery","caller":"ean/discovery.go:555","msg":"capability registered/updated","cap_id":"ethercat.scan_devices","agent_id":"edgex-node-001","category":"device","source":"native-ean","v1_purged":0}
{"level":"info","ts":1785238660.6963327,"logger":"discovery","caller":"ean/discovery.go:555","msg":"capability registered/updated","cap_id":"dlt645.scan_devices","agent_id":"edgex-node-001","category":"device","source":"native-ean","v1_purged":0}
{"level":"info","ts":1785238660.6963327,"logger":"discovery","caller":"ean/discovery.go:555","msg":"capability registered/updated","cap_id":"modbus_rtu.read_holding_register","agent_id":"edgex-node-001","category":"device","source":"native-ean","v1_purged":0}
{"level":"info","ts":1785238660.6963327,"logger":"discovery","caller":"ean/discovery.go:555","msg":"capability registered/updated","cap_id":"modbus_rtu_over_tcp.list_points","agent_id":"edgex-node-001","category":"device","source":"native-ean","v1_purged":0}
{"level":"info","ts":1785238660.6963327,"logger":"discovery","caller":"ean/discovery.go:555","msg":"capability registered/updated","cap_id":"opc_ua.scan_devices","agent_id":"edgex-node-001","category":"device","source":"native-ean","v1_purged":0}
{"level":"info","ts":1785238660.6963327,"logger":"discovery","caller":"ean/discovery.go:555","msg":"capability registered/updated","cap_id":"opc_ua.list_points","agent_id":"edgex-node-001","category":"device","source":"native-ean","v1_purged":0}
{"level":"info","ts":1785238660.6963327,"logger":"discovery","caller":"ean/discovery.go:555","msg":"capability registered/updated","cap_id":"s7.read_holding_register","agent_id":"edgex-node-001","category":"device","source":"native-ean","v1_purged":0}
{"level":"info","ts":1785238660.6963327,"logger":"discovery","caller":"ean/discovery.go:555","msg":"capability registered/updated","cap_id":"omron_fins.list_points","agent_id":"edgex-node-001","category":"device","source":"native-ean","v1_purged":0}
{"level":"info","ts":1785238660.6963327,"logger":"discovery","caller":"ean/discovery.go:555","msg":"capability registered/updated","cap_id":"dlt645.read_holding_register","agent_id":"edgex-node-001","category":"device","source":"native-ean","v1_purged":0}
{"level":"info","ts":1785238660.6963327,"logger":"discovery","caller":"ean/discovery.go:555","msg":"capability registered/updated","cap_id":"profinet_io.list_points","agent_id":"edgex-node-001","category":"device","source":"native-ean","v1_purged":0}
{"level":"info","ts":1785238660.6963327,"logger":"discovery","caller":"ean/discovery.go:555","msg":"capability registered/updated","cap_id":"ethercat.read_holding_register","agent_id":"edgex-node-001","category":"device","source":"native-ean","v1_purged":0}
{"level":"info","ts":1785238660.6963327,"logger":"discovery","caller":"ean/discovery.go:555","msg":"capability registered/updated","cap_id":"modbus_tcp.list_points","agent_id":"edgex-node-001","category":"device","source":"native-ean","v1_purged":0}
{"level":"info","ts":1785238660.6963327,"logger":"discovery","caller":"ean/discovery.go:555","msg":"capability registered/updated","cap_id":"ethernet_ip.scan_devices","agent_id":"edgex-node-001","category":"device","source":"native-ean","v1_purged":0}
{"level":"info","ts":1785238660.6963327,"logger":"discovery","caller":"ean/discovery.go:555","msg":"capability registered/updated","cap_id":"omron_fins.write_register","agent_id":"edgex-node-001","category":"device","source":"native-ean","v1_purged":0}
{"level":"info","ts":1785238660.6963327,"logger":"discovery","caller":"ean/discovery.go:555","msg":"capability registered/updated","cap_id":"modbus_rtu_over_tcp.read_holding_register","agent_id":"edgex-node-001","category":"device","source":"native-ean","v1_purged":0}
{"level":"info","ts":1785238660.6963327,"logger":"discovery","caller":"ean/discovery.go:555","msg":"capability registered/updated","cap_id":"knxnet_ip.list_points","agent_id":"edgex-node-001","category":"device","source":"native-ean","v1_purged":0}
{"level":"info","ts":1785238660.6963327,"logger":"discovery","caller":"ean/discovery.go:555","msg":"capability registered/updated","cap_id":"modbus_tcp.write_register","agent_id":"edgex-node-001","category":"device","source":"native-ean","v1_purged":0}
{"level":"info","ts":1785238660.6963327,"logger":"discovery","caller":"ean/discovery.go:555","msg":"capability registered/updated","cap_id":"omron_fins.read_holding_register","agent_id":"edgex-node-001","category":"device","source":"native-ean","v1_purged":0}
{"level":"info","ts":1785238660.6963327,"logger":"discovery","caller":"ean/discovery.go:555","msg":"capability registered/updated","cap_id":"dlt645.write_register","agent_id":"edgex-node-001","category":"device","source":"native-ean","v1_purged":0}
{"level":"info","ts":1785238660.6963327,"logger":"discovery","caller":"ean/discovery.go:555","msg":"capability registered/updated","cap_id":"mitsubishi_slmp.read_holding_register","agent_id":"edgex-node-001","category":"device","source":"native-ean","v1_purged":0}
{"level":"info","ts":1785238660.6963327,"logger":"discovery","caller":"ean/discovery.go:555","msg":"capability registered/updated","cap_id":"iec60870_5_104.write_register","agent_id":"edgex-node-001","category":"device","source":"native-ean","v1_purged":0}
{"level":"info","ts":1785238660.6963327,"logger":"discovery","caller":"ean/discovery.go:555","msg":"capability registered/updated","cap_id":"ethercat.write_register","agent_id":"edgex-node-001","category":"device","source":"native-ean","v1_purged":0}
{"level":"info","ts":1785238660.6963327,"logger":"discovery","caller":"ean/discovery.go:555","msg":"capability registered/updated","cap_id":"modbus_rtu_over_tcp.scan_devices","agent_id":"edgex-node-001","category":"device","source":"native-ean","v1_purged":0}
{"level":"info","ts":1785238660.6963327,"logger":"discovery","caller":"ean/discovery.go:555","msg":"capability registered/updated","cap_id":"s7.list_points","agent_id":"edgex-node-001","category":"device","source":"native-ean","v1_purged":0}
{"level":"info","ts":1785238660.6963327,"logger":"discovery","caller":"ean/discovery.go:555","msg":"capability registered/updated","cap_id":"mitsubishi_slmp.write_register","agent_id":"edgex-node-001","category":"device","source":"native-ean","v1_purged":0}
{"level":"info","ts":1785238660.6963327,"logger":"discovery","caller":"ean/discovery.go:555","msg":"capability registered/updated","cap_id":"profinet_io.write_register","agent_id":"edgex-node-001","category":"device","source":"native-ean","v1_purged":0}
{"level":"info","ts":1785238660.6963327,"logger":"discovery","caller":"ean/discovery.go:555","msg":"capability registered/updated","cap_id":"mitsubishi_slmp.scan_devices","agent_id":"edgex-node-001","category":"device","source":"native-ean","v1_purged":0}
{"level":"info","ts":1785238660.6963327,"logger":"discovery","caller":"ean/discovery.go:555","msg":"capability registered/updated","cap_id":"bacnet_ip.write_register","agent_id":"edgex-node-001","category":"device","source":"native-ean","v1_purged":0}
{"level":"info","ts":1785238660.6963327,"logger":"discovery","caller":"ean/discovery.go:555","msg":"capability registered/updated","cap_id":"s7.write_register","agent_id":"edgex-node-001","category":"device","source":"native-ean","v1_purged":0}
{"level":"info","ts":1785238660.6963327,"logger":"discovery","caller":"ean/discovery.go:555","msg":"capability registered/updated","cap_id":"s7.scan_devices","agent_id":"edgex-node-001","category":"device","source":"native-ean","v1_purged":0}
{"level":"info","ts":1785238660.6963327,"logger":"discovery","caller":"ean/discovery.go:555","msg":"capability registered/updated","cap_id":"opc_ua.write_register","agent_id":"edgex-node-001","category":"device","source":"native-ean","v1_purged":0}
{"level":"info","ts":1785238660.6963327,"logger":"discovery","caller":"ean/discovery.go:555","msg":"capability registered/updated","cap_id":"knxnet_ip.read_holding_register","agent_id":"edgex-node-001","category":"device","source":"native-ean","v1_purged":0}
{"level":"info","ts":1785238660.6963327,"logger":"discovery","caller":"ean/discovery.go:555","msg":"capability registered/updated","cap_id":"ethernet_ip.list_points","agent_id":"edgex-node-001","category":"device","source":"native-ean","v1_purged":0}
{"level":"info","ts":1785238660.6963327,"logger":"discovery","caller":"ean/discovery.go:555","msg":"capability registered/updated","cap_id":"modbus_rtu.scan_devices","agent_id":"edgex-node-001","category":"device","source":"native-ean","v1_purged":0}
{"level":"info","ts":1785238660.6963327,"logger":"discovery","caller":"ean/discovery.go:555","msg":"capability registered/updated","cap_id":"ethernet_ip.read_holding_register","agent_id":"edgex-node-001","category":"device","source":"native-ean","v1_purged":0}
{"level":"info","ts":1785238660.6963327,"logger":"discovery","caller":"ean/discovery.go:555","msg":"capability registered/updated","cap_id":"ethernet_ip.write_register","agent_id":"edgex-node-001","category":"device","source":"native-ean","v1_purged":0}
{"level":"info","ts":1785238660.6963327,"logger":"discovery","caller":"ean/discovery.go:555","msg":"capability registered/updated","cap_id":"knxnet_ip.write_register","agent_id":"edgex-node-001","category":"device","source":"native-ean","v1_purged":0}
{"level":"info","ts":1785238660.6963327,"logger":"discovery","caller":"ean/discovery.go:555","msg":"capability registered/updated","cap_id":"snmp.write_register","agent_id":"edgex-node-001","category":"device","source":"native-ean","v1_purged":0}
{"level":"info","ts":1785238660.696854,"logger":"discovery","caller":"ean/discovery.go:555","msg":"capability registered/updated","cap_id":"snmp.list_points","agent_id":"edgex-node-001","category":"device","source":"native-ean","v1_purged":0}
{"level":"info","ts":1785238660.696854,"logger":"discovery","caller":"ean/discovery.go:236","msg":"discovery response capabilities indexed","count":63,"transport":"mqtt"}
{"level":"info","ts":1785238711.6604965,"logger":"discovery","caller":"ean/discovery.go:555","msg":"capability registered/updated","cap_id":"bacnet_ip.read_holding_register","agent_id":"edgex-node-001","category":"device","source":"native-ean","v1_purged":0}
{"level":"info","ts":1785238711.6604965,"logger":"discovery","caller":"ean/discovery.go:555","msg":"capability registered/updated","cap_id":"omron_fins.scan_devices","agent_id":"edgex-node-001","category":"device","source":"native-ean","v1_purged":0}
{"level":"info","ts":1785238711.6604965,"logger":"discovery","caller":"ean/discovery.go:555","msg":"capability registered/updated","cap_id":"snmp.scan_devices","agent_id":"edgex-node-001","category":"device","source":"native-ean","v1_purged":0}
{"level":"info","ts":1785238711.6604965,"logger":"discovery","caller":"ean/discovery.go:555","msg":"capability registered/updated","cap_id":"system.diagnostics","agent_id":"edgex-node-001","category":"system","source":"native-ean","v1_purged":0}
{"level":"info","ts":1785238711.6604965,"logger":"discovery","caller":"ean/discovery.go:555","msg":"capability registered/updated","cap_id":"modbus_tcp.scan_devices","agent_id":"edgex-node-001","category":"device","source":"native-ean","v1_purged":0}
{"level":"info","ts":1785238711.6604965,"logger":"discovery","caller":"ean/discovery.go:555","msg":"capability registered/updated","cap_id":"bacnet_ip.list_points","agent_id":"edgex-node-001","category":"device","source":"native-ean","v1_purged":0}
{"level":"info","ts":1785238711.6604965,"logger":"discovery","caller":"ean/discovery.go:555","msg":"capability registered/updated","cap_id":"iec60870_5_104.read_holding_register","agent_id":"edgex-node-001","category":"device","source":"native-ean","v1_purged":0}
{"level":"info","ts":1785238711.6604965,"logger":"discovery","caller":"ean/discovery.go:555","msg":"capability registered/updated","cap_id":"iec60870_5_104.scan_devices","agent_id":"edgex-node-001","category":"device","source":"native-ean","v1_purged":0}
{"level":"info","ts":1785238711.6604965,"logger":"discovery","caller":"ean/discovery.go:555","msg":"capability registered/updated","cap_id":"ethercat.scan_devices","agent_id":"edgex-node-001","category":"device","source":"native-ean","v1_purged":0}
{"level":"info","ts":1785238711.6610315,"logger":"discovery","caller":"ean/discovery.go:555","msg":"capability registered/updated","cap_id":"dlt645.scan_devices","agent_id":"edgex-node-001","category":"device","source":"native-ean","v1_purged":0}
{"level":"info","ts":1785238711.6610315,"logger":"discovery","caller":"ean/discovery.go:555","msg":"capability registered/updated","cap_id":"modbus_rtu.read_holding_register","agent_id":"edgex-node-001","category":"device","source":"native-ean","v1_purged":0}
{"level":"info","ts":1785238711.6610315,"logger":"discovery","caller":"ean/discovery.go:555","msg":"capability registered/updated","cap_id":"modbus_rtu_over_tcp.list_points","agent_id":"edgex-node-001","category":"device","source":"native-ean","v1_purged":0}
{"level":"info","ts":1785238711.6610315,"logger":"discovery","caller":"ean/discovery.go:555","msg":"capability registered/updated","cap_id":"opc_ua.scan_devices","agent_id":"edgex-node-001","category":"device","source":"native-ean","v1_purged":0}
{"level":"info","ts":1785238711.6610315,"logger":"discovery","caller":"ean/discovery.go:555","msg":"capability registered/updated","cap_id":"opc_ua.list_points","agent_id":"edgex-node-001","category":"device","source":"native-ean","v1_purged":0}
{"level":"info","ts":1785238711.6610315,"logger":"discovery","caller":"ean/discovery.go:555","msg":"capability registered/updated","cap_id":"s7.read_holding_register","agent_id":"edgex-node-001","category":"device","source":"native-ean","v1_purged":0}
{"level":"info","ts":1785238711.6610315,"logger":"discovery","caller":"ean/discovery.go:555","msg":"capability registered/updated","cap_id":"omron_fins.list_points","agent_id":"edgex-node-001","category":"device","source":"native-ean","v1_purged":0}
{"level":"info","ts":1785238711.6610315,"logger":"discovery","caller":"ean/discovery.go:555","msg":"capability registered/updated","cap_id":"dlt645.read_holding_register","agent_id":"edgex-node-001","category":"device","source":"native-ean","v1_purged":0}
{"level":"info","ts":1785238711.6610315,"logger":"discovery","caller":"ean/discovery.go:555","msg":"capability registered/updated","cap_id":"profinet_io.list_points","agent_id":"edgex-node-001","category":"device","source":"native-ean","v1_purged":0}
{"level":"info","ts":1785238711.6610315,"logger":"discovery","caller":"ean/discovery.go:555","msg":"capability registered/updated","cap_id":"ethercat.read_holding_register","agent_id":"edgex-node-001","category":"device","source":"native-ean","v1_purged":0}
{"level":"info","ts":1785238711.6610315,"logger":"discovery","caller":"ean/discovery.go:555","msg":"capability registered/updated","cap_id":"modbus_tcp.list_points","agent_id":"edgex-node-001","category":"device","source":"native-ean","v1_purged":0}
{"level":"info","ts":1785238711.6610315,"logger":"discovery","caller":"ean/discovery.go:555","msg":"capability registered/updated","cap_id":"ethernet_ip.scan_devices","agent_id":"edgex-node-001","category":"device","source":"native-ean","v1_purged":0}
{"level":"info","ts":1785238711.6610315,"logger":"discovery","caller":"ean/discovery.go:555","msg":"capability registered/updated","cap_id":"omron_fins.write_register","agent_id":"edgex-node-001","category":"device","source":"native-ean","v1_purged":0}
{"level":"info","ts":1785238711.6610315,"logger":"discovery","caller":"ean/discovery.go:555","msg":"capability registered/updated","cap_id":"modbus_rtu_over_tcp.read_holding_register","agent_id":"edgex-node-001","category":"device","source":"native-ean","v1_purged":0}
{"level":"info","ts":1785238711.6610315,"logger":"discovery","caller":"ean/discovery.go:555","msg":"capability registered/updated","cap_id":"knxnet_ip.list_points","agent_id":"edgex-node-001","category":"device","source":"native-ean","v1_purged":0}
{"level":"info","ts":1785238711.6610315,"logger":"discovery","caller":"ean/discovery.go:555","msg":"capability registered/updated","cap_id":"modbus_tcp.write_register","agent_id":"edgex-node-001","category":"device","source":"native-ean","v1_purged":0}
{"level":"info","ts":1785238711.6610315,"logger":"discovery","caller":"ean/discovery.go:555","msg":"capability registered/updated","cap_id":"omron_fins.read_holding_register","agent_id":"edgex-node-001","category":"device","source":"native-ean","v1_purged":0}
{"level":"info","ts":1785238711.6610315,"logger":"discovery","caller":"ean/discovery.go:555","msg":"capability registered/updated","cap_id":"dlt645.write_register","agent_id":"edgex-node-001","category":"device","source":"native-ean","v1_purged":0}
{"level":"info","ts":1785238711.6610315,"logger":"discovery","caller":"ean/discovery.go:555","msg":"capability registered/updated","cap_id":"mitsubishi_slmp.read_holding_register","agent_id":"edgex-node-001","category":"device","source":"native-ean","v1_purged":0}
{"level":"info","ts":1785238711.6610315,"logger":"discovery","caller":"ean/discovery.go:555","msg":"capability registered/updated","cap_id":"iec60870_5_104.write_register","agent_id":"edgex-node-001","category":"device","source":"native-ean","v1_purged":0}
{"level":"info","ts":1785238711.6610315,"logger":"discovery","caller":"ean/discovery.go:555","msg":"capability registered/updated","cap_id":"ethercat.write_register","agent_id":"edgex-node-001","category":"device","source":"native-ean","v1_purged":0}
{"level":"info","ts":1785238711.6610315,"logger":"discovery","caller":"ean/discovery.go:555","msg":"capability registered/updated","cap_id":"modbus_rtu_over_tcp.scan_devices","agent_id":"edgex-node-001","category":"device","source":"native-ean","v1_purged":0}
{"level":"info","ts":1785238711.6610315,"logger":"discovery","caller":"ean/discovery.go:555","msg":"capability registered/updated","cap_id":"s7.list_points","agent_id":"edgex-node-001","category":"device","source":"native-ean","v1_purged":0}
{"level":"info","ts":1785238711.6610315,"logger":"discovery","caller":"ean/discovery.go:555","msg":"capability registered/updated","cap_id":"mitsubishi_slmp.write_register","agent_id":"edgex-node-001","category":"device","source":"native-ean","v1_purged":0}
{"level":"info","ts":1785238711.6610315,"logger":"discovery","caller":"ean/discovery.go:555","msg":"capability registered/updated","cap_id":"profinet_io.write_register","agent_id":"edgex-node-001","category":"device","source":"native-ean","v1_purged":0}
{"level":"info","ts":1785238711.6610315,"logger":"discovery","caller":"ean/discovery.go:555","msg":"capability registered/updated","cap_id":"mitsubishi_slmp.scan_devices","agent_id":"edgex-node-001","category":"device","source":"native-ean","v1_purged":0}
{"level":"info","ts":1785238711.6610315,"logger":"discovery","caller":"ean/discovery.go:555","msg":"capability registered/updated","cap_id":"bacnet_ip.write_register","agent_id":"edgex-node-001","category":"device","source":"native-ean","v1_purged":0}
{"level":"info","ts":1785238711.6610315,"logger":"discovery","caller":"ean/discovery.go:555","msg":"capability registered/updated","cap_id":"s7.write_register","agent_id":"edgex-node-001","category":"device","source":"native-ean","v1_purged":0}
{"level":"info","ts":1785238711.6610315,"logger":"discovery","caller":"ean/discovery.go:555","msg":"capability registered/updated","cap_id":"s7.scan_devices","agent_id":"edgex-node-001","category":"device","source":"native-ean","v1_purged":0}
{"level":"info","ts":1785238711.6610315,"logger":"discovery","caller":"ean/discovery.go:555","msg":"capability registered/updated","cap_id":"opc_ua.write_register","agent_id":"edgex-node-001","category":"device","source":"native-ean","v1_purged":0}
{"level":"info","ts":1785238711.6610315,"logger":"discovery","caller":"ean/discovery.go:555","msg":"capability registered/updated","cap_id":"knxnet_ip.read_holding_register","agent_id":"edgex-node-001","category":"device","source":"native-ean","v1_purged":0}
{"level":"info","ts":1785238711.6610315,"logger":"discovery","caller":"ean/discovery.go:555","msg":"capability registered/updated","cap_id":"ethernet_ip.list_points","agent_id":"edgex-node-001","category":"device","source":"native-ean","v1_purged":0}
{"level":"info","ts":1785238711.6610315,"logger":"discovery","caller":"ean/discovery.go:555","msg":"capability registered/updated","cap_id":"modbus_rtu.scan_devices","agent_id":"edgex-node-001","category":"device","source":"native-ean","v1_purged":0}
{"level":"info","ts":1785238711.6610315,"logger":"discovery","caller":"ean/discovery.go:555","msg":"capability registered/updated","cap_id":"ethernet_ip.read_holding_register","agent_id":"edgex-node-001","category":"device","source":"native-ean","v1_purged":0}
{"level":"info","ts":1785238711.6610315,"logger":"discovery","caller":"ean/discovery.go:555","msg":"capability registered/updated","cap_id":"ethernet_ip.write_register","agent_id":"edgex-node-001","category":"device","source":"native-ean","v1_purged":0}
{"level":"info","ts":1785238711.6610315,"logger":"discovery","caller":"ean/discovery.go:555","msg":"capability registered/updated","cap_id":"knxnet_ip.write_register","agent_id":"edgex-node-001","category":"device","source":"native-ean","v1_purged":0}
{"level":"info","ts":1785238711.6610315,"logger":"discovery","caller":"ean/discovery.go:555","msg":"capability registered/updated","cap_id":"snmp.write_register","agent_id":"edgex-node-001","category":"device","source":"native-ean","v1_purged":0}
{"level":"info","ts":1785238711.6610315,"logger":"discovery","caller":"ean/discovery.go:555","msg":"capability registered/updated","cap_id":"snmp.list_points","agent_id":"edgex-node-001","category":"device","source":"native-ean","v1_purged":0}
{"level":"info","ts":1785238711.6610315,"logger":"discovery","caller":"ean/discovery.go:555","msg":"capability registered/updated","cap_id":"modbus_rtu_over_tcp.write_register","agent_id":"edgex-node-001","category":"device","source":"native-ean","v1_purged":0}
{"level":"info","ts":1785238711.6610315,"logger":"discovery","caller":"ean/discovery.go:555","msg":"capability registered/updated","cap_id":"iec60870_5_104.list_points","agent_id":"edgex-node-001","category":"device","source":"native-ean","v1_purged":0}
{"level":"info","ts":1785238711.6610315,"logger":"discovery","caller":"ean/discovery.go:555","msg":"capability registered/updated","cap_id":"mitsubishi_slmp.list_points","agent_id":"edgex-node-001","category":"device","source":"native-ean","v1_purged":0}
{"level":"info","ts":1785238711.6610315,"logger":"discovery","caller":"ean/discovery.go:555","msg":"capability registered/updated","cap_id":"ai.doc_parse","agent_id":"edgex-node-001","category":"ai","source":"native-ean","v1_purged":0}
{"level":"info","ts":1785238711.6610315,"logger":"discovery","caller":"ean/discovery.go:555","msg":"capability registered/updated","cap_id":"knxnet_ip.scan_devices","agent_id":"edgex-node-001","category":"device","source":"native-ean","v1_purged":0}
{"level":"info","ts":1785238711.6610315,"logger":"discovery","caller":"ean/discovery.go:555","msg":"capability registered/updated","cap_id":"dlt645.list_points","agent_id":"edgex-node-001","category":"device","source":"native-ean","v1_purged":0}
{"level":"info","ts":1785238711.6610315,"logger":"discovery","caller":"ean/discovery.go:555","msg":"capability registered/updated","cap_id":"profinet_io.scan_devices","agent_id":"edgex-node-001","category":"device","source":"native-ean","v1_purged":0}
{"level":"info","ts":1785238711.6610315,"logger":"discovery","caller":"ean/discovery.go:555","msg":"capability registered/updated","cap_id":"modbus_tcp.read_holding_register","agent_id":"edgex-node-001","category":"device","source":"native-ean","v1_purged":0}
{"level":"info","ts":1785238711.6610315,"logger":"discovery","caller":"ean/discovery.go:555","msg":"capability registered/updated","cap_id":"ethercat.list_points","agent_id":"edgex-node-001","category":"device","source":"native-ean","v1_purged":0}
{"level":"info","ts":1785238711.6610315,"logger":"discovery","caller":"ean/discovery.go:555","msg":"capability registered/updated","cap_id":"ai.protocol_reverse","agent_id":"edgex-node-001","category":"ai","source":"native-ean","v1_purged":0}
{"level":"info","ts":1785238711.6610315,"logger":"discovery","caller":"ean/discovery.go:555","msg":"capability registered/updated","cap_id":"modbus_rtu.write_register","agent_id":"edgex-node-001","category":"device","source":"native-ean","v1_purged":0}
{"level":"info","ts":1785238711.6610315,"logger":"discovery","caller":"ean/discovery.go:555","msg":"capability registered/updated","cap_id":"modbus_rtu.list_points","agent_id":"edgex-node-001","category":"device","source":"native-ean","v1_purged":0}
{"level":"info","ts":1785238711.6610315,"logger":"discovery","caller":"ean/discovery.go:555","msg":"capability registered/updated","cap_id":"bacnet_ip.scan_devices","agent_id":"edgex-node-001","category":"device","source":"native-ean","v1_purged":0}
{"level":"info","ts":1785238711.6610315,"logger":"discovery","caller":"ean/discovery.go:555","msg":"capability registered/updated","cap_id":"opc_ua.read_holding_register","agent_id":"edgex-node-001","category":"device","source":"native-ean","v1_purged":0}
{"level":"info","ts":1785238711.6610315,"logger":"discovery","caller":"ean/discovery.go:555","msg":"capability registered/updated","cap_id":"snmp.read_holding_register","agent_id":"edgex-node-001","category":"device","source":"native-ean","v1_purged":0}
{"level":"info","ts":1785238711.6610315,"logger":"discovery","caller":"ean/discovery.go:555","msg":"capability registered/updated","cap_id":"profinet_io.read_holding_register","agent_id":"edgex-node-001","category":"device","source":"native-ean","v1_purged":0}
{"level":"warn","ts":1785238713.6800764,"logger":"heartbeat","caller":"ean/heartbeat.go:151","msg":"heartbeat sequence regression detected","agent_id":"edgex-node-001","old_seq":28,"new_seq":0}
{"level":"info","ts":1785238771.6638417,"logger":"discovery","caller":"ean/discovery.go:555","msg":"capability registered/updated","cap_id":"modbus_rtu.write_register","agent_id":"edgex-node-001","category":"device","source":"native-ean","v1_purged":0}
{"level":"info","ts":1785238771.6638417,"logger":"discovery","caller":"ean/discovery.go:555","msg":"capability registered/updated","cap_id":"modbus_rtu.list_points","agent_id":"edgex-node-001","category":"device","source":"native-ean","v1_purged":0}
{"level":"info","ts":1785238771.6638417,"logger":"discovery","caller":"ean/discovery.go:555","msg":"capability registered/updated","cap_id":"bacnet_ip.scan_devices","agent_id":"edgex-node-001","category":"device","source":"native-ean","v1_purged":0}
{"level":"info","ts":1785238771.6638417,"logger":"discovery","caller":"ean/discovery.go:555","msg":"capability registered/updated","cap_id":"opc_ua.read_holding_register","agent_id":"edgex-node-001","category":"device","source":"native-ean","v1_purged":0}
{"level":"info","ts":1785238771.6638417,"logger":"discovery","caller":"ean/discovery.go:555","msg":"capability registered/updated","cap_id":"snmp.read_holding_register","agent_id":"edgex-node-001","category":"device","source":"native-ean","v1_purged":0}
{"level":"info","ts":1785238771.6638417,"logger":"discovery","caller":"ean/discovery.go:555","msg":"capability registered/updated","cap_id":"profinet_io.read_holding_register","agent_id":"edgex-node-001","category":"device","source":"native-ean","v1_purged":0}
{"level":"info","ts":1785238771.6638417,"logger":"discovery","caller":"ean/discovery.go:555","msg":"capability registered/updated","cap_id":"bacnet_ip.read_holding_register","agent_id":"edgex-node-001","category":"device","source":"native-ean","v1_purged":0}
{"level":"info","ts":1785238771.6638417,"logger":"discovery","caller":"ean/discovery.go:555","msg":"capability registered/updated","cap_id":"omron_fins.scan_devices","agent_id":"edgex-node-001","category":"device","source":"native-ean","v1_purged":0}
{"level":"info","ts":1785238771.6638417,"logger":"discovery","caller":"ean/discovery.go:555","msg":"capability registered/updated","cap_id":"snmp.scan_devices","agent_id":"edgex-node-001","category":"device","source":"native-ean","v1_purged":0}
{"level":"info","ts":1785238771.6638417,"logger":"discovery","caller":"ean/discovery.go:555","msg":"capability registered/updated","cap_id":"system.diagnostics","agent_id":"edgex-node-001","category":"system","source":"native-ean","v1_purged":0}
{"level":"info","ts":1785238771.6638417,"logger":"discovery","caller":"ean/discovery.go:555","msg":"capability registered/updated","cap_id":"modbus_tcp.scan_devices","agent_id":"edgex-node-001","category":"device","source":"native-ean","v1_purged":0}
{"level":"info","ts":1785238771.6638417,"logger":"discovery","caller":"ean/discovery.go:555","msg":"capability registered/updated","cap_id":"bacnet_ip.list_points","agent_id":"edgex-node-001","category":"device","source":"native-ean","v1_purged":0}
{"level":"info","ts":1785238771.6638417,"logger":"discovery","caller":"ean/discovery.go:555","msg":"capability registered/updated","cap_id":"iec60870_5_104.read_holding_register","agent_id":"edgex-node-001","category":"device","source":"native-ean","v1_purged":0}
{"level":"info","ts":1785238771.6638417,"logger":"discovery","caller":"ean/discovery.go:555","msg":"capability registered/updated","cap_id":"iec60870_5_104.scan_devices","agent_id":"edgex-node-001","category":"device","source":"native-ean","v1_purged":0}
{"level":"info","ts":1785238771.6638417,"logger":"discovery","caller":"ean/discovery.go:555","msg":"capability registered/updated","cap_id":"ethercat.scan_devices","agent_id":"edgex-node-001","category":"device","source":"native-ean","v1_purged":0}
{"level":"info","ts":1785238771.6638417,"logger":"discovery","caller":"ean/discovery.go:555","msg":"capability registered/updated","cap_id":"dlt645.scan_devices","agent_id":"edgex-node-001","category":"device","source":"native-ean","v1_purged":0}
{"level":"info","ts":1785238771.6638417,"logger":"discovery","caller":"ean/discovery.go:555","msg":"capability registered/updated","cap_id":"modbus_rtu.read_holding_register","agent_id":"edgex-node-001","category":"device","source":"native-ean","v1_purged":0}
{"level":"info","ts":1785238771.6638417,"logger":"discovery","caller":"ean/discovery.go:555","msg":"capability registered/updated","cap_id":"modbus_rtu_over_tcp.list_points","agent_id":"edgex-node-001","category":"device","source":"native-ean","v1_purged":0}
{"level":"info","ts":1785238771.6638417,"logger":"discovery","caller":"ean/discovery.go:555","msg":"capability registered/updated","cap_id":"opc_ua.scan_devices","agent_id":"edgex-node-001","category":"device","source":"native-ean","v1_purged":0}
{"level":"info","ts":1785238771.6638417,"logger":"discovery","caller":"ean/discovery.go:555","msg":"capability registered/updated","cap_id":"opc_ua.list_points","agent_id":"edgex-node-001","category":"device","source":"native-ean","v1_purged":0}
{"level":"info","ts":1785238771.6638417,"logger":"discovery","caller":"ean/discovery.go:555","msg":"capability registered/updated","cap_id":"s7.read_holding_register","agent_id":"edgex-node-001","category":"device","source":"native-ean","v1_purged":0}
{"level":"info","ts":1785238771.6638417,"logger":"discovery","caller":"ean/discovery.go:555","msg":"capability registered/updated","cap_id":"omron_fins.list_points","agent_id":"edgex-node-001","category":"device","source":"native-ean","v1_purged":0}
{"level":"info","ts":1785238771.6638417,"logger":"discovery","caller":"ean/discovery.go:555","msg":"capability registered/updated","cap_id":"dlt645.read_holding_register","agent_id":"edgex-node-001","category":"device","source":"native-ean","v1_purged":0}
{"level":"info","ts":1785238771.6638417,"logger":"discovery","caller":"ean/discovery.go:555","msg":"capability registered/updated","cap_id":"profinet_io.list_points","agent_id":"edgex-node-001","category":"device","source":"native-ean","v1_purged":0}
{"level":"info","ts":1785238771.6638417,"logger":"discovery","caller":"ean/discovery.go:555","msg":"capability registered/updated","cap_id":"ethercat.read_holding_register","agent_id":"edgex-node-001","category":"device","source":"native-ean","v1_purged":0}
{"level":"info","ts":1785238771.6638417,"logger":"discovery","caller":"ean/discovery.go:555","msg":"capability registered/updated","cap_id":"modbus_tcp.list_points","agent_id":"edgex-node-001","category":"device","source":"native-ean","v1_purged":0}
{"level":"info","ts":1785238771.6638417,"logger":"discovery","caller":"ean/discovery.go:555","msg":"capability registered/updated","cap_id":"ethernet_ip.scan_devices","agent_id":"edgex-node-001","category":"device","source":"native-ean","v1_purged":0}
{"level":"info","ts":1785238771.6638417,"logger":"discovery","caller":"ean/discovery.go:555","msg":"capability registered/updated","cap_id":"omron_fins.write_register","agent_id":"edgex-node-001","category":"device","source":"native-ean","v1_purged":0}
{"level":"info","ts":1785238771.6638417,"logger":"discovery","caller":"ean/discovery.go:555","msg":"capability registered/updated","cap_id":"modbus_rtu_over_tcp.read_holding_register","agent_id":"edgex-node-001","category":"device","source":"native-ean","v1_purged":0}
{"level":"info","ts":1785238771.6638417,"logger":"discovery","caller":"ean/discovery.go:555","msg":"capability registered/updated","cap_id":"knxnet_ip.list_points","agent_id":"edgex-node-001","category":"device","source":"native-ean","v1_purged":0}
{"level":"info","ts":1785238771.6638417,"logger":"discovery","caller":"ean/discovery.go:555","msg":"capability registered/updated","cap_id":"modbus_tcp.write_register","agent_id":"edgex-node-001","category":"device","source":"native-ean","v1_purged":0}
{"level":"info","ts":1785238771.6638417,"logger":"discovery","caller":"ean/discovery.go:555","msg":"capability registered/updated","cap_id":"omron_fins.read_holding_register","agent_id":"edgex-node-001","category":"device","source":"native-ean","v1_purged":0}
{"level":"info","ts":1785238771.6638417,"logger":"discovery","caller":"ean/discovery.go:555","msg":"capability registered/updated","cap_id":"dlt645.write_register","agent_id":"edgex-node-001","category":"device","source":"native-ean","v1_purged":0}
{"level":"info","ts":1785238771.6638417,"logger":"discovery","caller":"ean/discovery.go:555","msg":"capability registered/updated","cap_id":"mitsubishi_slmp.read_holding_register","agent_id":"edgex-node-001","category":"device","source":"native-ean","v1_purged":0}
{"level":"info","ts":1785238771.6638417,"logger":"discovery","caller":"ean/discovery.go:555","msg":"capability registered/updated","cap_id":"iec60870_5_104.write_register","agent_id":"edgex-node-001","category":"device","source":"native-ean","v1_purged":0}
{"level":"info","ts":1785238771.6638417,"logger":"discovery","caller":"ean/discovery.go:555","msg":"capability registered/updated","cap_id":"ethercat.write_register","agent_id":"edgex-node-001","category":"device","source":"native-ean","v1_purged":0}
{"level":"info","ts":1785238771.6638417,"logger":"discovery","caller":"ean/discovery.go:555","msg":"capability registered/updated","cap_id":"modbus_rtu_over_tcp.scan_devices","agent_id":"edgex-node-001","category":"device","source":"native-ean","v1_purged":0}
{"level":"info","ts":1785238771.6638417,"logger":"discovery","caller":"ean/discovery.go:555","msg":"capability registered/updated","cap_id":"s7.list_points","agent_id":"edgex-node-001","category":"device","source":"native-ean","v1_purged":0}
{"level":"info","ts":1785238771.6638417,"logger":"discovery","caller":"ean/discovery.go:555","msg":"capability registered/updated","cap_id":"mitsubishi_slmp.write_register","agent_id":"edgex-node-001","category":"device","source":"native-ean","v1_purged":0}
{"level":"info","ts":1785238771.6638417,"logger":"discovery","caller":"ean/discovery.go:555","msg":"capability registered/updated","cap_id":"profinet_io.write_register","agent_id":"edgex-node-001","category":"device","source":"native-ean","v1_purged":0}
{"level":"info","ts":1785238771.6638417,"logger":"discovery","caller":"ean/discovery.go:555","msg":"capability registered/updated","cap_id":"mitsubishi_slmp.scan_devices","agent_id":"edgex-node-001","category":"device","source":"native-ean","v1_purged":0}
{"level":"info","ts":1785238771.6638417,"logger":"discovery","caller":"ean/discovery.go:555","msg":"capability registered/updated","cap_id":"bacnet_ip.write_register","agent_id":"edgex-node-001","category":"device","source":"native-ean","v1_purged":0}
{"level":"info","ts":1785238771.6638417,"logger":"discovery","caller":"ean/discovery.go:555","msg":"capability registered/updated","cap_id":"s7.write_register","agent_id":"edgex-node-001","category":"device","source":"native-ean","v1_purged":0}
{"level":"info","ts":1785238771.6638417,"logger":"discovery","caller":"ean/discovery.go:555","msg":"capability registered/updated","cap_id":"s7.scan_devices","agent_id":"edgex-node-001","category":"device","source":"native-ean","v1_purged":0}
{"level":"info","ts":1785238771.6638417,"logger":"discovery","caller":"ean/discovery.go:555","msg":"capability registered/updated","cap_id":"opc_ua.write_register","agent_id":"edgex-node-001","category":"device","source":"native-ean","v1_purged":0}
{"level":"info","ts":1785238771.6638417,"logger":"discovery","caller":"ean/discovery.go:555","msg":"capability registered/updated","cap_id":"knxnet_ip.read_holding_register","agent_id":"edgex-node-001","category":"device","source":"native-ean","v1_purged":0}
{"level":"info","ts":1785238771.6638417,"logger":"discovery","caller":"ean/discovery.go:555","msg":"capability registered/updated","cap_id":"ethernet_ip.list_points","agent_id":"edgex-node-001","category":"device","source":"native-ean","v1_purged":0}
{"level":"info","ts":1785238771.6638417,"logger":"discovery","caller":"ean/discovery.go:555","msg":"capability registered/updated","cap_id":"modbus_rtu.scan_devices","agent_id":"edgex-node-001","category":"device","source":"native-ean","v1_purged":0}
{"level":"info","ts":1785238771.6638417,"logger":"discovery","caller":"ean/discovery.go:555","msg":"capability registered/updated","cap_id":"ethernet_ip.read_holding_register","agent_id":"edgex-node-001","category":"device","source":"native-ean","v1_purged":0}
{"level":"info","ts":1785238771.6638417,"logger":"discovery","caller":"ean/discovery.go:555","msg":"capability registered/updated","cap_id":"ethernet_ip.write_register","agent_id":"edgex-node-001","category":"device","source":"native-ean","v1_purged":0}
{"level":"info","ts":1785238771.6638417,"logger":"discovery","caller":"ean/discovery.go:555","msg":"capability registered/updated","cap_id":"knxnet_ip.write_register","agent_id":"edgex-node-001","category":"device","source":"native-ean","v1_purged":0}
{"level":"info","ts":1785238771.6638417,"logger":"discovery","caller":"ean/discovery.go:555","msg":"capability registered/updated","cap_id":"snmp.write_register","agent_id":"edgex-node-001","category":"device","source":"native-ean","v1_purged":0}
{"level":"info","ts":1785238771.6638417,"logger":"discovery","caller":"ean/discovery.go:555","msg":"capability registered/updated","cap_id":"snmp.list_points","agent_id":"edgex-node-001","category":"device","source":"native-ean","v1_purged":0}
{"level":"info","ts":1785238771.6638417,"logger":"discovery","caller":"ean/discovery.go:555","msg":"capability registered/updated","cap_id":"modbus_rtu_over_tcp.write_register","agent_id":"edgex-node-001","category":"device","source":"native-ean","v1_purged":0}
{"level":"info","ts":1785238771.6638417,"logger":"discovery","caller":"ean/discovery.go:555","msg":"capability registered/updated","cap_id":"iec60870_5_104.list_points","agent_id":"edgex-node-001","category":"device","source":"native-ean","v1_purged":0}
{"level":"info","ts":1785238771.6638417,"logger":"discovery","caller":"ean/discovery.go:555","msg":"capability registered/updated","cap_id":"mitsubishi_slmp.list_points","agent_id":"edgex-node-001","category":"device","source":"native-ean","v1_purged":0}
{"level":"info","ts":1785238771.6638417,"logger":"discovery","caller":"ean/discovery.go:555","msg":"capability registered/updated","cap_id":"ai.doc_parse","agent_id":"edgex-node-001","category":"ai","source":"native-ean","v1_purged":0}
{"level":"info","ts":1785238771.6638417,"logger":"discovery","caller":"ean/discovery.go:555","msg":"capability registered/updated","cap_id":"knxnet_ip.scan_devices","agent_id":"edgex-node-001","category":"device","source":"native-ean","v1_purged":0}
{"level":"info","ts":1785238771.664349,"logger":"discovery","caller":"ean/discovery.go:555","msg":"capability registered/updated","cap_id":"dlt645.list_points","agent_id":"edgex-node-001","category":"device","source":"native-ean","v1_purged":0}
{"level":"info","ts":1785238771.664349,"logger":"discovery","caller":"ean/discovery.go:555","msg":"capability registered/updated","cap_id":"profinet_io.scan_devices","agent_id":"edgex-node-001","category":"device","source":"native-ean","v1_purged":0}
{"level":"info","ts":1785238771.664349,"logger":"discovery","caller":"ean/discovery.go:555","msg":"capability registered/updated","cap_id":"modbus_tcp.read_holding_register","agent_id":"edgex-node-001","category":"device","source":"native-ean","v1_purged":0}
{"level":"info","ts":1785238771.664349,"logger":"discovery","caller":"ean/discovery.go:555","msg":"capability registered/updated","cap_id":"ethercat.list_points","agent_id":"edgex-node-001","category":"device","source":"native-ean","v1_purged":0}
{"level":"info","ts":1785238771.664349,"logger":"discovery","caller":"ean/discovery.go:555","msg":"capability registered/updated","cap_id":"ai.protocol_reverse","agent_id":"edgex-node-001","category":"ai","source":"native-ean","v1_purged":0}
{"level":"warn","ts":1785238773.6801078,"logger":"heartbeat","caller":"ean/heartbeat.go:151","msg":"heartbeat sequence regression detected","agent_id":"edgex-node-001","old_seq":29,"new_seq":0}
{"level":"info","ts":1785238831.664638,"logger":"discovery","caller":"ean/discovery.go:555","msg":"capability registered/updated","cap_id":"modbus_tcp.scan_devices","agent_id":"edgex-node-001","category":"device","source":"native-ean","v1_purged":0}
{"level":"info","ts":1785238831.664638,"logger":"discovery","caller":"ean/discovery.go:555","msg":"capability registered/updated","cap_id":"bacnet_ip.list_points","agent_id":"edgex-node-001","category":"device","source":"native-ean","v1_purged":0}
{"level":"info","ts":1785238831.664638,"logger":"discovery","caller":"ean/discovery.go:555","msg":"capability registered/updated","cap_id":"iec60870_5_104.read_holding_register","agent_id":"edgex-node-001","category":"device","source":"native-ean","v1_purged":0}
{"level":"info","ts":1785238831.664638,"logger":"discovery","caller":"ean/discovery.go:555","msg":"capability registered/updated","cap_id":"iec60870_5_104.scan_devices","agent_id":"edgex-node-001","category":"device","source":"native-ean","v1_purged":0}
{"level":"info","ts":1785238831.664638,"logger":"discovery","caller":"ean/discovery.go:555","msg":"capability registered/updated","cap_id":"ethercat.scan_devices","agent_id":"edgex-node-001","category":"device","source":"native-ean","v1_purged":0}
{"level":"info","ts":1785238831.664638,"logger":"discovery","caller":"ean/discovery.go:555","msg":"capability registered/updated","cap_id":"dlt645.scan_devices","agent_id":"edgex-node-001","category":"device","source":"native-ean","v1_purged":0}
{"level":"info","ts":1785238831.664638,"logger":"discovery","caller":"ean/discovery.go:555","msg":"capability registered/updated","cap_id":"modbus_rtu.read_holding_register","agent_id":"edgex-node-001","category":"device","source":"native-ean","v1_purged":0}
{"level":"info","ts":1785238831.664638,"logger":"discovery","caller":"ean/discovery.go:555","msg":"capability registered/updated","cap_id":"modbus_rtu_over_tcp.list_points","agent_id":"edgex-node-001","category":"device","source":"native-ean","v1_purged":0}
{"level":"info","ts":1785238831.664638,"logger":"discovery","caller":"ean/discovery.go:555","msg":"capability registered/updated","cap_id":"opc_ua.scan_devices","agent_id":"edgex-node-001","category":"device","source":"native-ean","v1_purged":0}
{"level":"info","ts":1785238831.664638,"logger":"discovery","caller":"ean/discovery.go:555","msg":"capability registered/updated","cap_id":"opc_ua.list_points","agent_id":"edgex-node-001","category":"device","source":"native-ean","v1_purged":0}
{"level":"info","ts":1785238831.664638,"logger":"discovery","caller":"ean/discovery.go:555","msg":"capability registered/updated","cap_id":"s7.read_holding_register","agent_id":"edgex-node-001","category":"device","source":"native-ean","v1_purged":0}
{"level":"info","ts":1785238831.664638,"logger":"discovery","caller":"ean/discovery.go:555","msg":"capability registered/updated","cap_id":"omron_fins.list_points","agent_id":"edgex-node-001","category":"device","source":"native-ean","v1_purged":0}
{"level":"info","ts":1785238831.664638,"logger":"discovery","caller":"ean/discovery.go:555","msg":"capability registered/updated","cap_id":"dlt645.read_holding_register","agent_id":"edgex-node-001","category":"device","source":"native-ean","v1_purged":0}
{"level":"info","ts":1785238831.664638,"logger":"discovery","caller":"ean/discovery.go:555","msg":"capability registered/updated","cap_id":"profinet_io.list_points","agent_id":"edgex-node-001","category":"device","source":"native-ean","v1_purged":0}
{"level":"info","ts":1785238831.664638,"logger":"discovery","caller":"ean/discovery.go:555","msg":"capability registered/updated","cap_id":"ethercat.read_holding_register","agent_id":"edgex-node-001","category":"device","source":"native-ean","v1_purged":0}
{"level":"info","ts":1785238831.664638,"logger":"discovery","caller":"ean/discovery.go:555","msg":"capability registered/updated","cap_id":"modbus_tcp.list_points","agent_id":"edgex-node-001","category":"device","source":"native-ean","v1_purged":0}
{"level":"info","ts":1785238831.664638,"logger":"discovery","caller":"ean/discovery.go:555","msg":"capability registered/updated","cap_id":"ethernet_ip.scan_devices","agent_id":"edgex-node-001","category":"device","source":"native-ean","v1_purged":0}
{"level":"info","ts":1785238831.664638,"logger":"discovery","caller":"ean/discovery.go:555","msg":"capability registered/updated","cap_id":"omron_fins.write_register","agent_id":"edgex-node-001","category":"device","source":"native-ean","v1_purged":0}
{"level":"info","ts":1785238831.664638,"logger":"discovery","caller":"ean/discovery.go:555","msg":"capability registered/updated","cap_id":"modbus_rtu_over_tcp.read_holding_register","agent_id":"edgex-node-001","category":"device","source":"native-ean","v1_purged":0}
{"level":"info","ts":1785238831.664638,"logger":"discovery","caller":"ean/discovery.go:555","msg":"capability registered/updated","cap_id":"knxnet_ip.list_points","agent_id":"edgex-node-001","category":"device","source":"native-ean","v1_purged":0}
{"level":"info","ts":1785238831.664638,"logger":"discovery","caller":"ean/discovery.go:555","msg":"capability registered/updated","cap_id":"modbus_tcp.write_register","agent_id":"edgex-node-001","category":"device","source":"native-ean","v1_purged":0}
{"level":"info","ts":1785238831.664638,"logger":"discovery","caller":"ean/discovery.go:555","msg":"capability registered/updated","cap_id":"omron_fins.read_holding_register","agent_id":"edgex-node-001","category":"device","source":"native-ean","v1_purged":0}
{"level":"info","ts":1785238831.664638,"logger":"discovery","caller":"ean/discovery.go:555","msg":"capability registered/updated","cap_id":"dlt645.write_register","agent_id":"edgex-node-001","category":"device","source":"native-ean","v1_purged":0}
{"level":"info","ts":1785238831.664638,"logger":"discovery","caller":"ean/discovery.go:555","msg":"capability registered/updated","cap_id":"mitsubishi_slmp.read_holding_register","agent_id":"edgex-node-001","category":"device","source":"native-ean","v1_purged":0}
{"level":"info","ts":1785238831.664638,"logger":"discovery","caller":"ean/discovery.go:555","msg":"capability registered/updated","cap_id":"iec60870_5_104.write_register","agent_id":"edgex-node-001","category":"device","source":"native-ean","v1_purged":0}
{"level":"info","ts":1785238831.664638,"logger":"discovery","caller":"ean/discovery.go:555","msg":"capability registered/updated","cap_id":"ethercat.write_register","agent_id":"edgex-node-001","category":"device","source":"native-ean","v1_purged":0}
{"level":"info","ts":1785238831.664638,"logger":"discovery","caller":"ean/discovery.go:555","msg":"capability registered/updated","cap_id":"modbus_rtu_over_tcp.scan_devices","agent_id":"edgex-node-001","category":"device","source":"native-ean","v1_purged":0}
{"level":"info","ts":1785238831.664638,"logger":"discovery","caller":"ean/discovery.go:555","msg":"capability registered/updated","cap_id":"s7.list_points","agent_id":"edgex-node-001","category":"device","source":"native-ean","v1_purged":0}
{"level":"info","ts":1785238831.664638,"logger":"discovery","caller":"ean/discovery.go:555","msg":"capability registered/updated","cap_id":"mitsubishi_slmp.write_register","agent_id":"edgex-node-001","category":"device","source":"native-ean","v1_purged":0}
{"level":"info","ts":1785238831.664638,"logger":"discovery","caller":"ean/discovery.go:555","msg":"capability registered/updated","cap_id":"profinet_io.write_register","agent_id":"edgex-node-001","category":"device","source":"native-ean","v1_purged":0}
{"level":"info","ts":1785238831.6651566,"logger":"discovery","caller":"ean/discovery.go:555","msg":"capability registered/updated","cap_id":"mitsubishi_slmp.scan_devices","agent_id":"edgex-node-001","category":"device","source":"native-ean","v1_purged":0}
{"level":"info","ts":1785238831.6651566,"logger":"discovery","caller":"ean/discovery.go:555","msg":"capability registered/updated","cap_id":"bacnet_ip.write_register","agent_id":"edgex-node-001","category":"device","source":"native-ean","v1_purged":0}
{"level":"info","ts":1785238831.6651566,"logger":"discovery","caller":"ean/discovery.go:555","msg":"capability registered/updated","cap_id":"s7.write_register","agent_id":"edgex-node-001","category":"device","source":"native-ean","v1_purged":0}
{"level":"info","ts":1785238831.6651566,"logger":"discovery","caller":"ean/discovery.go:555","msg":"capability registered/updated","cap_id":"s7.scan_devices","agent_id":"edgex-node-001","category":"device","source":"native-ean","v1_purged":0}
{"level":"info","ts":1785238831.6651566,"logger":"discovery","caller":"ean/discovery.go:555","msg":"capability registered/updated","cap_id":"opc_ua.write_register","agent_id":"edgex-node-001","category":"device","source":"native-ean","v1_purged":0}
{"level":"info","ts":1785238831.6651566,"logger":"discovery","caller":"ean/discovery.go:555","msg":"capability registered/updated","cap_id":"knxnet_ip.read_holding_register","agent_id":"edgex-node-001","category":"device","source":"native-ean","v1_purged":0}
{"level":"info","ts":1785238831.6651566,"logger":"discovery","caller":"ean/discovery.go:555","msg":"capability registered/updated","cap_id":"ethernet_ip.list_points","agent_id":"edgex-node-001","category":"device","source":"native-ean","v1_purged":0}
{"level":"info","ts":1785238831.6651566,"logger":"discovery","caller":"ean/discovery.go:555","msg":"capability registered/updated","cap_id":"modbus_rtu.scan_devices","agent_id":"edgex-node-001","category":"device","source":"native-ean","v1_purged":0}
{"level":"info","ts":1785238831.6651566,"logger":"discovery","caller":"ean/discovery.go:555","msg":"capability registered/updated","cap_id":"ethernet_ip.read_holding_register","agent_id":"edgex-node-001","category":"device","source":"native-ean","v1_purged":0}
{"level":"info","ts":1785238831.6651566,"logger":"discovery","caller":"ean/discovery.go:555","msg":"capability registered/updated","cap_id":"ethernet_ip.write_register","agent_id":"edgex-node-001","category":"device","source":"native-ean","v1_purged":0}
{"level":"info","ts":1785238831.6651566,"logger":"discovery","caller":"ean/discovery.go:555","msg":"capability registered/updated","cap_id":"knxnet_ip.write_register","agent_id":"edgex-node-001","category":"device","source":"native-ean","v1_purged":0}
{"level":"info","ts":1785238831.6651566,"logger":"discovery","caller":"ean/discovery.go:555","msg":"capability registered/updated","cap_id":"snmp.write_register","agent_id":"edgex-node-001","category":"device","source":"native-ean","v1_purged":0}
{"level":"info","ts":1785238831.6651566,"logger":"discovery","caller":"ean/discovery.go:555","msg":"capability registered/updated","cap_id":"snmp.list_points","agent_id":"edgex-node-001","category":"device","source":"native-ean","v1_purged":0}
{"level":"info","ts":1785238831.6651566,"logger":"discovery","caller":"ean/discovery.go:555","msg":"capability registered/updated","cap_id":"modbus_rtu_over_tcp.write_register","agent_id":"edgex-node-001","category":"device","source":"native-ean","v1_purged":0}
{"level":"info","ts":1785238831.6651566,"logger":"discovery","caller":"ean/discovery.go:555","msg":"capability registered/updated","cap_id":"iec60870_5_104.list_points","agent_id":"edgex-node-001","category":"device","source":"native-ean","v1_purged":0}
{"level":"info","ts":1785238831.6651566,"logger":"discovery","caller":"ean/discovery.go:555","msg":"capability registered/updated","cap_id":"mitsubishi_slmp.list_points","agent_id":"edgex-node-001","category":"device","source":"native-ean","v1_purged":0}
{"level":"info","ts":1785238831.6651566,"logger":"discovery","caller":"ean/discovery.go:555","msg":"capability registered/updated","cap_id":"ai.doc_parse","agent_id":"edgex-node-001","category":"ai","source":"native-ean","v1_purged":0}
{"level":"info","ts":1785238831.6651566,"logger":"discovery","caller":"ean/discovery.go:555","msg":"capability registered/updated","cap_id":"knxnet_ip.scan_devices","agent_id":"edgex-node-001","category":"device","source":"native-ean","v1_purged":0}
{"level":"info","ts":1785238831.6651566,"logger":"discovery","caller":"ean/discovery.go:555","msg":"capability registered/updated","cap_id":"dlt645.list_points","agent_id":"edgex-node-001","category":"device","source":"native-ean","v1_purged":0}
{"level":"info","ts":1785238831.6651566,"logger":"discovery","caller":"ean/discovery.go:555","msg":"capability registered/updated","cap_id":"profinet_io.scan_devices","agent_id":"edgex-node-001","category":"device","source":"native-ean","v1_purged":0}
{"level":"info","ts":1785238831.6651566,"logger":"discovery","caller":"ean/discovery.go:555","msg":"capability registered/updated","cap_id":"modbus_tcp.read_holding_register","agent_id":"edgex-node-001","category":"device","source":"native-ean","v1_purged":0}
{"level":"info","ts":1785238831.6651566,"logger":"discovery","caller":"ean/discovery.go:555","msg":"capability registered/updated","cap_id":"ethercat.list_points","agent_id":"edgex-node-001","category":"device","source":"native-ean","v1_purged":0}
{"level":"info","ts":1785238831.6651566,"logger":"discovery","caller":"ean/discovery.go:555","msg":"capability registered/updated","cap_id":"ai.protocol_reverse","agent_id":"edgex-node-001","category":"ai","source":"native-ean","v1_purged":0}
{"level":"info","ts":1785238831.6651566,"logger":"discovery","caller":"ean/discovery.go:555","msg":"capability registered/updated","cap_id":"modbus_rtu.write_register","agent_id":"edgex-node-001","category":"device","source":"native-ean","v1_purged":0}
{"level":"info","ts":1785238831.6651566,"logger":"discovery","caller":"ean/discovery.go:555","msg":"capability registered/updated","cap_id":"modbus_rtu.list_points","agent_id":"edgex-node-001","category":"device","source":"native-ean","v1_purged":0}
{"level":"info","ts":1785238831.6651566,"logger":"discovery","caller":"ean/discovery.go:555","msg":"capability registered/updated","cap_id":"bacnet_ip.scan_devices","agent_id":"edgex-node-001","category":"device","source":"native-ean","v1_purged":0}
{"level":"info","ts":1785238831.6651566,"logger":"discovery","caller":"ean/discovery.go:555","msg":"capability registered/updated","cap_id":"opc_ua.read_holding_register","agent_id":"edgex-node-001","category":"device","source":"native-ean","v1_purged":0}
{"level":"info","ts":1785238831.6651566,"logger":"discovery","caller":"ean/discovery.go:555","msg":"capability registered/updated","cap_id":"snmp.read_holding_register","agent_id":"edgex-node-001","category":"device","source":"native-ean","v1_purged":0}
{"level":"info","ts":1785238831.6651566,"logger":"discovery","caller":"ean/discovery.go:555","msg":"capability registered/updated","cap_id":"profinet_io.read_holding_register","agent_id":"edgex-node-001","category":"device","source":"native-ean","v1_purged":0}
{"level":"info","ts":1785238831.6651566,"logger":"discovery","caller":"ean/discovery.go:555","msg":"capability registered/updated","cap_id":"bacnet_ip.read_holding_register","agent_id":"edgex-node-001","category":"device","source":"native-ean","v1_purged":0}
{"level":"info","ts":1785238831.6651566,"logger":"discovery","caller":"ean/discovery.go:555","msg":"capability registered/updated","cap_id":"omron_fins.scan_devices","agent_id":"edgex-node-001","category":"device","source":"native-ean","v1_purged":0}
{"level":"info","ts":1785238831.6651566,"logger":"discovery","caller":"ean/discovery.go:555","msg":"capability registered/updated","cap_id":"snmp.scan_devices","agent_id":"edgex-node-001","category":"device","source":"native-ean","v1_purged":0}
{"level":"info","ts":1785238831.6651566,"logger":"discovery","caller":"ean/discovery.go:555","msg":"capability registered/updated","cap_id":"system.diagnostics","agent_id":"edgex-node-001","category":"system","source":"native-ean","v1_purged":0}
{"level":"warn","ts":1785238833.6799371,"logger":"heartbeat","caller":"ean/heartbeat.go:151","msg":"heartbeat sequence regression detected","agent_id":"edgex-node-001","old_seq":30,"new_seq":0}
{"level":"info","ts":1785238891.6597283,"logger":"discovery","caller":"ean/discovery.go:555","msg":"capability registered/updated","cap_id":"ai.doc_parse","agent_id":"edgex-node-001","category":"ai","source":"native-ean","v1_purged":0}
{"level":"info","ts":1785238891.6597283,"logger":"discovery","caller":"ean/discovery.go:555","msg":"capability registered/updated","cap_id":"knxnet_ip.scan_devices","agent_id":"edgex-node-001","category":"device","source":"native-ean","v1_purged":0}
{"level":"info","ts":1785238891.6597283,"logger":"discovery","caller":"ean/discovery.go:555","msg":"capability registered/updated","cap_id":"dlt645.list_points","agent_id":"edgex-node-001","category":"device","source":"native-ean","v1_purged":0}
{"level":"info","ts":1785238891.6597283,"logger":"discovery","caller":"ean/discovery.go:555","msg":"capability registered/updated","cap_id":"profinet_io.scan_devices","agent_id":"edgex-node-001","category":"device","source":"native-ean","v1_purged":0}
{"level":"info","ts":1785238891.6597283,"logger":"discovery","caller":"ean/discovery.go:555","msg":"capability registered/updated","cap_id":"modbus_tcp.read_holding_register","agent_id":"edgex-node-001","category":"device","source":"native-ean","v1_purged":0}
{"level":"info","ts":1785238891.6597283,"logger":"discovery","caller":"ean/discovery.go:555","msg":"capability registered/updated","cap_id":"ethercat.list_points","agent_id":"edgex-node-001","category":"device","source":"native-ean","v1_purged":0}
{"level":"info","ts":1785238891.6597283,"logger":"discovery","caller":"ean/discovery.go:555","msg":"capability registered/updated","cap_id":"ai.protocol_reverse","agent_id":"edgex-node-001","category":"ai","source":"native-ean","v1_purged":0}
{"level":"info","ts":1785238891.6597283,"logger":"discovery","caller":"ean/discovery.go:555","msg":"capability registered/updated","cap_id":"modbus_rtu.write_register","agent_id":"edgex-node-001","category":"device","source":"native-ean","v1_purged":0}
{"level":"info","ts":1785238891.6597283,"logger":"discovery","caller":"ean/discovery.go:555","msg":"capability registered/updated","cap_id":"modbus_rtu.list_points","agent_id":"edgex-node-001","category":"device","source":"native-ean","v1_purged":0}
{"level":"info","ts":1785238891.6597283,"logger":"discovery","caller":"ean/discovery.go:555","msg":"capability registered/updated","cap_id":"bacnet_ip.scan_devices","agent_id":"edgex-node-001","category":"device","source":"native-ean","v1_purged":0}
{"level":"info","ts":1785238891.6597283,"logger":"discovery","caller":"ean/discovery.go:555","msg":"capability registered/updated","cap_id":"opc_ua.read_holding_register","agent_id":"edgex-node-001","category":"device","source":"native-ean","v1_purged":0}
{"level":"info","ts":1785238891.6597283,"logger":"discovery","caller":"ean/discovery.go:555","msg":"capability registered/updated","cap_id":"snmp.read_holding_register","agent_id":"edgex-node-001","category":"device","source":"native-ean","v1_purged":0}
{"level":"info","ts":1785238891.6597283,"logger":"discovery","caller":"ean/discovery.go:555","msg":"capability registered/updated","cap_id":"profinet_io.read_holding_register","agent_id":"edgex-node-001","category":"device","source":"native-ean","v1_purged":0}
{"level":"info","ts":1785238891.6597283,"logger":"discovery","caller":"ean/discovery.go:555","msg":"capability registered/updated","cap_id":"bacnet_ip.read_holding_register","agent_id":"edgex-node-001","category":"device","source":"native-ean","v1_purged":0}
{"level":"info","ts":1785238891.6597283,"logger":"discovery","caller":"ean/discovery.go:555","msg":"capability registered/updated","cap_id":"omron_fins.scan_devices","agent_id":"edgex-node-001","category":"device","source":"native-ean","v1_purged":0}
{"level":"info","ts":1785238891.6597283,"logger":"discovery","caller":"ean/discovery.go:555","msg":"capability registered/updated","cap_id":"snmp.scan_devices","agent_id":"edgex-node-001","category":"device","source":"native-ean","v1_purged":0}
{"level":"info","ts":1785238891.6597283,"logger":"discovery","caller":"ean/discovery.go:555","msg":"capability registered/updated","cap_id":"system.diagnostics","agent_id":"edgex-node-001","category":"system","source":"native-ean","v1_purged":0}
{"level":"info","ts":1785238891.6597283,"logger":"discovery","caller":"ean/discovery.go:555","msg":"capability registered/updated","cap_id":"modbus_tcp.scan_devices","agent_id":"edgex-node-001","category":"device","source":"native-ean","v1_purged":0}
{"level":"info","ts":1785238891.6597283,"logger":"discovery","caller":"ean/discovery.go:555","msg":"capability registered/updated","cap_id":"bacnet_ip.list_points","agent_id":"edgex-node-001","category":"device","source":"native-ean","v1_purged":0}
{"level":"info","ts":1785238891.6597283,"logger":"discovery","caller":"ean/discovery.go:555","msg":"capability registered/updated","cap_id":"iec60870_5_104.read_holding_register","agent_id":"edgex-node-001","category":"device","source":"native-ean","v1_purged":0}
{"level":"info","ts":1785238891.6597283,"logger":"discovery","caller":"ean/discovery.go:555","msg":"capability registered/updated","cap_id":"iec60870_5_104.scan_devices","agent_id":"edgex-node-001","category":"device","source":"native-ean","v1_purged":0}
{"level":"info","ts":1785238891.6597283,"logger":"discovery","caller":"ean/discovery.go:555","msg":"capability registered/updated","cap_id":"ethercat.scan_devices","agent_id":"edgex-node-001","category":"device","source":"native-ean","v1_purged":0}
{"level":"info","ts":1785238891.6597283,"logger":"discovery","caller":"ean/discovery.go:555","msg":"capability registered/updated","cap_id":"dlt645.scan_devices","agent_id":"edgex-node-001","category":"device","source":"native-ean","v1_purged":0}
{"level":"info","ts":1785238891.6597283,"logger":"discovery","caller":"ean/discovery.go:555","msg":"capability registered/updated","cap_id":"modbus_rtu.read_holding_register","agent_id":"edgex-node-001","category":"device","source":"native-ean","v1_purged":0}
{"level":"info","ts":1785238891.6597283,"logger":"discovery","caller":"ean/discovery.go:555","msg":"capability registered/updated","cap_id":"modbus_rtu_over_tcp.list_points","agent_id":"edgex-node-001","category":"device","source":"native-ean","v1_purged":0}
{"level":"info","ts":1785238891.6597283,"logger":"discovery","caller":"ean/discovery.go:555","msg":"capability registered/updated","cap_id":"opc_ua.scan_devices","agent_id":"edgex-node-001","category":"device","source":"native-ean","v1_purged":0}
{"level":"info","ts":1785238891.6597283,"logger":"discovery","caller":"ean/discovery.go:555","msg":"capability registered/updated","cap_id":"opc_ua.list_points","agent_id":"edgex-node-001","category":"device","source":"native-ean","v1_purged":0}
{"level":"info","ts":1785238891.6597283,"logger":"discovery","caller":"ean/discovery.go:555","msg":"capability registered/updated","cap_id":"s7.read_holding_register","agent_id":"edgex-node-001","category":"device","source":"native-ean","v1_purged":0}
{"level":"info","ts":1785238891.6597283,"logger":"discovery","caller":"ean/discovery.go:555","msg":"capability registered/updated","cap_id":"omron_fins.list_points","agent_id":"edgex-node-001","category":"device","source":"native-ean","v1_purged":0}
{"level":"info","ts":1785238891.6597283,"logger":"discovery","caller":"ean/discovery.go:555","msg":"capability registered/updated","cap_id":"dlt645.read_holding_register","agent_id":"edgex-node-001","category":"device","source":"native-ean","v1_purged":0}
{"level":"info","ts":1785238891.6597283,"logger":"discovery","caller":"ean/discovery.go:555","msg":"capability registered/updated","cap_id":"profinet_io.list_points","agent_id":"edgex-node-001","category":"device","source":"native-ean","v1_purged":0}
{"level":"info","ts":1785238891.6597283,"logger":"discovery","caller":"ean/discovery.go:555","msg":"capability registered/updated","cap_id":"ethercat.read_holding_register","agent_id":"edgex-node-001","category":"device","source":"native-ean","v1_purged":0}
{"level":"info","ts":1785238891.6597283,"logger":"discovery","caller":"ean/discovery.go:555","msg":"capability registered/updated","cap_id":"modbus_tcp.list_points","agent_id":"edgex-node-001","category":"device","source":"native-ean","v1_purged":0}
{"level":"info","ts":1785238891.6597283,"logger":"discovery","caller":"ean/discovery.go:555","msg":"capability registered/updated","cap_id":"ethernet_ip.scan_devices","agent_id":"edgex-node-001","category":"device","source":"native-ean","v1_purged":0}
{"level":"info","ts":1785238891.6597283,"logger":"discovery","caller":"ean/discovery.go:555","msg":"capability registered/updated","cap_id":"omron_fins.write_register","agent_id":"edgex-node-001","category":"device","source":"native-ean","v1_purged":0}
{"level":"info","ts":1785238891.6597283,"logger":"discovery","caller":"ean/discovery.go:555","msg":"capability registered/updated","cap_id":"modbus_rtu_over_tcp.read_holding_register","agent_id":"edgex-node-001","category":"device","source":"native-ean","v1_purged":0}
{"level":"info","ts":1785238891.6597283,"logger":"discovery","caller":"ean/discovery.go:555","msg":"capability registered/updated","cap_id":"knxnet_ip.list_points","agent_id":"edgex-node-001","category":"device","source":"native-ean","v1_purged":0}
{"level":"info","ts":1785238891.6597283,"logger":"discovery","caller":"ean/discovery.go:555","msg":"capability registered/updated","cap_id":"modbus_tcp.write_register","agent_id":"edgex-node-001","category":"device","source":"native-ean","v1_purged":0}
{"level":"info","ts":1785238891.6597283,"logger":"discovery","caller":"ean/discovery.go:555","msg":"capability registered/updated","cap_id":"omron_fins.read_holding_register","agent_id":"edgex-node-001","category":"device","source":"native-ean","v1_purged":0}
{"level":"info","ts":1785238891.6597283,"logger":"discovery","caller":"ean/discovery.go:555","msg":"capability registered/updated","cap_id":"dlt645.write_register","agent_id":"edgex-node-001","category":"device","source":"native-ean","v1_purged":0}
{"level":"info","ts":1785238891.6597283,"logger":"discovery","caller":"ean/discovery.go:555","msg":"capability registered/updated","cap_id":"mitsubishi_slmp.read_holding_register","agent_id":"edgex-node-001","category":"device","source":"native-ean","v1_purged":0}
{"level":"info","ts":1785238891.6597283,"logger":"discovery","caller":"ean/discovery.go:555","msg":"capability registered/updated","cap_id":"iec60870_5_104.write_register","agent_id":"edgex-node-001","category":"device","source":"native-ean","v1_purged":0}
{"level":"info","ts":1785238891.6597283,"logger":"discovery","caller":"ean/discovery.go:555","msg":"capability registered/updated","cap_id":"ethercat.write_register","agent_id":"edgex-node-001","category":"device","source":"native-ean","v1_purged":0}
{"level":"info","ts":1785238891.6597283,"logger":"discovery","caller":"ean/discovery.go:555","msg":"capability registered/updated","cap_id":"modbus_rtu_over_tcp.scan_devices","agent_id":"edgex-node-001","category":"device","source":"native-ean","v1_purged":0}
{"level":"info","ts":1785238891.6597283,"logger":"discovery","caller":"ean/discovery.go:555","msg":"capability registered/updated","cap_id":"s7.list_points","agent_id":"edgex-node-001","category":"device","source":"native-ean","v1_purged":0}
{"level":"info","ts":1785238891.6597283,"logger":"discovery","caller":"ean/discovery.go:555","msg":"capability registered/updated","cap_id":"mitsubishi_slmp.write_register","agent_id":"edgex-node-001","category":"device","source":"native-ean","v1_purged":0}
{"level":"info","ts":1785238891.6597283,"logger":"discovery","caller":"ean/discovery.go:555","msg":"capability registered/updated","cap_id":"profinet_io.write_register","agent_id":"edgex-node-001","category":"device","source":"native-ean","v1_purged":0}
{"level":"info","ts":1785238891.6597283,"logger":"discovery","caller":"ean/discovery.go:555","msg":"capability registered/updated","cap_id":"mitsubishi_slmp.scan_devices","agent_id":"edgex-node-001","category":"device","source":"native-ean","v1_purged":0}
{"level":"info","ts":1785238891.6597283,"logger":"discovery","caller":"ean/discovery.go:555","msg":"capability registered/updated","cap_id":"bacnet_ip.write_register","agent_id":"edgex-node-001","category":"device","source":"native-ean","v1_purged":0}
{"level":"info","ts":1785238891.6597283,"logger":"discovery","caller":"ean/discovery.go:555","msg":"capability registered/updated","cap_id":"s7.write_register","agent_id":"edgex-node-001","category":"device","source":"native-ean","v1_purged":0}
{"level":"info","ts":1785238891.6597283,"logger":"discovery","caller":"ean/discovery.go:555","msg":"capability registered/updated","cap_id":"s7.scan_devices","agent_id":"edgex-node-001","category":"device","source":"native-ean","v1_purged":0}
{"level":"info","ts":1785238891.6597283,"logger":"discovery","caller":"ean/discovery.go:555","msg":"capability registered/updated","cap_id":"opc_ua.write_register","agent_id":"edgex-node-001","category":"device","source":"native-ean","v1_purged":0}
{"level":"info","ts":1785238891.6597283,"logger":"discovery","caller":"ean/discovery.go:555","msg":"capability registered/updated","cap_id":"knxnet_ip.read_holding_register","agent_id":"edgex-node-001","category":"device","source":"native-ean","v1_purged":0}
{"level":"info","ts":1785238891.6597283,"logger":"discovery","caller":"ean/discovery.go:555","msg":"capability registered/updated","cap_id":"ethernet_ip.list_points","agent_id":"edgex-node-001","category":"device","source":"native-ean","v1_purged":0}
{"level":"info","ts":1785238891.6597283,"logger":"discovery","caller":"ean/discovery.go:555","msg":"capability registered/updated","cap_id":"modbus_rtu.scan_devices","agent_id":"edgex-node-001","category":"device","source":"native-ean","v1_purged":0}
{"level":"info","ts":1785238891.6597283,"logger":"discovery","caller":"ean/discovery.go:555","msg":"capability registered/updated","cap_id":"ethernet_ip.read_holding_register","agent_id":"edgex-node-001","category":"device","source":"native-ean","v1_purged":0}
{"level":"info","ts":1785238891.6597283,"logger":"discovery","caller":"ean/discovery.go:555","msg":"capability registered/updated","cap_id":"ethernet_ip.write_register","agent_id":"edgex-node-001","category":"device","source":"native-ean","v1_purged":0}
{"level":"info","ts":1785238891.6597283,"logger":"discovery","caller":"ean/discovery.go:555","msg":"capability registered/updated","cap_id":"knxnet_ip.write_register","agent_id":"edgex-node-001","category":"device","source":"native-ean","v1_purged":0}
{"level":"info","ts":1785238891.6597283,"logger":"discovery","caller":"ean/discovery.go:555","msg":"capability registered/updated","cap_id":"snmp.write_register","agent_id":"edgex-node-001","category":"device","source":"native-ean","v1_purged":0}
{"level":"info","ts":1785238891.6597283,"logger":"discovery","caller":"ean/discovery.go:555","msg":"capability registered/updated","cap_id":"snmp.list_points","agent_id":"edgex-node-001","category":"device","source":"native-ean","v1_purged":0}
{"level":"info","ts":1785238891.6597283,"logger":"discovery","caller":"ean/discovery.go:555","msg":"capability registered/updated","cap_id":"modbus_rtu_over_tcp.write_register","agent_id":"edgex-node-001","category":"device","source":"native-ean","v1_purged":0}
{"level":"info","ts":1785238891.6597283,"logger":"discovery","caller":"ean/discovery.go:555","msg":"capability registered/updated","cap_id":"iec60870_5_104.list_points","agent_id":"edgex-node-001","category":"device","source":"native-ean","v1_purged":0}
{"level":"info","ts":1785238891.6597283,"logger":"discovery","caller":"ean/discovery.go:555","msg":"capability registered/updated","cap_id":"mitsubishi_slmp.list_points","agent_id":"edgex-node-001","category":"device","source":"native-ean","v1_purged":0}
{"level":"warn","ts":1785238893.6797402,"logger":"heartbeat","caller":"ean/heartbeat.go:151","msg":"heartbeat sequence regression detected","agent_id":"edgex-node-001","old_seq":31,"new_seq":0}
{"level":"info","ts":1785238951.665959,"logger":"discovery","caller":"ean/discovery.go:555","msg":"capability registered/updated","cap_id":"ethernet_ip.read_holding_register","agent_id":"edgex-node-001","category":"device","source":"native-ean","v1_purged":0}
{"level":"info","ts":1785238951.6664653,"logger":"discovery","caller":"ean/discovery.go:555","msg":"capability registered/updated","cap_id":"ethernet_ip.write_register","agent_id":"edgex-node-001","category":"device","source":"native-ean","v1_purged":0}
{"level":"info","ts":1785238951.6664653,"logger":"discovery","caller":"ean/discovery.go:555","msg":"capability registered/updated","cap_id":"knxnet_ip.write_register","agent_id":"edgex-node-001","category":"device","source":"native-ean","v1_purged":0}
{"level":"info","ts":1785238951.66656,"logger":"discovery","caller":"ean/discovery.go:555","msg":"capability registered/updated","cap_id":"snmp.write_register","agent_id":"edgex-node-001","category":"device","source":"native-ean","v1_purged":0}
{"level":"info","ts":1785238951.66656,"logger":"discovery","caller":"ean/discovery.go:555","msg":"capability registered/updated","cap_id":"snmp.list_points","agent_id":"edgex-node-001","category":"device","source":"native-ean","v1_purged":0}
{"level":"info","ts":1785238951.66656,"logger":"discovery","caller":"ean/discovery.go:555","msg":"capability registered/updated","cap_id":"modbus_rtu_over_tcp.write_register","agent_id":"edgex-node-001","category":"device","source":"native-ean","v1_purged":0}
{"level":"info","ts":1785238951.66656,"logger":"discovery","caller":"ean/discovery.go:555","msg":"capability registered/updated","cap_id":"iec60870_5_104.list_points","agent_id":"edgex-node-001","category":"device","source":"native-ean","v1_purged":0}
{"level":"info","ts":1785238951.66656,"logger":"discovery","caller":"ean/discovery.go:555","msg":"capability registered/updated","cap_id":"mitsubishi_slmp.list_points","agent_id":"edgex-node-001","category":"device","source":"native-ean","v1_purged":0}
{"level":"info","ts":1785238951.66656,"logger":"discovery","caller":"ean/discovery.go:555","msg":"capability registered/updated","cap_id":"ai.doc_parse","agent_id":"edgex-node-001","category":"ai","source":"native-ean","v1_purged":0}
{"level":"info","ts":1785238951.66656,"logger":"discovery","caller":"ean/discovery.go:555","msg":"capability registered/updated","cap_id":"knxnet_ip.scan_devices","agent_id":"edgex-node-001","category":"device","source":"native-ean","v1_purged":0}
{"level":"info","ts":1785238951.66656,"logger":"discovery","caller":"ean/discovery.go:555","msg":"capability registered/updated","cap_id":"dlt645.list_points","agent_id":"edgex-node-001","category":"device","source":"native-ean","v1_purged":0}
{"level":"info","ts":1785238951.66656,"logger":"discovery","caller":"ean/discovery.go:555","msg":"capability registered/updated","cap_id":"profinet_io.scan_devices","agent_id":"edgex-node-001","category":"device","source":"native-ean","v1_purged":0}
{"level":"info","ts":1785238951.66656,"logger":"discovery","caller":"ean/discovery.go:555","msg":"capability registered/updated","cap_id":"modbus_tcp.read_holding_register","agent_id":"edgex-node-001","category":"device","source":"native-ean","v1_purged":0}
{"level":"info","ts":1785238951.66656,"logger":"discovery","caller":"ean/discovery.go:555","msg":"capability registered/updated","cap_id":"ethercat.list_points","agent_id":"edgex-node-001","category":"device","source":"native-ean","v1_purged":0}
{"level":"info","ts":1785238951.66656,"logger":"discovery","caller":"ean/discovery.go:555","msg":"capability registered/updated","cap_id":"ai.protocol_reverse","agent_id":"edgex-node-001","category":"ai","source":"native-ean","v1_purged":0}
{"level":"info","ts":1785238951.66656,"logger":"discovery","caller":"ean/discovery.go:555","msg":"capability registered/updated","cap_id":"modbus_rtu.write_register","agent_id":"edgex-node-001","category":"device","source":"native-ean","v1_purged":0}
{"level":"info","ts":1785238951.66656,"logger":"discovery","caller":"ean/discovery.go:555","msg":"capability registered/updated","cap_id":"modbus_rtu.list_points","agent_id":"edgex-node-001","category":"device","source":"native-ean","v1_purged":0}
{"level":"info","ts":1785238951.66656,"logger":"discovery","caller":"ean/discovery.go:555","msg":"capability registered/updated","cap_id":"bacnet_ip.scan_devices","agent_id":"edgex-node-001","category":"device","source":"native-ean","v1_purged":0}
{"level":"info","ts":1785238951.66656,"logger":"discovery","caller":"ean/discovery.go:555","msg":"capability registered/updated","cap_id":"opc_ua.read_holding_register","agent_id":"edgex-node-001","category":"device","source":"native-ean","v1_purged":0}
{"level":"info","ts":1785238951.66656,"logger":"discovery","caller":"ean/discovery.go:555","msg":"capability registered/updated","cap_id":"snmp.read_holding_register","agent_id":"edgex-node-001","category":"device","source":"native-ean","v1_purged":0}
{"level":"info","ts":1785238951.66656,"logger":"discovery","caller":"ean/discovery.go:555","msg":"capability registered/updated","cap_id":"profinet_io.read_holding_register","agent_id":"edgex-node-001","category":"device","source":"native-ean","v1_purged":0}
{"level":"info","ts":1785238951.66656,"logger":"discovery","caller":"ean/discovery.go:555","msg":"capability registered/updated","cap_id":"bacnet_ip.read_holding_register","agent_id":"edgex-node-001","category":"device","source":"native-ean","v1_purged":0}
{"level":"info","ts":1785238951.66656,"logger":"discovery","caller":"ean/discovery.go:555","msg":"capability registered/updated","cap_id":"omron_fins.scan_devices","agent_id":"edgex-node-001","category":"device","source":"native-ean","v1_purged":0}
{"level":"info","ts":1785238951.66656,"logger":"discovery","caller":"ean/discovery.go:555","msg":"capability registered/updated","cap_id":"snmp.scan_devices","agent_id":"edgex-node-001","category":"device","source":"native-ean","v1_purged":0}
{"level":"info","ts":1785238951.66656,"logger":"discovery","caller":"ean/discovery.go:555","msg":"capability registered/updated","cap_id":"system.diagnostics","agent_id":"edgex-node-001","category":"system","source":"native-ean","v1_purged":0}
{"level":"info","ts":1785238951.66656,"logger":"discovery","caller":"ean/discovery.go:555","msg":"capability registered/updated","cap_id":"modbus_tcp.scan_devices","agent_id":"edgex-node-001","category":"device","source":"native-ean","v1_purged":0}
{"level":"info","ts":1785238951.66656,"logger":"discovery","caller":"ean/discovery.go:555","msg":"capability registered/updated","cap_id":"bacnet_ip.list_points","agent_id":"edgex-node-001","category":"device","source":"native-ean","v1_purged":0}
{"level":"info","ts":1785238951.66656,"logger":"discovery","caller":"ean/discovery.go:555","msg":"capability registered/updated","cap_id":"iec60870_5_104.read_holding_register","agent_id":"edgex-node-001","category":"device","source":"native-ean","v1_purged":0}
{"level":"info","ts":1785238951.66656,"logger":"discovery","caller":"ean/discovery.go:555","msg":"capability registered/updated","cap_id":"iec60870_5_104.scan_devices","agent_id":"edgex-node-001","category":"device","source":"native-ean","v1_purged":0}
{"level":"info","ts":1785238951.66656,"logger":"discovery","caller":"ean/discovery.go:555","msg":"capability registered/updated","cap_id":"ethercat.scan_devices","agent_id":"edgex-node-001","category":"device","source":"native-ean","v1_purged":0}
{"level":"info","ts":1785238951.66656,"logger":"discovery","caller":"ean/discovery.go:555","msg":"capability registered/updated","cap_id":"dlt645.scan_devices","agent_id":"edgex-node-001","category":"device","source":"native-ean","v1_purged":0}
{"level":"info","ts":1785238951.66656,"logger":"discovery","caller":"ean/discovery.go:555","msg":"capability registered/updated","cap_id":"modbus_rtu.read_holding_register","agent_id":"edgex-node-001","category":"device","source":"native-ean","v1_purged":0}
{"level":"info","ts":1785238951.66656,"logger":"discovery","caller":"ean/discovery.go:555","msg":"capability registered/updated","cap_id":"modbus_rtu_over_tcp.list_points","agent_id":"edgex-node-001","category":"device","source":"native-ean","v1_purged":0}
{"level":"info","ts":1785238951.66656,"logger":"discovery","caller":"ean/discovery.go:555","msg":"capability registered/updated","cap_id":"opc_ua.scan_devices","agent_id":"edgex-node-001","category":"device","source":"native-ean","v1_purged":0}
{"level":"info","ts":1785238951.66656,"logger":"discovery","caller":"ean/discovery.go:555","msg":"capability registered/updated","cap_id":"opc_ua.list_points","agent_id":"edgex-node-001","category":"device","source":"native-ean","v1_purged":0}
{"level":"info","ts":1785238951.66656,"logger":"discovery","caller":"ean/discovery.go:555","msg":"capability registered/updated","cap_id":"s7.read_holding_register","agent_id":"edgex-node-001","category":"device","source":"native-ean","v1_purged":0}
{"level":"info","ts":1785238951.66656,"logger":"discovery","caller":"ean/discovery.go:555","msg":"capability registered/updated","cap_id":"omron_fins.list_points","agent_id":"edgex-node-001","category":"device","source":"native-ean","v1_purged":0}
{"level":"info","ts":1785238951.66656,"logger":"discovery","caller":"ean/discovery.go:555","msg":"capability registered/updated","cap_id":"dlt645.read_holding_register","agent_id":"edgex-node-001","category":"device","source":"native-ean","v1_purged":0}
{"level":"info","ts":1785238951.66656,"logger":"discovery","caller":"ean/discovery.go:555","msg":"capability registered/updated","cap_id":"profinet_io.list_points","agent_id":"edgex-node-001","category":"device","source":"native-ean","v1_purged":0}
{"level":"info","ts":1785238951.66656,"logger":"discovery","caller":"ean/discovery.go:555","msg":"capability registered/updated","cap_id":"ethercat.read_holding_register","agent_id":"edgex-node-001","category":"device","source":"native-ean","v1_purged":0}
{"level":"info","ts":1785238951.66656,"logger":"discovery","caller":"ean/discovery.go:555","msg":"capability registered/updated","cap_id":"modbus_tcp.list_points","agent_id":"edgex-node-001","category":"device","source":"native-ean","v1_purged":0}
{"level":"info","ts":1785238951.66656,"logger":"discovery","caller":"ean/discovery.go:555","msg":"capability registered/updated","cap_id":"ethernet_ip.scan_devices","agent_id":"edgex-node-001","category":"device","source":"native-ean","v1_purged":0}
{"level":"info","ts":1785238951.66656,"logger":"discovery","caller":"ean/discovery.go:555","msg":"capability registered/updated","cap_id":"omron_fins.write_register","agent_id":"edgex-node-001","category":"device","source":"native-ean","v1_purged":0}
{"level":"info","ts":1785238951.66656,"logger":"discovery","caller":"ean/discovery.go:555","msg":"capability registered/updated","cap_id":"modbus_rtu_over_tcp.read_holding_register","agent_id":"edgex-node-001","category":"device","source":"native-ean","v1_purged":0}
{"level":"info","ts":1785238951.66656,"logger":"discovery","caller":"ean/discovery.go:555","msg":"capability registered/updated","cap_id":"knxnet_ip.list_points","agent_id":"edgex-node-001","category":"device","source":"native-ean","v1_purged":0}
{"level":"info","ts":1785238951.66656,"logger":"discovery","caller":"ean/discovery.go:555","msg":"capability registered/updated","cap_id":"modbus_tcp.write_register","agent_id":"edgex-node-001","category":"device","source":"native-ean","v1_purged":0}
{"level":"info","ts":1785238951.66656,"logger":"discovery","caller":"ean/discovery.go:555","msg":"capability registered/updated","cap_id":"omron_fins.read_holding_register","agent_id":"edgex-node-001","category":"device","source":"native-ean","v1_purged":0}
{"level":"info","ts":1785238951.66656,"logger":"discovery","caller":"ean/discovery.go:555","msg":"capability registered/updated","cap_id":"dlt645.write_register","agent_id":"edgex-node-001","category":"device","source":"native-ean","v1_purged":0}
{"level":"info","ts":1785238951.66656,"logger":"discovery","caller":"ean/discovery.go:555","msg":"capability registered/updated","cap_id":"mitsubishi_slmp.read_holding_register","agent_id":"edgex-node-001","category":"device","source":"native-ean","v1_purged":0}
{"level":"info","ts":1785238951.66656,"logger":"discovery","caller":"ean/discovery.go:555","msg":"capability registered/updated","cap_id":"iec60870_5_104.write_register","agent_id":"edgex-node-001","category":"device","source":"native-ean","v1_purged":0}
{"level":"info","ts":1785238951.66656,"logger":"discovery","caller":"ean/discovery.go:555","msg":"capability registered/updated","cap_id":"ethercat.write_register","agent_id":"edgex-node-001","category":"device","source":"native-ean","v1_purged":0}
{"level":"info","ts":1785238951.66656,"logger":"discovery","caller":"ean/discovery.go:555","msg":"capability registered/updated","cap_id":"modbus_rtu_over_tcp.scan_devices","agent_id":"edgex-node-001","category":"device","source":"native-ean","v1_purged":0}
{"level":"info","ts":1785238951.66656,"logger":"discovery","caller":"ean/discovery.go:555","msg":"capability registered/updated","cap_id":"s7.list_points","agent_id":"edgex-node-001","category":"device","source":"native-ean","v1_purged":0}
{"level":"info","ts":1785238951.6670628,"logger":"discovery","caller":"ean/discovery.go:555","msg":"capability registered/updated","cap_id":"mitsubishi_slmp.write_register","agent_id":"edgex-node-001","category":"device","source":"native-ean","v1_purged":0}
{"level":"info","ts":1785238951.6670628,"logger":"discovery","caller":"ean/discovery.go:555","msg":"capability registered/updated","cap_id":"profinet_io.write_register","agent_id":"edgex-node-001","category":"device","source":"native-ean","v1_purged":0}
{"level":"info","ts":1785238951.6670628,"logger":"discovery","caller":"ean/discovery.go:555","msg":"capability registered/updated","cap_id":"mitsubishi_slmp.scan_devices","agent_id":"edgex-node-001","category":"device","source":"native-ean","v1_purged":0}
{"level":"info","ts":1785238951.6670628,"logger":"discovery","caller":"ean/discovery.go:555","msg":"capability registered/updated","cap_id":"bacnet_ip.write_register","agent_id":"edgex-node-001","category":"device","source":"native-ean","v1_purged":0}
{"level":"info","ts":1785238951.6670628,"logger":"discovery","caller":"ean/discovery.go:555","msg":"capability registered/updated","cap_id":"s7.write_register","agent_id":"edgex-node-001","category":"device","source":"native-ean","v1_purged":0}
{"level":"info","ts":1785238951.6670628,"logger":"discovery","caller":"ean/discovery.go:555","msg":"capability registered/updated","cap_id":"s7.scan_devices","agent_id":"edgex-node-001","category":"device","source":"native-ean","v1_purged":0}
{"level":"info","ts":1785238951.6670628,"logger":"discovery","caller":"ean/discovery.go:555","msg":"capability registered/updated","cap_id":"opc_ua.write_register","agent_id":"edgex-node-001","category":"device","source":"native-ean","v1_purged":0}
{"level":"info","ts":1785238951.6670628,"logger":"discovery","caller":"ean/discovery.go:555","msg":"capability registered/updated","cap_id":"knxnet_ip.read_holding_register","agent_id":"edgex-node-001","category":"device","source":"native-ean","v1_purged":0}
{"level":"info","ts":1785238951.6670628,"logger":"discovery","caller":"ean/discovery.go:555","msg":"capability registered/updated","cap_id":"ethernet_ip.list_points","agent_id":"edgex-node-001","category":"device","source":"native-ean","v1_purged":0}
{"level":"info","ts":1785238951.6670628,"logger":"discovery","caller":"ean/discovery.go:555","msg":"capability registered/updated","cap_id":"modbus_rtu.scan_devices","agent_id":"edgex-node-001","category":"device","source":"native-ean","v1_purged":0}
{"level":"warn","ts":1785238953.6800294,"logger":"heartbeat","caller":"ean/heartbeat.go:151","msg":"heartbeat sequence regression detected","agent_id":"edgex-node-001","old_seq":32,"new_seq":0}
{"level":"info","ts":1785238960.6791072,"logger":"ean-bus","caller":"ean/bus.go:601","msg":"主动发现查询已发布","topic":"$edgeos/discovery/query"}
{"level":"info","ts":1785238960.6980658,"logger":"discovery","caller":"ean/discovery.go:216","msg":"agent updated via discovery response","agent_id":"edgex-node-001","kind":"device","source":"native-ean"}
{"level":"info","ts":1785238960.6990907,"logger":"heartbeat","caller":"ean/heartbeat.go:283","msg":"heartbeat interval updated","agent_id":"edgex-node-001","interval_sec":60}
{"level":"info","ts":1785238960.6990907,"logger":"discovery","caller":"ean/discovery.go:555","msg":"capability registered/updated","cap_id":"bacnet_ip.read_holding_register","agent_id":"edgex-node-001","category":"device","source":"native-ean","v1_purged":0}
{"level":"info","ts":1785238960.6990907,"logger":"discovery","caller":"ean/discovery.go:555","msg":"capability registered/updated","cap_id":"omron_fins.scan_devices","agent_id":"edgex-node-001","category":"device","source":"native-ean","v1_purged":0}
{"level":"info","ts":1785238960.6990907,"logger":"discovery","caller":"ean/discovery.go:555","msg":"capability registered/updated","cap_id":"snmp.scan_devices","agent_id":"edgex-node-001","category":"device","source":"native-ean","v1_purged":0}
{"level":"info","ts":1785238960.6990907,"logger":"discovery","caller":"ean/discovery.go:555","msg":"capability registered/updated","cap_id":"system.diagnostics","agent_id":"edgex-node-001","category":"system","source":"native-ean","v1_purged":0}
{"level":"info","ts":1785238960.6990907,"logger":"discovery","caller":"ean/discovery.go:555","msg":"capability registered/updated","cap_id":"modbus_tcp.scan_devices","agent_id":"edgex-node-001","category":"device","source":"native-ean","v1_purged":0}
{"level":"info","ts":1785238960.6990907,"logger":"discovery","caller":"ean/discovery.go:555","msg":"capability registered/updated","cap_id":"bacnet_ip.list_points","agent_id":"edgex-node-001","category":"device","source":"native-ean","v1_purged":0}
{"level":"info","ts":1785238960.6990907,"logger":"discovery","caller":"ean/discovery.go:555","msg":"capability registered/updated","cap_id":"iec60870_5_104.read_holding_register","agent_id":"edgex-node-001","category":"device","source":"native-ean","v1_purged":0}
{"level":"info","ts":1785238960.6990907,"logger":"discovery","caller":"ean/discovery.go:555","msg":"capability registered/updated","cap_id":"iec60870_5_104.scan_devices","agent_id":"edgex-node-001","category":"device","source":"native-ean","v1_purged":0}
{"level":"info","ts":1785238960.6990907,"logger":"discovery","caller":"ean/discovery.go:555","msg":"capability registered/updated","cap_id":"ethercat.scan_devices","agent_id":"edgex-node-001","category":"device","source":"native-ean","v1_purged":0}
{"level":"info","ts":1785238960.6990907,"logger":"discovery","caller":"ean/discovery.go:555","msg":"capability registered/updated","cap_id":"dlt645.scan_devices","agent_id":"edgex-node-001","category":"device","source":"native-ean","v1_purged":0}
{"level":"info","ts":1785238960.6990907,"logger":"discovery","caller":"ean/discovery.go:555","msg":"capability registered/updated","cap_id":"modbus_rtu.read_holding_register","agent_id":"edgex-node-001","category":"device","source":"native-ean","v1_purged":0}
{"level":"info","ts":1785238960.6990907,"logger":"discovery","caller":"ean/discovery.go:555","msg":"capability registered/updated","cap_id":"modbus_rtu_over_tcp.list_points","agent_id":"edgex-node-001","category":"device","source":"native-ean","v1_purged":0}
{"level":"info","ts":1785238960.6990907,"logger":"discovery","caller":"ean/discovery.go:555","msg":"capability registered/updated","cap_id":"opc_ua.scan_devices","agent_id":"edgex-node-001","category":"device","source":"native-ean","v1_purged":0}
{"level":"info","ts":1785238960.6990907,"logger":"discovery","caller":"ean/discovery.go:555","msg":"capability registered/updated","cap_id":"opc_ua.list_points","agent_id":"edgex-node-001","category":"device","source":"native-ean","v1_purged":0}
{"level":"info","ts":1785238960.699606,"logger":"discovery","caller":"ean/discovery.go:555","msg":"capability registered/updated","cap_id":"s7.read_holding_register","agent_id":"edgex-node-001","category":"device","source":"native-ean","v1_purged":0}
{"level":"info","ts":1785238960.699606,"logger":"discovery","caller":"ean/discovery.go:555","msg":"capability registered/updated","cap_id":"omron_fins.list_points","agent_id":"edgex-node-001","category":"device","source":"native-ean","v1_purged":0}
{"level":"info","ts":1785238960.699606,"logger":"discovery","caller":"ean/discovery.go:555","msg":"capability registered/updated","cap_id":"dlt645.read_holding_register","agent_id":"edgex-node-001","category":"device","source":"native-ean","v1_purged":0}
{"level":"info","ts":1785238960.699694,"logger":"discovery","caller":"ean/discovery.go:555","msg":"capability registered/updated","cap_id":"profinet_io.list_points","agent_id":"edgex-node-001","category":"device","source":"native-ean","v1_purged":0}
{"level":"info","ts":1785238960.699694,"logger":"discovery","caller":"ean/discovery.go:555","msg":"capability registered/updated","cap_id":"ethercat.read_holding_register","agent_id":"edgex-node-001","category":"device","source":"native-ean","v1_purged":0}
{"level":"info","ts":1785238960.699694,"logger":"discovery","caller":"ean/discovery.go:555","msg":"capability registered/updated","cap_id":"modbus_tcp.list_points","agent_id":"edgex-node-001","category":"device","source":"native-ean","v1_purged":0}
{"level":"info","ts":1785238960.699694,"logger":"discovery","caller":"ean/discovery.go:555","msg":"capability registered/updated","cap_id":"ethernet_ip.scan_devices","agent_id":"edgex-node-001","category":"device","source":"native-ean","v1_purged":0}
{"level":"info","ts":1785238960.699694,"logger":"discovery","caller":"ean/discovery.go:555","msg":"capability registered/updated","cap_id":"omron_fins.write_register","agent_id":"edgex-node-001","category":"device","source":"native-ean","v1_purged":0}
{"level":"info","ts":1785238960.699694,"logger":"discovery","caller":"ean/discovery.go:555","msg":"capability registered/updated","cap_id":"modbus_rtu_over_tcp.read_holding_register","agent_id":"edgex-node-001","category":"device","source":"native-ean","v1_purged":0}
{"level":"info","ts":1785238960.699694,"logger":"discovery","caller":"ean/discovery.go:555","msg":"capability registered/updated","cap_id":"knxnet_ip.list_points","agent_id":"edgex-node-001","category":"device","source":"native-ean","v1_purged":0}
{"level":"info","ts":1785238960.699694,"logger":"discovery","caller":"ean/discovery.go:555","msg":"capability registered/updated","cap_id":"modbus_tcp.write_register","agent_id":"edgex-node-001","category":"device","source":"native-ean","v1_purged":0}
{"level":"info","ts":1785238960.699694,"logger":"discovery","caller":"ean/discovery.go:555","msg":"capability registered/updated","cap_id":"omron_fins.read_holding_register","agent_id":"edgex-node-001","category":"device","source":"native-ean","v1_purged":0}
{"level":"info","ts":1785238960.699694,"logger":"discovery","caller":"ean/discovery.go:555","msg":"capability registered/updated","cap_id":"dlt645.write_register","agent_id":"edgex-node-001","category":"device","source":"native-ean","v1_purged":0}
{"level":"info","ts":1785238960.699694,"logger":"discovery","caller":"ean/discovery.go:555","msg":"capability registered/updated","cap_id":"mitsubishi_slmp.read_holding_register","agent_id":"edgex-node-001","category":"device","source":"native-ean","v1_purged":0}
{"level":"info","ts":1785238960.699694,"logger":"discovery","caller":"ean/discovery.go:555","msg":"capability registered/updated","cap_id":"iec60870_5_104.write_register","agent_id":"edgex-node-001","category":"device","source":"native-ean","v1_purged":0}
{"level":"info","ts":1785238960.699694,"logger":"discovery","caller":"ean/discovery.go:555","msg":"capability registered/updated","cap_id":"ethercat.write_register","agent_id":"edgex-node-001","category":"device","source":"native-ean","v1_purged":0}
{"level":"info","ts":1785238960.699694,"logger":"discovery","caller":"ean/discovery.go:555","msg":"capability registered/updated","cap_id":"modbus_rtu_over_tcp.scan_devices","agent_id":"edgex-node-001","category":"device","source":"native-ean","v1_purged":0}
{"level":"info","ts":1785238960.699694,"logger":"discovery","caller":"ean/discovery.go:555","msg":"capability registered/updated","cap_id":"s7.list_points","agent_id":"edgex-node-001","category":"device","source":"native-ean","v1_purged":0}
{"level":"info","ts":1785238960.699694,"logger":"discovery","caller":"ean/discovery.go:555","msg":"capability registered/updated","cap_id":"mitsubishi_slmp.write_register","agent_id":"edgex-node-001","category":"device","source":"native-ean","v1_purged":0}
{"level":"info","ts":1785238960.699694,"logger":"discovery","caller":"ean/discovery.go:555","msg":"capability registered/updated","cap_id":"profinet_io.write_register","agent_id":"edgex-node-001","category":"device","source":"native-ean","v1_purged":0}
{"level":"info","ts":1785238960.699694,"logger":"discovery","caller":"ean/discovery.go:555","msg":"capability registered/updated","cap_id":"mitsubishi_slmp.scan_devices","agent_id":"edgex-node-001","category":"device","source":"native-ean","v1_purged":0}
{"level":"info","ts":1785238960.699694,"logger":"discovery","caller":"ean/discovery.go:555","msg":"capability registered/updated","cap_id":"bacnet_ip.write_register","agent_id":"edgex-node-001","category":"device","source":"native-ean","v1_purged":0}
{"level":"info","ts":1785238960.700207,"logger":"discovery","caller":"ean/discovery.go:555","msg":"capability registered/updated","cap_id":"s7.write_register","agent_id":"edgex-node-001","category":"device","source":"native-ean","v1_purged":0}
{"level":"info","ts":1785238960.700207,"logger":"discovery","caller":"ean/discovery.go:555","msg":"capability registered/updated","cap_id":"s7.scan_devices","agent_id":"edgex-node-001","category":"device","source":"native-ean","v1_purged":0}
{"level":"info","ts":1785238960.700207,"logger":"discovery","caller":"ean/discovery.go:555","msg":"capability registered/updated","cap_id":"opc_ua.write_register","agent_id":"edgex-node-001","category":"device","source":"native-ean","v1_purged":0}
{"level":"info","ts":1785238960.700207,"logger":"discovery","caller":"ean/discovery.go:555","msg":"capability registered/updated","cap_id":"knxnet_ip.read_holding_register","agent_id":"edgex-node-001","category":"device","source":"native-ean","v1_purged":0}
{"level":"info","ts":1785238960.700207,"logger":"discovery","caller":"ean/discovery.go:555","msg":"capability registered/updated","cap_id":"ethernet_ip.list_points","agent_id":"edgex-node-001","category":"device","source":"native-ean","v1_purged":0}
{"level":"info","ts":1785238960.700207,"logger":"discovery","caller":"ean/discovery.go:555","msg":"capability registered/updated","cap_id":"modbus_rtu.scan_devices","agent_id":"edgex-node-001","category":"device","source":"native-ean","v1_purged":0}
{"level":"info","ts":1785238960.700207,"logger":"discovery","caller":"ean/discovery.go:555","msg":"capability registered/updated","cap_id":"ethernet_ip.read_holding_register","agent_id":"edgex-node-001","category":"device","source":"native-ean","v1_purged":0}
{"level":"info","ts":1785238960.700207,"logger":"discovery","caller":"ean/discovery.go:555","msg":"capability registered/updated","cap_id":"ethernet_ip.write_register","agent_id":"edgex-node-001","category":"device","source":"native-ean","v1_purged":0}
{"level":"info","ts":1785238960.700207,"logger":"discovery","caller":"ean/discovery.go:555","msg":"capability registered/updated","cap_id":"knxnet_ip.write_register","agent_id":"edgex-node-001","category":"device","source":"native-ean","v1_purged":0}
{"level":"info","ts":1785238960.700207,"logger":"discovery","caller":"ean/discovery.go:555","msg":"capability registered/updated","cap_id":"snmp.write_register","agent_id":"edgex-node-001","category":"device","source":"native-ean","v1_purged":0}
{"level":"info","ts":1785238960.700207,"logger":"discovery","caller":"ean/discovery.go:555","msg":"capability registered/updated","cap_id":"snmp.list_points","agent_id":"edgex-node-001","category":"device","source":"native-ean","v1_purged":0}
{"level":"info","ts":1785238960.700207,"logger":"discovery","caller":"ean/discovery.go:555","msg":"capability registered/updated","cap_id":"modbus_rtu_over_tcp.write_register","agent_id":"edgex-node-001","category":"device","source":"native-ean","v1_purged":0}
{"level":"info","ts":1785238960.700207,"logger":"discovery","caller":"ean/discovery.go:555","msg":"capability registered/updated","cap_id":"iec60870_5_104.list_points","agent_id":"edgex-node-001","category":"device","source":"native-ean","v1_purged":0}
{"level":"info","ts":1785238960.700207,"logger":"discovery","caller":"ean/discovery.go:555","msg":"capability registered/updated","cap_id":"mitsubishi_slmp.list_points","agent_id":"edgex-node-001","category":"device","source":"native-ean","v1_purged":0}
{"level":"info","ts":1785238960.700207,"logger":"discovery","caller":"ean/discovery.go:555","msg":"capability registered/updated","cap_id":"ai.doc_parse","agent_id":"edgex-node-001","category":"ai","source":"native-ean","v1_purged":0}
{"level":"info","ts":1785238960.700207,"logger":"discovery","caller":"ean/discovery.go:555","msg":"capability registered/updated","cap_id":"knxnet_ip.scan_devices","agent_id":"edgex-node-001","category":"device","source":"native-ean","v1_purged":0}
{"level":"info","ts":1785238960.700207,"logger":"discovery","caller":"ean/discovery.go:555","msg":"capability registered/updated","cap_id":"dlt645.list_points","agent_id":"edgex-node-001","category":"device","source":"native-ean","v1_purged":0}
{"level":"info","ts":1785238960.700207,"logger":"discovery","caller":"ean/discovery.go:555","msg":"capability registered/updated","cap_id":"profinet_io.scan_devices","agent_id":"edgex-node-001","category":"device","source":"native-ean","v1_purged":0}
{"level":"info","ts":1785238960.700207,"logger":"discovery","caller":"ean/discovery.go:555","msg":"capability registered/updated","cap_id":"modbus_tcp.read_holding_register","agent_id":"edgex-node-001","category":"device","source":"native-ean","v1_purged":0}
{"level":"info","ts":1785238960.700207,"logger":"discovery","caller":"ean/discovery.go:555","msg":"capability registered/updated","cap_id":"ethercat.list_points","agent_id":"edgex-node-001","category":"device","source":"native-ean","v1_purged":0}
{"level":"info","ts":1785238960.7007573,"logger":"discovery","caller":"ean/discovery.go:555","msg":"capability registered/updated","cap_id":"ai.protocol_reverse","agent_id":"edgex-node-001","category":"ai","source":"native-ean","v1_purged":0}
{"level":"info","ts":1785238960.7007573,"logger":"discovery","caller":"ean/discovery.go:555","msg":"capability registered/updated","cap_id":"modbus_rtu.write_register","agent_id":"edgex-node-001","category":"device","source":"native-ean","v1_purged":0}
{"level":"info","ts":1785238960.7007573,"logger":"discovery","caller":"ean/discovery.go:555","msg":"capability registered/updated","cap_id":"modbus_rtu.list_points","agent_id":"edgex-node-001","category":"device","source":"native-ean","v1_purged":0}
{"level":"info","ts":1785238960.7007573,"logger":"discovery","caller":"ean/discovery.go:555","msg":"capability registered/updated","cap_id":"bacnet_ip.scan_devices","agent_id":"edgex-node-001","category":"device","source":"native-ean","v1_purged":0}
{"level":"info","ts":1785238960.7007573,"logger":"discovery","caller":"ean/discovery.go:555","msg":"capability registered/updated","cap_id":"opc_ua.read_holding_register","agent_id":"edgex-node-001","category":"device","source":"native-ean","v1_purged":0}
{"level":"info","ts":1785238960.7007573,"logger":"discovery","caller":"ean/discovery.go:555","msg":"capability registered/updated","cap_id":"snmp.read_holding_register","agent_id":"edgex-node-001","category":"device","source":"native-ean","v1_purged":0}
{"level":"info","ts":1785238960.7007573,"logger":"discovery","caller":"ean/discovery.go:555","msg":"capability registered/updated","cap_id":"profinet_io.read_holding_register","agent_id":"edgex-node-001","category":"device","source":"native-ean","v1_purged":0}
{"level":"info","ts":1785238960.7007573,"logger":"discovery","caller":"ean/discovery.go:236","msg":"discovery response capabilities indexed","count":63,"transport":"mqtt"}
{"level":"info","ts":1785239011.664449,"logger":"discovery","caller":"ean/discovery.go:555","msg":"capability registered/updated","cap_id":"iec60870_5_104.read_holding_register","agent_id":"edgex-node-001","category":"device","source":"native-ean","v1_purged":0}
{"level":"info","ts":1785239011.664449,"logger":"discovery","caller":"ean/discovery.go:555","msg":"capability registered/updated","cap_id":"iec60870_5_104.scan_devices","agent_id":"edgex-node-001","category":"device","source":"native-ean","v1_purged":0}
{"level":"info","ts":1785239011.664449,"logger":"discovery","caller":"ean/discovery.go:555","msg":"capability registered/updated","cap_id":"ethercat.scan_devices","agent_id":"edgex-node-001","category":"device","source":"native-ean","v1_purged":0}
{"level":"info","ts":1785239011.664449,"logger":"discovery","caller":"ean/discovery.go:555","msg":"capability registered/updated","cap_id":"dlt645.scan_devices","agent_id":"edgex-node-001","category":"device","source":"native-ean","v1_purged":0}
{"level":"info","ts":1785239011.664449,"logger":"discovery","caller":"ean/discovery.go:555","msg":"capability registered/updated","cap_id":"modbus_rtu.read_holding_register","agent_id":"edgex-node-001","category":"device","source":"native-ean","v1_purged":0}
{"level":"info","ts":1785239011.664449,"logger":"discovery","caller":"ean/discovery.go:555","msg":"capability registered/updated","cap_id":"modbus_rtu_over_tcp.list_points","agent_id":"edgex-node-001","category":"device","source":"native-ean","v1_purged":0}
{"level":"info","ts":1785239011.664449,"logger":"discovery","caller":"ean/discovery.go:555","msg":"capability registered/updated","cap_id":"opc_ua.scan_devices","agent_id":"edgex-node-001","category":"device","source":"native-ean","v1_purged":0}
{"level":"info","ts":1785239011.664449,"logger":"discovery","caller":"ean/discovery.go:555","msg":"capability registered/updated","cap_id":"opc_ua.list_points","agent_id":"edgex-node-001","category":"device","source":"native-ean","v1_purged":0}
{"level":"info","ts":1785239011.664449,"logger":"discovery","caller":"ean/discovery.go:555","msg":"capability registered/updated","cap_id":"s7.read_holding_register","agent_id":"edgex-node-001","category":"device","source":"native-ean","v1_purged":0}
{"level":"info","ts":1785239011.664449,"logger":"discovery","caller":"ean/discovery.go:555","msg":"capability registered/updated","cap_id":"omron_fins.list_points","agent_id":"edgex-node-001","category":"device","source":"native-ean","v1_purged":0}
{"level":"info","ts":1785239011.664449,"logger":"discovery","caller":"ean/discovery.go:555","msg":"capability registered/updated","cap_id":"dlt645.read_holding_register","agent_id":"edgex-node-001","category":"device","source":"native-ean","v1_purged":0}
{"level":"info","ts":1785239011.664449,"logger":"discovery","caller":"ean/discovery.go:555","msg":"capability registered/updated","cap_id":"profinet_io.list_points","agent_id":"edgex-node-001","category":"device","source":"native-ean","v1_purged":0}
{"level":"info","ts":1785239011.664449,"logger":"discovery","caller":"ean/discovery.go:555","msg":"capability registered/updated","cap_id":"ethercat.read_holding_register","agent_id":"edgex-node-001","category":"device","source":"native-ean","v1_purged":0}
{"level":"info","ts":1785239011.664449,"logger":"discovery","caller":"ean/discovery.go:555","msg":"capability registered/updated","cap_id":"modbus_tcp.list_points","agent_id":"edgex-node-001","category":"device","source":"native-ean","v1_purged":0}
{"level":"info","ts":1785239011.664449,"logger":"discovery","caller":"ean/discovery.go:555","msg":"capability registered/updated","cap_id":"ethernet_ip.scan_devices","agent_id":"edgex-node-001","category":"device","source":"native-ean","v1_purged":0}
{"level":"info","ts":1785239011.664449,"logger":"discovery","caller":"ean/discovery.go:555","msg":"capability registered/updated","cap_id":"omron_fins.write_register","agent_id":"edgex-node-001","category":"device","source":"native-ean","v1_purged":0}
{"level":"info","ts":1785239011.664449,"logger":"discovery","caller":"ean/discovery.go:555","msg":"capability registered/updated","cap_id":"modbus_rtu_over_tcp.read_holding_register","agent_id":"edgex-node-001","category":"device","source":"native-ean","v1_purged":0}
{"level":"info","ts":1785239011.664449,"logger":"discovery","caller":"ean/discovery.go:555","msg":"capability registered/updated","cap_id":"knxnet_ip.list_points","agent_id":"edgex-node-001","category":"device","source":"native-ean","v1_purged":0}
{"level":"info","ts":1785239011.664449,"logger":"discovery","caller":"ean/discovery.go:555","msg":"capability registered/updated","cap_id":"modbus_tcp.write_register","agent_id":"edgex-node-001","category":"device","source":"native-ean","v1_purged":0}
{"level":"info","ts":1785239011.664449,"logger":"discovery","caller":"ean/discovery.go:555","msg":"capability registered/updated","cap_id":"omron_fins.read_holding_register","agent_id":"edgex-node-001","category":"device","source":"native-ean","v1_purged":0}
{"level":"info","ts":1785239011.664449,"logger":"discovery","caller":"ean/discovery.go:555","msg":"capability registered/updated","cap_id":"dlt645.write_register","agent_id":"edgex-node-001","category":"device","source":"native-ean","v1_purged":0}
{"level":"info","ts":1785239011.664449,"logger":"discovery","caller":"ean/discovery.go:555","msg":"capability registered/updated","cap_id":"mitsubishi_slmp.read_holding_register","agent_id":"edgex-node-001","category":"device","source":"native-ean","v1_purged":0}
{"level":"info","ts":1785239011.664449,"logger":"discovery","caller":"ean/discovery.go:555","msg":"capability registered/updated","cap_id":"iec60870_5_104.write_register","agent_id":"edgex-node-001","category":"device","source":"native-ean","v1_purged":0}
{"level":"info","ts":1785239011.664449,"logger":"discovery","caller":"ean/discovery.go:555","msg":"capability registered/updated","cap_id":"ethercat.write_register","agent_id":"edgex-node-001","category":"device","source":"native-ean","v1_purged":0}
{"level":"info","ts":1785239011.664449,"logger":"discovery","caller":"ean/discovery.go:555","msg":"capability registered/updated","cap_id":"modbus_rtu_over_tcp.scan_devices","agent_id":"edgex-node-001","category":"device","source":"native-ean","v1_purged":0}
{"level":"info","ts":1785239011.664449,"logger":"discovery","caller":"ean/discovery.go:555","msg":"capability registered/updated","cap_id":"s7.list_points","agent_id":"edgex-node-001","category":"device","source":"native-ean","v1_purged":0}
{"level":"info","ts":1785239011.664449,"logger":"discovery","caller":"ean/discovery.go:555","msg":"capability registered/updated","cap_id":"mitsubishi_slmp.write_register","agent_id":"edgex-node-001","category":"device","source":"native-ean","v1_purged":0}
{"level":"info","ts":1785239011.664449,"logger":"discovery","caller":"ean/discovery.go:555","msg":"capability registered/updated","cap_id":"profinet_io.write_register","agent_id":"edgex-node-001","category":"device","source":"native-ean","v1_purged":0}
{"level":"info","ts":1785239011.664449,"logger":"discovery","caller":"ean/discovery.go:555","msg":"capability registered/updated","cap_id":"mitsubishi_slmp.scan_devices","agent_id":"edgex-node-001","category":"device","source":"native-ean","v1_purged":0}
{"level":"info","ts":1785239011.664449,"logger":"discovery","caller":"ean/discovery.go:555","msg":"capability registered/updated","cap_id":"bacnet_ip.write_register","agent_id":"edgex-node-001","category":"device","source":"native-ean","v1_purged":0}
{"level":"info","ts":1785239011.664449,"logger":"discovery","caller":"ean/discovery.go:555","msg":"capability registered/updated","cap_id":"s7.write_register","agent_id":"edgex-node-001","category":"device","source":"native-ean","v1_purged":0}
{"level":"info","ts":1785239011.664449,"logger":"discovery","caller":"ean/discovery.go:555","msg":"capability registered/updated","cap_id":"s7.scan_devices","agent_id":"edgex-node-001","category":"device","source":"native-ean","v1_purged":0}
{"level":"info","ts":1785239011.664449,"logger":"discovery","caller":"ean/discovery.go:555","msg":"capability registered/updated","cap_id":"opc_ua.write_register","agent_id":"edgex-node-001","category":"device","source":"native-ean","v1_purged":0}
{"level":"info","ts":1785239011.664449,"logger":"discovery","caller":"ean/discovery.go:555","msg":"capability registered/updated","cap_id":"knxnet_ip.read_holding_register","agent_id":"edgex-node-001","category":"device","source":"native-ean","v1_purged":0}
{"level":"info","ts":1785239011.664449,"logger":"discovery","caller":"ean/discovery.go:555","msg":"capability registered/updated","cap_id":"ethernet_ip.list_points","agent_id":"edgex-node-001","category":"device","source":"native-ean","v1_purged":0}
{"level":"info","ts":1785239011.664449,"logger":"discovery","caller":"ean/discovery.go:555","msg":"capability registered/updated","cap_id":"modbus_rtu.scan_devices","agent_id":"edgex-node-001","category":"device","source":"native-ean","v1_purged":0}
{"level":"info","ts":1785239011.664449,"logger":"discovery","caller":"ean/discovery.go:555","msg":"capability registered/updated","cap_id":"ethernet_ip.read_holding_register","agent_id":"edgex-node-001","category":"device","source":"native-ean","v1_purged":0}
{"level":"info","ts":1785239011.664449,"logger":"discovery","caller":"ean/discovery.go:555","msg":"capability registered/updated","cap_id":"ethernet_ip.write_register","agent_id":"edgex-node-001","category":"device","source":"native-ean","v1_purged":0}
{"level":"info","ts":1785239011.664449,"logger":"discovery","caller":"ean/discovery.go:555","msg":"capability registered/updated","cap_id":"knxnet_ip.write_register","agent_id":"edgex-node-001","category":"device","source":"native-ean","v1_purged":0}
{"level":"info","ts":1785239011.664449,"logger":"discovery","caller":"ean/discovery.go:555","msg":"capability registered/updated","cap_id":"snmp.write_register","agent_id":"edgex-node-001","category":"device","source":"native-ean","v1_purged":0}
{"level":"info","ts":1785239011.664449,"logger":"discovery","caller":"ean/discovery.go:555","msg":"capability registered/updated","cap_id":"snmp.list_points","agent_id":"edgex-node-001","category":"device","source":"native-ean","v1_purged":0}
{"level":"info","ts":1785239011.664449,"logger":"discovery","caller":"ean/discovery.go:555","msg":"capability registered/updated","cap_id":"modbus_rtu_over_tcp.write_register","agent_id":"edgex-node-001","category":"device","source":"native-ean","v1_purged":0}
{"level":"info","ts":1785239011.664449,"logger":"discovery","caller":"ean/discovery.go:555","msg":"capability registered/updated","cap_id":"iec60870_5_104.list_points","agent_id":"edgex-node-001","category":"device","source":"native-ean","v1_purged":0}
{"level":"info","ts":1785239011.664449,"logger":"discovery","caller":"ean/discovery.go:555","msg":"capability registered/updated","cap_id":"mitsubishi_slmp.list_points","agent_id":"edgex-node-001","category":"device","source":"native-ean","v1_purged":0}
{"level":"info","ts":1785239011.664449,"logger":"discovery","caller":"ean/discovery.go:555","msg":"capability registered/updated","cap_id":"ai.doc_parse","agent_id":"edgex-node-001","category":"ai","source":"native-ean","v1_purged":0}
{"level":"info","ts":1785239011.664449,"logger":"discovery","caller":"ean/discovery.go:555","msg":"capability registered/updated","cap_id":"knxnet_ip.scan_devices","agent_id":"edgex-node-001","category":"device","source":"native-ean","v1_purged":0}
{"level":"info","ts":1785239011.664449,"logger":"discovery","caller":"ean/discovery.go:555","msg":"capability registered/updated","cap_id":"dlt645.list_points","agent_id":"edgex-node-001","category":"device","source":"native-ean","v1_purged":0}
{"level":"info","ts":1785239011.664449,"logger":"discovery","caller":"ean/discovery.go:555","msg":"capability registered/updated","cap_id":"profinet_io.scan_devices","agent_id":"edgex-node-001","category":"device","source":"native-ean","v1_purged":0}
{"level":"info","ts":1785239011.664449,"logger":"discovery","caller":"ean/discovery.go:555","msg":"capability registered/updated","cap_id":"modbus_tcp.read_holding_register","agent_id":"edgex-node-001","category":"device","source":"native-ean","v1_purged":0}
{"level":"info","ts":1785239011.664449,"logger":"discovery","caller":"ean/discovery.go:555","msg":"capability registered/updated","cap_id":"ethercat.list_points","agent_id":"edgex-node-001","category":"device","source":"native-ean","v1_purged":0}
{"level":"info","ts":1785239011.664449,"logger":"discovery","caller":"ean/discovery.go:555","msg":"capability registered/updated","cap_id":"ai.protocol_reverse","agent_id":"edgex-node-001","category":"ai","source":"native-ean","v1_purged":0}
{"level":"info","ts":1785239011.664449,"logger":"discovery","caller":"ean/discovery.go:555","msg":"capability registered/updated","cap_id":"modbus_rtu.write_register","agent_id":"edgex-node-001","category":"device","source":"native-ean","v1_purged":0}
{"level":"info","ts":1785239011.664449,"logger":"discovery","caller":"ean/discovery.go:555","msg":"capability registered/updated","cap_id":"modbus_rtu.list_points","agent_id":"edgex-node-001","category":"device","source":"native-ean","v1_purged":0}
{"level":"info","ts":1785239011.664449,"logger":"discovery","caller":"ean/discovery.go:555","msg":"capability registered/updated","cap_id":"bacnet_ip.scan_devices","agent_id":"edgex-node-001","category":"device","source":"native-ean","v1_purged":0}
{"level":"info","ts":1785239011.664449,"logger":"discovery","caller":"ean/discovery.go:555","msg":"capability registered/updated","cap_id":"opc_ua.read_holding_register","agent_id":"edgex-node-001","category":"device","source":"native-ean","v1_purged":0}
{"level":"info","ts":1785239011.664449,"logger":"discovery","caller":"ean/discovery.go:555","msg":"capability registered/updated","cap_id":"snmp.read_holding_register","agent_id":"edgex-node-001","category":"device","source":"native-ean","v1_purged":0}
{"level":"info","ts":1785239011.664449,"logger":"discovery","caller":"ean/discovery.go:555","msg":"capability registered/updated","cap_id":"profinet_io.read_holding_register","agent_id":"edgex-node-001","category":"device","source":"native-ean","v1_purged":0}
{"level":"info","ts":1785239011.664449,"logger":"discovery","caller":"ean/discovery.go:555","msg":"capability registered/updated","cap_id":"bacnet_ip.read_holding_register","agent_id":"edgex-node-001","category":"device","source":"native-ean","v1_purged":0}
{"level":"info","ts":1785239011.664449,"logger":"discovery","caller":"ean/discovery.go:555","msg":"capability registered/updated","cap_id":"omron_fins.scan_devices","agent_id":"edgex-node-001","category":"device","source":"native-ean","v1_purged":0}
{"level":"info","ts":1785239011.664449,"logger":"discovery","caller":"ean/discovery.go:555","msg":"capability registered/updated","cap_id":"snmp.scan_devices","agent_id":"edgex-node-001","category":"device","source":"native-ean","v1_purged":0}
{"level":"info","ts":1785239011.664449,"logger":"discovery","caller":"ean/discovery.go:555","msg":"capability registered/updated","cap_id":"system.diagnostics","agent_id":"edgex-node-001","category":"system","source":"native-ean","v1_purged":0}
{"level":"info","ts":1785239011.664449,"logger":"discovery","caller":"ean/discovery.go:555","msg":"capability registered/updated","cap_id":"modbus_tcp.scan_devices","agent_id":"edgex-node-001","category":"device","source":"native-ean","v1_purged":0}
{"level":"info","ts":1785239011.664449,"logger":"discovery","caller":"ean/discovery.go:555","msg":"capability registered/updated","cap_id":"bacnet_ip.list_points","agent_id":"edgex-node-001","category":"device","source":"native-ean","v1_purged":0}
{"level":"warn","ts":1785239013.6800044,"logger":"heartbeat","caller":"ean/heartbeat.go:151","msg":"heartbeat sequence regression detected","agent_id":"edgex-node-001","old_seq":33,"new_seq":0}
{"level":"info","ts":1785239071.6659782,"logger":"discovery","caller":"ean/discovery.go:555","msg":"capability registered/updated","cap_id":"opc_ua.write_register","agent_id":"edgex-node-001","category":"device","source":"native-ean","v1_purged":0}
{"level":"info","ts":1785239071.6659782,"logger":"discovery","caller":"ean/discovery.go:555","msg":"capability registered/updated","cap_id":"knxnet_ip.read_holding_register","agent_id":"edgex-node-001","category":"device","source":"native-ean","v1_purged":0}
{"level":"info","ts":1785239071.6659782,"logger":"discovery","caller":"ean/discovery.go:555","msg":"capability registered/updated","cap_id":"ethernet_ip.list_points","agent_id":"edgex-node-001","category":"device","source":"native-ean","v1_purged":0}
{"level":"info","ts":1785239071.6659782,"logger":"discovery","caller":"ean/discovery.go:555","msg":"capability registered/updated","cap_id":"modbus_rtu.scan_devices","agent_id":"edgex-node-001","category":"device","source":"native-ean","v1_purged":0}
{"level":"info","ts":1785239071.6665494,"logger":"discovery","caller":"ean/discovery.go:555","msg":"capability registered/updated","cap_id":"ethernet_ip.read_holding_register","agent_id":"edgex-node-001","category":"device","source":"native-ean","v1_purged":0}
{"level":"info","ts":1785239071.6665494,"logger":"discovery","caller":"ean/discovery.go:555","msg":"capability registered/updated","cap_id":"ethernet_ip.write_register","agent_id":"edgex-node-001","category":"device","source":"native-ean","v1_purged":0}
{"level":"info","ts":1785239071.6665494,"logger":"discovery","caller":"ean/discovery.go:555","msg":"capability registered/updated","cap_id":"knxnet_ip.write_register","agent_id":"edgex-node-001","category":"device","source":"native-ean","v1_purged":0}
{"level":"info","ts":1785239071.6665494,"logger":"discovery","caller":"ean/discovery.go:555","msg":"capability registered/updated","cap_id":"snmp.write_register","agent_id":"edgex-node-001","category":"device","source":"native-ean","v1_purged":0}
{"level":"info","ts":1785239071.6665494,"logger":"discovery","caller":"ean/discovery.go:555","msg":"capability registered/updated","cap_id":"snmp.list_points","agent_id":"edgex-node-001","category":"device","source":"native-ean","v1_purged":0}
{"level":"info","ts":1785239071.6665494,"logger":"discovery","caller":"ean/discovery.go:555","msg":"capability registered/updated","cap_id":"modbus_rtu_over_tcp.write_register","agent_id":"edgex-node-001","category":"device","source":"native-ean","v1_purged":0}
{"level":"info","ts":1785239071.6665494,"logger":"discovery","caller":"ean/discovery.go:555","msg":"capability registered/updated","cap_id":"iec60870_5_104.list_points","agent_id":"edgex-node-001","category":"device","source":"native-ean","v1_purged":0}
{"level":"info","ts":1785239071.666643,"logger":"discovery","caller":"ean/discovery.go:555","msg":"capability registered/updated","cap_id":"mitsubishi_slmp.list_points","agent_id":"edgex-node-001","category":"device","source":"native-ean","v1_purged":0}
{"level":"info","ts":1785239071.666643,"logger":"discovery","caller":"ean/discovery.go:555","msg":"capability registered/updated","cap_id":"ai.doc_parse","agent_id":"edgex-node-001","category":"ai","source":"native-ean","v1_purged":0}
{"level":"info","ts":1785239071.666643,"logger":"discovery","caller":"ean/discovery.go:555","msg":"capability registered/updated","cap_id":"knxnet_ip.scan_devices","agent_id":"edgex-node-001","category":"device","source":"native-ean","v1_purged":0}
{"level":"info","ts":1785239071.666643,"logger":"discovery","caller":"ean/discovery.go:555","msg":"capability registered/updated","cap_id":"dlt645.list_points","agent_id":"edgex-node-001","category":"device","source":"native-ean","v1_purged":0}
{"level":"info","ts":1785239071.666643,"logger":"discovery","caller":"ean/discovery.go:555","msg":"capability registered/updated","cap_id":"profinet_io.scan_devices","agent_id":"edgex-node-001","category":"device","source":"native-ean","v1_purged":0}
{"level":"info","ts":1785239071.666643,"logger":"discovery","caller":"ean/discovery.go:555","msg":"capability registered/updated","cap_id":"modbus_tcp.read_holding_register","agent_id":"edgex-node-001","category":"device","source":"native-ean","v1_purged":0}
{"level":"info","ts":1785239071.666643,"logger":"discovery","caller":"ean/discovery.go:555","msg":"capability registered/updated","cap_id":"ethercat.list_points","agent_id":"edgex-node-001","category":"device","source":"native-ean","v1_purged":0}
{"level":"info","ts":1785239071.666643,"logger":"discovery","caller":"ean/discovery.go:555","msg":"capability registered/updated","cap_id":"ai.protocol_reverse","agent_id":"edgex-node-001","category":"ai","source":"native-ean","v1_purged":0}
{"level":"info","ts":1785239071.666643,"logger":"discovery","caller":"ean/discovery.go:555","msg":"capability registered/updated","cap_id":"modbus_rtu.write_register","agent_id":"edgex-node-001","category":"device","source":"native-ean","v1_purged":0}
{"level":"info","ts":1785239071.666643,"logger":"discovery","caller":"ean/discovery.go:555","msg":"capability registered/updated","cap_id":"modbus_rtu.list_points","agent_id":"edgex-node-001","category":"device","source":"native-ean","v1_purged":0}
{"level":"info","ts":1785239071.666643,"logger":"discovery","caller":"ean/discovery.go:555","msg":"capability registered/updated","cap_id":"bacnet_ip.scan_devices","agent_id":"edgex-node-001","category":"device","source":"native-ean","v1_purged":0}
{"level":"info","ts":1785239071.666643,"logger":"discovery","caller":"ean/discovery.go:555","msg":"capability registered/updated","cap_id":"opc_ua.read_holding_register","agent_id":"edgex-node-001","category":"device","source":"native-ean","v1_purged":0}
{"level":"info","ts":1785239071.666643,"logger":"discovery","caller":"ean/discovery.go:555","msg":"capability registered/updated","cap_id":"snmp.read_holding_register","agent_id":"edgex-node-001","category":"device","source":"native-ean","v1_purged":0}
{"level":"info","ts":1785239071.666643,"logger":"discovery","caller":"ean/discovery.go:555","msg":"capability registered/updated","cap_id":"profinet_io.read_holding_register","agent_id":"edgex-node-001","category":"device","source":"native-ean","v1_purged":0}
{"level":"info","ts":1785239071.666643,"logger":"discovery","caller":"ean/discovery.go:555","msg":"capability registered/updated","cap_id":"bacnet_ip.read_holding_register","agent_id":"edgex-node-001","category":"device","source":"native-ean","v1_purged":0}
{"level":"info","ts":1785239071.666643,"logger":"discovery","caller":"ean/discovery.go:555","msg":"capability registered/updated","cap_id":"omron_fins.scan_devices","agent_id":"edgex-node-001","category":"device","source":"native-ean","v1_purged":0}
{"level":"info","ts":1785239071.666643,"logger":"discovery","caller":"ean/discovery.go:555","msg":"capability registered/updated","cap_id":"snmp.scan_devices","agent_id":"edgex-node-001","category":"device","source":"native-ean","v1_purged":0}
{"level":"info","ts":1785239071.666643,"logger":"discovery","caller":"ean/discovery.go:555","msg":"capability registered/updated","cap_id":"system.diagnostics","agent_id":"edgex-node-001","category":"system","source":"native-ean","v1_purged":0}
{"level":"info","ts":1785239071.666643,"logger":"discovery","caller":"ean/discovery.go:555","msg":"capability registered/updated","cap_id":"modbus_tcp.scan_devices","agent_id":"edgex-node-001","category":"device","source":"native-ean","v1_purged":0}
{"level":"info","ts":1785239071.666643,"logger":"discovery","caller":"ean/discovery.go:555","msg":"capability registered/updated","cap_id":"bacnet_ip.list_points","agent_id":"edgex-node-001","category":"device","source":"native-ean","v1_purged":0}
{"level":"info","ts":1785239071.666643,"logger":"discovery","caller":"ean/discovery.go:555","msg":"capability registered/updated","cap_id":"iec60870_5_104.read_holding_register","agent_id":"edgex-node-001","category":"device","source":"native-ean","v1_purged":0}
{"level":"info","ts":1785239071.666643,"logger":"discovery","caller":"ean/discovery.go:555","msg":"capability registered/updated","cap_id":"iec60870_5_104.scan_devices","agent_id":"edgex-node-001","category":"device","source":"native-ean","v1_purged":0}
{"level":"info","ts":1785239071.666643,"logger":"discovery","caller":"ean/discovery.go:555","msg":"capability registered/updated","cap_id":"ethercat.scan_devices","agent_id":"edgex-node-001","category":"device","source":"native-ean","v1_purged":0}
{"level":"info","ts":1785239071.666643,"logger":"discovery","caller":"ean/discovery.go:555","msg":"capability registered/updated","cap_id":"dlt645.scan_devices","agent_id":"edgex-node-001","category":"device","source":"native-ean","v1_purged":0}
{"level":"info","ts":1785239071.666643,"logger":"discovery","caller":"ean/discovery.go:555","msg":"capability registered/updated","cap_id":"modbus_rtu.read_holding_register","agent_id":"edgex-node-001","category":"device","source":"native-ean","v1_purged":0}
{"level":"info","ts":1785239071.666643,"logger":"discovery","caller":"ean/discovery.go:555","msg":"capability registered/updated","cap_id":"modbus_rtu_over_tcp.list_points","agent_id":"edgex-node-001","category":"device","source":"native-ean","v1_purged":0}
{"level":"info","ts":1785239071.666643,"logger":"discovery","caller":"ean/discovery.go:555","msg":"capability registered/updated","cap_id":"opc_ua.scan_devices","agent_id":"edgex-node-001","category":"device","source":"native-ean","v1_purged":0}
{"level":"info","ts":1785239071.666643,"logger":"discovery","caller":"ean/discovery.go:555","msg":"capability registered/updated","cap_id":"opc_ua.list_points","agent_id":"edgex-node-001","category":"device","source":"native-ean","v1_purged":0}
{"level":"info","ts":1785239071.666643,"logger":"discovery","caller":"ean/discovery.go:555","msg":"capability registered/updated","cap_id":"s7.read_holding_register","agent_id":"edgex-node-001","category":"device","source":"native-ean","v1_purged":0}
{"level":"info","ts":1785239071.666643,"logger":"discovery","caller":"ean/discovery.go:555","msg":"capability registered/updated","cap_id":"omron_fins.list_points","agent_id":"edgex-node-001","category":"device","source":"native-ean","v1_purged":0}
{"level":"info","ts":1785239071.666643,"logger":"discovery","caller":"ean/discovery.go:555","msg":"capability registered/updated","cap_id":"dlt645.read_holding_register","agent_id":"edgex-node-001","category":"device","source":"native-ean","v1_purged":0}
{"level":"info","ts":1785239071.666643,"logger":"discovery","caller":"ean/discovery.go:555","msg":"capability registered/updated","cap_id":"profinet_io.list_points","agent_id":"edgex-node-001","category":"device","source":"native-ean","v1_purged":0}
{"level":"info","ts":1785239071.666643,"logger":"discovery","caller":"ean/discovery.go:555","msg":"capability registered/updated","cap_id":"ethercat.read_holding_register","agent_id":"edgex-node-001","category":"device","source":"native-ean","v1_purged":0}
{"level":"info","ts":1785239071.666643,"logger":"discovery","caller":"ean/discovery.go:555","msg":"capability registered/updated","cap_id":"modbus_tcp.list_points","agent_id":"edgex-node-001","category":"device","source":"native-ean","v1_purged":0}
{"level":"info","ts":1785239071.666643,"logger":"discovery","caller":"ean/discovery.go:555","msg":"capability registered/updated","cap_id":"ethernet_ip.scan_devices","agent_id":"edgex-node-001","category":"device","source":"native-ean","v1_purged":0}
{"level":"info","ts":1785239071.666643,"logger":"discovery","caller":"ean/discovery.go:555","msg":"capability registered/updated","cap_id":"omron_fins.write_register","agent_id":"edgex-node-001","category":"device","source":"native-ean","v1_purged":0}
{"level":"info","ts":1785239071.666643,"logger":"discovery","caller":"ean/discovery.go:555","msg":"capability registered/updated","cap_id":"modbus_rtu_over_tcp.read_holding_register","agent_id":"edgex-node-001","category":"device","source":"native-ean","v1_purged":0}
{"level":"info","ts":1785239071.666643,"logger":"discovery","caller":"ean/discovery.go:555","msg":"capability registered/updated","cap_id":"knxnet_ip.list_points","agent_id":"edgex-node-001","category":"device","source":"native-ean","v1_purged":0}
{"level":"info","ts":1785239071.666643,"logger":"discovery","caller":"ean/discovery.go:555","msg":"capability registered/updated","cap_id":"modbus_tcp.write_register","agent_id":"edgex-node-001","category":"device","source":"native-ean","v1_purged":0}
{"level":"info","ts":1785239071.666643,"logger":"discovery","caller":"ean/discovery.go:555","msg":"capability registered/updated","cap_id":"omron_fins.read_holding_register","agent_id":"edgex-node-001","category":"device","source":"native-ean","v1_purged":0}
{"level":"info","ts":1785239071.666643,"logger":"discovery","caller":"ean/discovery.go:555","msg":"capability registered/updated","cap_id":"dlt645.write_register","agent_id":"edgex-node-001","category":"device","source":"native-ean","v1_purged":0}
{"level":"info","ts":1785239071.666643,"logger":"discovery","caller":"ean/discovery.go:555","msg":"capability registered/updated","cap_id":"mitsubishi_slmp.read_holding_register","agent_id":"edgex-node-001","category":"device","source":"native-ean","v1_purged":0}
{"level":"info","ts":1785239071.666643,"logger":"discovery","caller":"ean/discovery.go:555","msg":"capability registered/updated","cap_id":"iec60870_5_104.write_register","agent_id":"edgex-node-001","category":"device","source":"native-ean","v1_purged":0}
{"level":"info","ts":1785239071.666643,"logger":"discovery","caller":"ean/discovery.go:555","msg":"capability registered/updated","cap_id":"ethercat.write_register","agent_id":"edgex-node-001","category":"device","source":"native-ean","v1_purged":0}
{"level":"info","ts":1785239071.667171,"logger":"discovery","caller":"ean/discovery.go:555","msg":"capability registered/updated","cap_id":"modbus_rtu_over_tcp.scan_devices","agent_id":"edgex-node-001","category":"device","source":"native-ean","v1_purged":0}
{"level":"info","ts":1785239071.667171,"logger":"discovery","caller":"ean/discovery.go:555","msg":"capability registered/updated","cap_id":"s7.list_points","agent_id":"edgex-node-001","category":"device","source":"native-ean","v1_purged":0}
{"level":"info","ts":1785239071.667171,"logger":"discovery","caller":"ean/discovery.go:555","msg":"capability registered/updated","cap_id":"mitsubishi_slmp.write_register","agent_id":"edgex-node-001","category":"device","source":"native-ean","v1_purged":0}
{"level":"info","ts":1785239071.667171,"logger":"discovery","caller":"ean/discovery.go:555","msg":"capability registered/updated","cap_id":"profinet_io.write_register","agent_id":"edgex-node-001","category":"device","source":"native-ean","v1_purged":0}
{"level":"info","ts":1785239071.667171,"logger":"discovery","caller":"ean/discovery.go:555","msg":"capability registered/updated","cap_id":"mitsubishi_slmp.scan_devices","agent_id":"edgex-node-001","category":"device","source":"native-ean","v1_purged":0}
{"level":"info","ts":1785239071.667171,"logger":"discovery","caller":"ean/discovery.go:555","msg":"capability registered/updated","cap_id":"bacnet_ip.write_register","agent_id":"edgex-node-001","category":"device","source":"native-ean","v1_purged":0}
{"level":"info","ts":1785239071.667171,"logger":"discovery","caller":"ean/discovery.go:555","msg":"capability registered/updated","cap_id":"s7.write_register","agent_id":"edgex-node-001","category":"device","source":"native-ean","v1_purged":0}
{"level":"info","ts":1785239071.667171,"logger":"discovery","caller":"ean/discovery.go:555","msg":"capability registered/updated","cap_id":"s7.scan_devices","agent_id":"edgex-node-001","category":"device","source":"native-ean","v1_purged":0}
{"level":"warn","ts":1785239073.679986,"logger":"heartbeat","caller":"ean/heartbeat.go:151","msg":"heartbeat sequence regression detected","agent_id":"edgex-node-001","old_seq":34,"new_seq":0}
{"level":"info","ts":1785239131.6671085,"logger":"discovery","caller":"ean/discovery.go:555","msg":"capability registered/updated","cap_id":"mitsubishi_slmp.read_holding_register","agent_id":"edgex-node-001","category":"device","source":"native-ean","v1_purged":0}
{"level":"info","ts":1785239131.6671085,"logger":"discovery","caller":"ean/discovery.go:555","msg":"capability registered/updated","cap_id":"iec60870_5_104.write_register","agent_id":"edgex-node-001","category":"device","source":"native-ean","v1_purged":0}
{"level":"info","ts":1785239131.6671085,"logger":"discovery","caller":"ean/discovery.go:555","msg":"capability registered/updated","cap_id":"ethercat.write_register","agent_id":"edgex-node-001","category":"device","source":"native-ean","v1_purged":0}
{"level":"info","ts":1785239131.6671085,"logger":"discovery","caller":"ean/discovery.go:555","msg":"capability registered/updated","cap_id":"modbus_rtu_over_tcp.scan_devices","agent_id":"edgex-node-001","category":"device","source":"native-ean","v1_purged":0}
{"level":"info","ts":1785239131.6671085,"logger":"discovery","caller":"ean/discovery.go:555","msg":"capability registered/updated","cap_id":"s7.list_points","agent_id":"edgex-node-001","category":"device","source":"native-ean","v1_purged":0}
{"level":"info","ts":1785239131.6671085,"logger":"discovery","caller":"ean/discovery.go:555","msg":"capability registered/updated","cap_id":"mitsubishi_slmp.write_register","agent_id":"edgex-node-001","category":"device","source":"native-ean","v1_purged":0}
{"level":"info","ts":1785239131.6671085,"logger":"discovery","caller":"ean/discovery.go:555","msg":"capability registered/updated","cap_id":"profinet_io.write_register","agent_id":"edgex-node-001","category":"device","source":"native-ean","v1_purged":0}
{"level":"info","ts":1785239131.6671085,"logger":"discovery","caller":"ean/discovery.go:555","msg":"capability registered/updated","cap_id":"mitsubishi_slmp.scan_devices","agent_id":"edgex-node-001","category":"device","source":"native-ean","v1_purged":0}
{"level":"info","ts":1785239131.6671085,"logger":"discovery","caller":"ean/discovery.go:555","msg":"capability registered/updated","cap_id":"bacnet_ip.write_register","agent_id":"edgex-node-001","category":"device","source":"native-ean","v1_purged":0}
{"level":"info","ts":1785239131.6671085,"logger":"discovery","caller":"ean/discovery.go:555","msg":"capability registered/updated","cap_id":"s7.write_register","agent_id":"edgex-node-001","category":"device","source":"native-ean","v1_purged":0}
{"level":"info","ts":1785239131.667221,"logger":"discovery","caller":"ean/discovery.go:555","msg":"capability registered/updated","cap_id":"s7.scan_devices","agent_id":"edgex-node-001","category":"device","source":"native-ean","v1_purged":0}
{"level":"info","ts":1785239131.667221,"logger":"discovery","caller":"ean/discovery.go:555","msg":"capability registered/updated","cap_id":"opc_ua.write_register","agent_id":"edgex-node-001","category":"device","source":"native-ean","v1_purged":0}
{"level":"info","ts":1785239131.667221,"logger":"discovery","caller":"ean/discovery.go:555","msg":"capability registered/updated","cap_id":"knxnet_ip.read_holding_register","agent_id":"edgex-node-001","category":"device","source":"native-ean","v1_purged":0}
{"level":"info","ts":1785239131.667221,"logger":"discovery","caller":"ean/discovery.go:555","msg":"capability registered/updated","cap_id":"ethernet_ip.list_points","agent_id":"edgex-node-001","category":"device","source":"native-ean","v1_purged":0}
{"level":"info","ts":1785239131.667221,"logger":"discovery","caller":"ean/discovery.go:555","msg":"capability registered/updated","cap_id":"modbus_rtu.scan_devices","agent_id":"edgex-node-001","category":"device","source":"native-ean","v1_purged":0}
{"level":"info","ts":1785239131.667221,"logger":"discovery","caller":"ean/discovery.go:555","msg":"capability registered/updated","cap_id":"ethernet_ip.read_holding_register","agent_id":"edgex-node-001","category":"device","source":"native-ean","v1_purged":0}
{"level":"info","ts":1785239131.667221,"logger":"discovery","caller":"ean/discovery.go:555","msg":"capability registered/updated","cap_id":"ethernet_ip.write_register","agent_id":"edgex-node-001","category":"device","source":"native-ean","v1_purged":0}
{"level":"info","ts":1785239131.667221,"logger":"discovery","caller":"ean/discovery.go:555","msg":"capability registered/updated","cap_id":"knxnet_ip.write_register","agent_id":"edgex-node-001","category":"device","source":"native-ean","v1_purged":0}
{"level":"info","ts":1785239131.667221,"logger":"discovery","caller":"ean/discovery.go:555","msg":"capability registered/updated","cap_id":"snmp.write_register","agent_id":"edgex-node-001","category":"device","source":"native-ean","v1_purged":0}
{"level":"info","ts":1785239131.667221,"logger":"discovery","caller":"ean/discovery.go:555","msg":"capability registered/updated","cap_id":"snmp.list_points","agent_id":"edgex-node-001","category":"device","source":"native-ean","v1_purged":0}
{"level":"info","ts":1785239131.667221,"logger":"discovery","caller":"ean/discovery.go:555","msg":"capability registered/updated","cap_id":"modbus_rtu_over_tcp.write_register","agent_id":"edgex-node-001","category":"device","source":"native-ean","v1_purged":0}
{"level":"info","ts":1785239131.667221,"logger":"discovery","caller":"ean/discovery.go:555","msg":"capability registered/updated","cap_id":"iec60870_5_104.list_points","agent_id":"edgex-node-001","category":"device","source":"native-ean","v1_purged":0}
{"level":"info","ts":1785239131.667221,"logger":"discovery","caller":"ean/discovery.go:555","msg":"capability registered/updated","cap_id":"mitsubishi_slmp.list_points","agent_id":"edgex-node-001","category":"device","source":"native-ean","v1_purged":0}
{"level":"info","ts":1785239131.667221,"logger":"discovery","caller":"ean/discovery.go:555","msg":"capability registered/updated","cap_id":"ai.doc_parse","agent_id":"edgex-node-001","category":"ai","source":"native-ean","v1_purged":0}
{"level":"info","ts":1785239131.667221,"logger":"discovery","caller":"ean/discovery.go:555","msg":"capability registered/updated","cap_id":"knxnet_ip.scan_devices","agent_id":"edgex-node-001","category":"device","source":"native-ean","v1_purged":0}
{"level":"info","ts":1785239131.667221,"logger":"discovery","caller":"ean/discovery.go:555","msg":"capability registered/updated","cap_id":"dlt645.list_points","agent_id":"edgex-node-001","category":"device","source":"native-ean","v1_purged":0}
{"level":"info","ts":1785239131.667221,"logger":"discovery","caller":"ean/discovery.go:555","msg":"capability registered/updated","cap_id":"profinet_io.scan_devices","agent_id":"edgex-node-001","category":"device","source":"native-ean","v1_purged":0}
{"level":"info","ts":1785239131.667221,"logger":"discovery","caller":"ean/discovery.go:555","msg":"capability registered/updated","cap_id":"modbus_tcp.read_holding_register","agent_id":"edgex-node-001","category":"device","source":"native-ean","v1_purged":0}
{"level":"info","ts":1785239131.667221,"logger":"discovery","caller":"ean/discovery.go:555","msg":"capability registered/updated","cap_id":"ethercat.list_points","agent_id":"edgex-node-001","category":"device","source":"native-ean","v1_purged":0}
{"level":"info","ts":1785239131.667221,"logger":"discovery","caller":"ean/discovery.go:555","msg":"capability registered/updated","cap_id":"ai.protocol_reverse","agent_id":"edgex-node-001","category":"ai","source":"native-ean","v1_purged":0}
{"level":"info","ts":1785239131.667221,"logger":"discovery","caller":"ean/discovery.go:555","msg":"capability registered/updated","cap_id":"modbus_rtu.write_register","agent_id":"edgex-node-001","category":"device","source":"native-ean","v1_purged":0}
{"level":"info","ts":1785239131.667221,"logger":"discovery","caller":"ean/discovery.go:555","msg":"capability registered/updated","cap_id":"modbus_rtu.list_points","agent_id":"edgex-node-001","category":"device","source":"native-ean","v1_purged":0}
{"level":"info","ts":1785239131.667221,"logger":"discovery","caller":"ean/discovery.go:555","msg":"capability registered/updated","cap_id":"bacnet_ip.scan_devices","agent_id":"edgex-node-001","category":"device","source":"native-ean","v1_purged":0}
{"level":"info","ts":1785239131.667221,"logger":"discovery","caller":"ean/discovery.go:555","msg":"capability registered/updated","cap_id":"opc_ua.read_holding_register","agent_id":"edgex-node-001","category":"device","source":"native-ean","v1_purged":0}
{"level":"info","ts":1785239131.667221,"logger":"discovery","caller":"ean/discovery.go:555","msg":"capability registered/updated","cap_id":"snmp.read_holding_register","agent_id":"edgex-node-001","category":"device","source":"native-ean","v1_purged":0}
{"level":"info","ts":1785239131.667221,"logger":"discovery","caller":"ean/discovery.go:555","msg":"capability registered/updated","cap_id":"profinet_io.read_holding_register","agent_id":"edgex-node-001","category":"device","source":"native-ean","v1_purged":0}
{"level":"info","ts":1785239131.667221,"logger":"discovery","caller":"ean/discovery.go:555","msg":"capability registered/updated","cap_id":"bacnet_ip.read_holding_register","agent_id":"edgex-node-001","category":"device","source":"native-ean","v1_purged":0}
{"level":"info","ts":1785239131.667221,"logger":"discovery","caller":"ean/discovery.go:555","msg":"capability registered/updated","cap_id":"omron_fins.scan_devices","agent_id":"edgex-node-001","category":"device","source":"native-ean","v1_purged":0}
{"level":"info","ts":1785239131.667221,"logger":"discovery","caller":"ean/discovery.go:555","msg":"capability registered/updated","cap_id":"snmp.scan_devices","agent_id":"edgex-node-001","category":"device","source":"native-ean","v1_purged":0}
{"level":"info","ts":1785239131.667221,"logger":"discovery","caller":"ean/discovery.go:555","msg":"capability registered/updated","cap_id":"system.diagnostics","agent_id":"edgex-node-001","category":"system","source":"native-ean","v1_purged":0}
{"level":"info","ts":1785239131.667221,"logger":"discovery","caller":"ean/discovery.go:555","msg":"capability registered/updated","cap_id":"modbus_tcp.scan_devices","agent_id":"edgex-node-001","category":"device","source":"native-ean","v1_purged":0}
{"level":"info","ts":1785239131.667221,"logger":"discovery","caller":"ean/discovery.go:555","msg":"capability registered/updated","cap_id":"bacnet_ip.list_points","agent_id":"edgex-node-001","category":"device","source":"native-ean","v1_purged":0}
{"level":"info","ts":1785239131.667221,"logger":"discovery","caller":"ean/discovery.go:555","msg":"capability registered/updated","cap_id":"iec60870_5_104.read_holding_register","agent_id":"edgex-node-001","category":"device","source":"native-ean","v1_purged":0}
{"level":"info","ts":1785239131.667221,"logger":"discovery","caller":"ean/discovery.go:555","msg":"capability registered/updated","cap_id":"iec60870_5_104.scan_devices","agent_id":"edgex-node-001","category":"device","source":"native-ean","v1_purged":0}
{"level":"info","ts":1785239131.667221,"logger":"discovery","caller":"ean/discovery.go:555","msg":"capability registered/updated","cap_id":"ethercat.scan_devices","agent_id":"edgex-node-001","category":"device","source":"native-ean","v1_purged":0}
{"level":"info","ts":1785239131.667221,"logger":"discovery","caller":"ean/discovery.go:555","msg":"capability registered/updated","cap_id":"dlt645.scan_devices","agent_id":"edgex-node-001","category":"device","source":"native-ean","v1_purged":0}
{"level":"info","ts":1785239131.667221,"logger":"discovery","caller":"ean/discovery.go:555","msg":"capability registered/updated","cap_id":"modbus_rtu.read_holding_register","agent_id":"edgex-node-001","category":"device","source":"native-ean","v1_purged":0}
{"level":"info","ts":1785239131.667221,"logger":"discovery","caller":"ean/discovery.go:555","msg":"capability registered/updated","cap_id":"modbus_rtu_over_tcp.list_points","agent_id":"edgex-node-001","category":"device","source":"native-ean","v1_purged":0}
{"level":"info","ts":1785239131.667221,"logger":"discovery","caller":"ean/discovery.go:555","msg":"capability registered/updated","cap_id":"opc_ua.scan_devices","agent_id":"edgex-node-001","category":"device","source":"native-ean","v1_purged":0}
{"level":"info","ts":1785239131.667221,"logger":"discovery","caller":"ean/discovery.go:555","msg":"capability registered/updated","cap_id":"opc_ua.list_points","agent_id":"edgex-node-001","category":"device","source":"native-ean","v1_purged":0}
{"level":"info","ts":1785239131.667221,"logger":"discovery","caller":"ean/discovery.go:555","msg":"capability registered/updated","cap_id":"s7.read_holding_register","agent_id":"edgex-node-001","category":"device","source":"native-ean","v1_purged":0}
{"level":"info","ts":1785239131.667221,"logger":"discovery","caller":"ean/discovery.go:555","msg":"capability registered/updated","cap_id":"omron_fins.list_points","agent_id":"edgex-node-001","category":"device","source":"native-ean","v1_purged":0}
{"level":"info","ts":1785239131.667221,"logger":"discovery","caller":"ean/discovery.go:555","msg":"capability registered/updated","cap_id":"dlt645.read_holding_register","agent_id":"edgex-node-001","category":"device","source":"native-ean","v1_purged":0}
{"level":"info","ts":1785239131.667221,"logger":"discovery","caller":"ean/discovery.go:555","msg":"capability registered/updated","cap_id":"profinet_io.list_points","agent_id":"edgex-node-001","category":"device","source":"native-ean","v1_purged":0}
{"level":"info","ts":1785239131.667221,"logger":"discovery","caller":"ean/discovery.go:555","msg":"capability registered/updated","cap_id":"ethercat.read_holding_register","agent_id":"edgex-node-001","category":"device","source":"native-ean","v1_purged":0}
{"level":"info","ts":1785239131.667221,"logger":"discovery","caller":"ean/discovery.go:555","msg":"capability registered/updated","cap_id":"modbus_tcp.list_points","agent_id":"edgex-node-001","category":"device","source":"native-ean","v1_purged":0}
{"level":"info","ts":1785239131.667221,"logger":"discovery","caller":"ean/discovery.go:555","msg":"capability registered/updated","cap_id":"ethernet_ip.scan_devices","agent_id":"edgex-node-001","category":"device","source":"native-ean","v1_purged":0}
{"level":"info","ts":1785239131.667221,"logger":"discovery","caller":"ean/discovery.go:555","msg":"capability registered/updated","cap_id":"omron_fins.write_register","agent_id":"edgex-node-001","category":"device","source":"native-ean","v1_purged":0}
{"level":"info","ts":1785239131.667221,"logger":"discovery","caller":"ean/discovery.go:555","msg":"capability registered/updated","cap_id":"modbus_rtu_over_tcp.read_holding_register","agent_id":"edgex-node-001","category":"device","source":"native-ean","v1_purged":0}
{"level":"info","ts":1785239131.667221,"logger":"discovery","caller":"ean/discovery.go:555","msg":"capability registered/updated","cap_id":"knxnet_ip.list_points","agent_id":"edgex-node-001","category":"device","source":"native-ean","v1_purged":0}
{"level":"info","ts":1785239131.667221,"logger":"discovery","caller":"ean/discovery.go:555","msg":"capability registered/updated","cap_id":"modbus_tcp.write_register","agent_id":"edgex-node-001","category":"device","source":"native-ean","v1_purged":0}
{"level":"info","ts":1785239131.667221,"logger":"discovery","caller":"ean/discovery.go:555","msg":"capability registered/updated","cap_id":"omron_fins.read_holding_register","agent_id":"edgex-node-001","category":"device","source":"native-ean","v1_purged":0}
{"level":"info","ts":1785239131.667221,"logger":"discovery","caller":"ean/discovery.go:555","msg":"capability registered/updated","cap_id":"dlt645.write_register","agent_id":"edgex-node-001","category":"device","source":"native-ean","v1_purged":0}
{"level":"warn","ts":1785239133.6803532,"logger":"heartbeat","caller":"ean/heartbeat.go:151","msg":"heartbeat sequence regression detected","agent_id":"edgex-node-001","old_seq":35,"new_seq":0}
{"level":"info","ts":1785239191.66519,"logger":"discovery","caller":"ean/discovery.go:555","msg":"capability registered/updated","cap_id":"iec60870_5_104.read_holding_register","agent_id":"edgex-node-001","category":"device","source":"native-ean","v1_purged":0}
{"level":"info","ts":1785239191.66519,"logger":"discovery","caller":"ean/discovery.go:555","msg":"capability registered/updated","cap_id":"iec60870_5_104.scan_devices","agent_id":"edgex-node-001","category":"device","source":"native-ean","v1_purged":0}
{"level":"info","ts":1785239191.66519,"logger":"discovery","caller":"ean/discovery.go:555","msg":"capability registered/updated","cap_id":"ethercat.scan_devices","agent_id":"edgex-node-001","category":"device","source":"native-ean","v1_purged":0}
{"level":"info","ts":1785239191.66519,"logger":"discovery","caller":"ean/discovery.go:555","msg":"capability registered/updated","cap_id":"dlt645.scan_devices","agent_id":"edgex-node-001","category":"device","source":"native-ean","v1_purged":0}
{"level":"info","ts":1785239191.66519,"logger":"discovery","caller":"ean/discovery.go:555","msg":"capability registered/updated","cap_id":"modbus_rtu.read_holding_register","agent_id":"edgex-node-001","category":"device","source":"native-ean","v1_purged":0}
{"level":"info","ts":1785239191.66519,"logger":"discovery","caller":"ean/discovery.go:555","msg":"capability registered/updated","cap_id":"modbus_rtu_over_tcp.list_points","agent_id":"edgex-node-001","category":"device","source":"native-ean","v1_purged":0}
{"level":"info","ts":1785239191.66519,"logger":"discovery","caller":"ean/discovery.go:555","msg":"capability registered/updated","cap_id":"opc_ua.scan_devices","agent_id":"edgex-node-001","category":"device","source":"native-ean","v1_purged":0}
{"level":"info","ts":1785239191.66519,"logger":"discovery","caller":"ean/discovery.go:555","msg":"capability registered/updated","cap_id":"opc_ua.list_points","agent_id":"edgex-node-001","category":"device","source":"native-ean","v1_purged":0}
{"level":"info","ts":1785239191.6656988,"logger":"discovery","caller":"ean/discovery.go:555","msg":"capability registered/updated","cap_id":"s7.read_holding_register","agent_id":"edgex-node-001","category":"device","source":"native-ean","v1_purged":0}
{"level":"info","ts":1785239191.6656988,"logger":"discovery","caller":"ean/discovery.go:555","msg":"capability registered/updated","cap_id":"omron_fins.list_points","agent_id":"edgex-node-001","category":"device","source":"native-ean","v1_purged":0}
{"level":"info","ts":1785239191.6656988,"logger":"discovery","caller":"ean/discovery.go:555","msg":"capability registered/updated","cap_id":"dlt645.read_holding_register","agent_id":"edgex-node-001","category":"device","source":"native-ean","v1_purged":0}
{"level":"info","ts":1785239191.6656988,"logger":"discovery","caller":"ean/discovery.go:555","msg":"capability registered/updated","cap_id":"profinet_io.list_points","agent_id":"edgex-node-001","category":"device","source":"native-ean","v1_purged":0}
{"level":"info","ts":1785239191.6656988,"logger":"discovery","caller":"ean/discovery.go:555","msg":"capability registered/updated","cap_id":"ethercat.read_holding_register","agent_id":"edgex-node-001","category":"device","source":"native-ean","v1_purged":0}
{"level":"info","ts":1785239191.6656988,"logger":"discovery","caller":"ean/discovery.go:555","msg":"capability registered/updated","cap_id":"modbus_tcp.list_points","agent_id":"edgex-node-001","category":"device","source":"native-ean","v1_purged":0}
{"level":"info","ts":1785239191.6656988,"logger":"discovery","caller":"ean/discovery.go:555","msg":"capability registered/updated","cap_id":"ethernet_ip.scan_devices","agent_id":"edgex-node-001","category":"device","source":"native-ean","v1_purged":0}
{"level":"info","ts":1785239191.6656988,"logger":"discovery","caller":"ean/discovery.go:555","msg":"capability registered/updated","cap_id":"omron_fins.write_register","agent_id":"edgex-node-001","category":"device","source":"native-ean","v1_purged":0}
{"level":"info","ts":1785239191.6656988,"logger":"discovery","caller":"ean/discovery.go:555","msg":"capability registered/updated","cap_id":"modbus_rtu_over_tcp.read_holding_register","agent_id":"edgex-node-001","category":"device","source":"native-ean","v1_purged":0}
{"level":"info","ts":1785239191.6656988,"logger":"discovery","caller":"ean/discovery.go:555","msg":"capability registered/updated","cap_id":"knxnet_ip.list_points","agent_id":"edgex-node-001","category":"device","source":"native-ean","v1_purged":0}
{"level":"info","ts":1785239191.6656988,"logger":"discovery","caller":"ean/discovery.go:555","msg":"capability registered/updated","cap_id":"modbus_tcp.write_register","agent_id":"edgex-node-001","category":"device","source":"native-ean","v1_purged":0}
{"level":"info","ts":1785239191.6656988,"logger":"discovery","caller":"ean/discovery.go:555","msg":"capability registered/updated","cap_id":"omron_fins.read_holding_register","agent_id":"edgex-node-001","category":"device","source":"native-ean","v1_purged":0}
{"level":"info","ts":1785239191.6656988,"logger":"discovery","caller":"ean/discovery.go:555","msg":"capability registered/updated","cap_id":"dlt645.write_register","agent_id":"edgex-node-001","category":"device","source":"native-ean","v1_purged":0}
{"level":"info","ts":1785239191.6656988,"logger":"discovery","caller":"ean/discovery.go:555","msg":"capability registered/updated","cap_id":"mitsubishi_slmp.read_holding_register","agent_id":"edgex-node-001","category":"device","source":"native-ean","v1_purged":0}
{"level":"info","ts":1785239191.6656988,"logger":"discovery","caller":"ean/discovery.go:555","msg":"capability registered/updated","cap_id":"iec60870_5_104.write_register","agent_id":"edgex-node-001","category":"device","source":"native-ean","v1_purged":0}
{"level":"info","ts":1785239191.6658509,"logger":"discovery","caller":"ean/discovery.go:555","msg":"capability registered/updated","cap_id":"ethercat.write_register","agent_id":"edgex-node-001","category":"device","source":"native-ean","v1_purged":0}
{"level":"info","ts":1785239191.6658509,"logger":"discovery","caller":"ean/discovery.go:555","msg":"capability registered/updated","cap_id":"modbus_rtu_over_tcp.scan_devices","agent_id":"edgex-node-001","category":"device","source":"native-ean","v1_purged":0}
{"level":"info","ts":1785239191.6658509,"logger":"discovery","caller":"ean/discovery.go:555","msg":"capability registered/updated","cap_id":"s7.list_points","agent_id":"edgex-node-001","category":"device","source":"native-ean","v1_purged":0}
{"level":"info","ts":1785239191.6658509,"logger":"discovery","caller":"ean/discovery.go:555","msg":"capability registered/updated","cap_id":"mitsubishi_slmp.write_register","agent_id":"edgex-node-001","category":"device","source":"native-ean","v1_purged":0}
{"level":"info","ts":1785239191.6658509,"logger":"discovery","caller":"ean/discovery.go:555","msg":"capability registered/updated","cap_id":"profinet_io.write_register","agent_id":"edgex-node-001","category":"device","source":"native-ean","v1_purged":0}
{"level":"info","ts":1785239191.6658509,"logger":"discovery","caller":"ean/discovery.go:555","msg":"capability registered/updated","cap_id":"mitsubishi_slmp.scan_devices","agent_id":"edgex-node-001","category":"device","source":"native-ean","v1_purged":0}
{"level":"info","ts":1785239191.6658509,"logger":"discovery","caller":"ean/discovery.go:555","msg":"capability registered/updated","cap_id":"bacnet_ip.write_register","agent_id":"edgex-node-001","category":"device","source":"native-ean","v1_purged":0}
{"level":"info","ts":1785239191.6658509,"logger":"discovery","caller":"ean/discovery.go:555","msg":"capability registered/updated","cap_id":"s7.write_register","agent_id":"edgex-node-001","category":"device","source":"native-ean","v1_purged":0}
{"level":"info","ts":1785239191.6658509,"logger":"discovery","caller":"ean/discovery.go:555","msg":"capability registered/updated","cap_id":"s7.scan_devices","agent_id":"edgex-node-001","category":"device","source":"native-ean","v1_purged":0}
{"level":"info","ts":1785239191.6658509,"logger":"discovery","caller":"ean/discovery.go:555","msg":"capability registered/updated","cap_id":"opc_ua.write_register","agent_id":"edgex-node-001","category":"device","source":"native-ean","v1_purged":0}
{"level":"info","ts":1785239191.6658509,"logger":"discovery","caller":"ean/discovery.go:555","msg":"capability registered/updated","cap_id":"knxnet_ip.read_holding_register","agent_id":"edgex-node-001","category":"device","source":"native-ean","v1_purged":0}
{"level":"info","ts":1785239191.6658509,"logger":"discovery","caller":"ean/discovery.go:555","msg":"capability registered/updated","cap_id":"ethernet_ip.list_points","agent_id":"edgex-node-001","category":"device","source":"native-ean","v1_purged":0}
{"level":"info","ts":1785239191.6658509,"logger":"discovery","caller":"ean/discovery.go:555","msg":"capability registered/updated","cap_id":"modbus_rtu.scan_devices","agent_id":"edgex-node-001","category":"device","source":"native-ean","v1_purged":0}
{"level":"info","ts":1785239191.6658509,"logger":"discovery","caller":"ean/discovery.go:555","msg":"capability registered/updated","cap_id":"ethernet_ip.read_holding_register","agent_id":"edgex-node-001","category":"device","source":"native-ean","v1_purged":0}
{"level":"info","ts":1785239191.6658509,"logger":"discovery","caller":"ean/discovery.go:555","msg":"capability registered/updated","cap_id":"ethernet_ip.write_register","agent_id":"edgex-node-001","category":"device","source":"native-ean","v1_purged":0}
{"level":"info","ts":1785239191.6658509,"logger":"discovery","caller":"ean/discovery.go:555","msg":"capability registered/updated","cap_id":"knxnet_ip.write_register","agent_id":"edgex-node-001","category":"device","source":"native-ean","v1_purged":0}
{"level":"info","ts":1785239191.6658509,"logger":"discovery","caller":"ean/discovery.go:555","msg":"capability registered/updated","cap_id":"snmp.write_register","agent_id":"edgex-node-001","category":"device","source":"native-ean","v1_purged":0}
{"level":"info","ts":1785239191.6658509,"logger":"discovery","caller":"ean/discovery.go:555","msg":"capability registered/updated","cap_id":"snmp.list_points","agent_id":"edgex-node-001","category":"device","source":"native-ean","v1_purged":0}
{"level":"info","ts":1785239191.6658509,"logger":"discovery","caller":"ean/discovery.go:555","msg":"capability registered/updated","cap_id":"modbus_rtu_over_tcp.write_register","agent_id":"edgex-node-001","category":"device","source":"native-ean","v1_purged":0}
{"level":"info","ts":1785239191.6658509,"logger":"discovery","caller":"ean/discovery.go:555","msg":"capability registered/updated","cap_id":"iec60870_5_104.list_points","agent_id":"edgex-node-001","category":"device","source":"native-ean","v1_purged":0}
{"level":"info","ts":1785239191.6658509,"logger":"discovery","caller":"ean/discovery.go:555","msg":"capability registered/updated","cap_id":"mitsubishi_slmp.list_points","agent_id":"edgex-node-001","category":"device","source":"native-ean","v1_purged":0}
{"level":"info","ts":1785239191.6658509,"logger":"discovery","caller":"ean/discovery.go:555","msg":"capability registered/updated","cap_id":"ai.doc_parse","agent_id":"edgex-node-001","category":"ai","source":"native-ean","v1_purged":0}
{"level":"info","ts":1785239191.6658509,"logger":"discovery","caller":"ean/discovery.go:555","msg":"capability registered/updated","cap_id":"knxnet_ip.scan_devices","agent_id":"edgex-node-001","category":"device","source":"native-ean","v1_purged":0}
{"level":"info","ts":1785239191.6658509,"logger":"discovery","caller":"ean/discovery.go:555","msg":"capability registered/updated","cap_id":"dlt645.list_points","agent_id":"edgex-node-001","category":"device","source":"native-ean","v1_purged":0}
{"level":"info","ts":1785239191.6658509,"logger":"discovery","caller":"ean/discovery.go:555","msg":"capability registered/updated","cap_id":"profinet_io.scan_devices","agent_id":"edgex-node-001","category":"device","source":"native-ean","v1_purged":0}
{"level":"info","ts":1785239191.6658509,"logger":"discovery","caller":"ean/discovery.go:555","msg":"capability registered/updated","cap_id":"modbus_tcp.read_holding_register","agent_id":"edgex-node-001","category":"device","source":"native-ean","v1_purged":0}
{"level":"info","ts":1785239191.6658509,"logger":"discovery","caller":"ean/discovery.go:555","msg":"capability registered/updated","cap_id":"ethercat.list_points","agent_id":"edgex-node-001","category":"device","source":"native-ean","v1_purged":0}
{"level":"info","ts":1785239191.6658509,"logger":"discovery","caller":"ean/discovery.go:555","msg":"capability registered/updated","cap_id":"ai.protocol_reverse","agent_id":"edgex-node-001","category":"ai","source":"native-ean","v1_purged":0}
{"level":"info","ts":1785239191.6658509,"logger":"discovery","caller":"ean/discovery.go:555","msg":"capability registered/updated","cap_id":"modbus_rtu.write_register","agent_id":"edgex-node-001","category":"device","source":"native-ean","v1_purged":0}
{"level":"info","ts":1785239191.6658509,"logger":"discovery","caller":"ean/discovery.go:555","msg":"capability registered/updated","cap_id":"modbus_rtu.list_points","agent_id":"edgex-node-001","category":"device","source":"native-ean","v1_purged":0}
{"level":"info","ts":1785239191.6658509,"logger":"discovery","caller":"ean/discovery.go:555","msg":"capability registered/updated","cap_id":"bacnet_ip.scan_devices","agent_id":"edgex-node-001","category":"device","source":"native-ean","v1_purged":0}
{"level":"info","ts":1785239191.6658509,"logger":"discovery","caller":"ean/discovery.go:555","msg":"capability registered/updated","cap_id":"opc_ua.read_holding_register","agent_id":"edgex-node-001","category":"device","source":"native-ean","v1_purged":0}
{"level":"info","ts":1785239191.6658509,"logger":"discovery","caller":"ean/discovery.go:555","msg":"capability registered/updated","cap_id":"snmp.read_holding_register","agent_id":"edgex-node-001","category":"device","source":"native-ean","v1_purged":0}
{"level":"info","ts":1785239191.6658509,"logger":"discovery","caller":"ean/discovery.go:555","msg":"capability registered/updated","cap_id":"profinet_io.read_holding_register","agent_id":"edgex-node-001","category":"device","source":"native-ean","v1_purged":0}
{"level":"info","ts":1785239191.6658509,"logger":"discovery","caller":"ean/discovery.go:555","msg":"capability registered/updated","cap_id":"bacnet_ip.read_holding_register","agent_id":"edgex-node-001","category":"device","source":"native-ean","v1_purged":0}
{"level":"info","ts":1785239191.6658509,"logger":"discovery","caller":"ean/discovery.go:555","msg":"capability registered/updated","cap_id":"omron_fins.scan_devices","agent_id":"edgex-node-001","category":"device","source":"native-ean","v1_purged":0}
{"level":"info","ts":1785239191.6658509,"logger":"discovery","caller":"ean/discovery.go:555","msg":"capability registered/updated","cap_id":"snmp.scan_devices","agent_id":"edgex-node-001","category":"device","source":"native-ean","v1_purged":0}
{"level":"info","ts":1785239191.6658509,"logger":"discovery","caller":"ean/discovery.go:555","msg":"capability registered/updated","cap_id":"system.diagnostics","agent_id":"edgex-node-001","category":"system","source":"native-ean","v1_purged":0}
{"level":"info","ts":1785239191.6658509,"logger":"discovery","caller":"ean/discovery.go:555","msg":"capability registered/updated","cap_id":"modbus_tcp.scan_devices","agent_id":"edgex-node-001","category":"device","source":"native-ean","v1_purged":0}
{"level":"info","ts":1785239191.6658509,"logger":"discovery","caller":"ean/discovery.go:555","msg":"capability registered/updated","cap_id":"bacnet_ip.list_points","agent_id":"edgex-node-001","category":"device","source":"native-ean","v1_purged":0}
{"level":"warn","ts":1785239193.679948,"logger":"heartbeat","caller":"ean/heartbeat.go:151","msg":"heartbeat sequence regression detected","agent_id":"edgex-node-001","old_seq":36,"new_seq":0}
{"level":"info","ts":1785239251.6681657,"logger":"discovery","caller":"ean/discovery.go:555","msg":"capability registered/updated","cap_id":"iec60870_5_104.write_register","agent_id":"edgex-node-001","category":"device","source":"native-ean","v1_purged":0}
{"level":"info","ts":1785239251.6681657,"logger":"discovery","caller":"ean/discovery.go:555","msg":"capability registered/updated","cap_id":"ethercat.write_register","agent_id":"edgex-node-001","category":"device","source":"native-ean","v1_purged":0}
{"level":"info","ts":1785239251.6681657,"logger":"discovery","caller":"ean/discovery.go:555","msg":"capability registered/updated","cap_id":"modbus_rtu_over_tcp.scan_devices","agent_id":"edgex-node-001","category":"device","source":"native-ean","v1_purged":0}
{"level":"info","ts":1785239251.6681657,"logger":"discovery","caller":"ean/discovery.go:555","msg":"capability registered/updated","cap_id":"s7.list_points","agent_id":"edgex-node-001","category":"device","source":"native-ean","v1_purged":0}
{"level":"info","ts":1785239251.6681657,"logger":"discovery","caller":"ean/discovery.go:555","msg":"capability registered/updated","cap_id":"mitsubishi_slmp.write_register","agent_id":"edgex-node-001","category":"device","source":"native-ean","v1_purged":0}
{"level":"info","ts":1785239251.6681657,"logger":"discovery","caller":"ean/discovery.go:555","msg":"capability registered/updated","cap_id":"profinet_io.write_register","agent_id":"edgex-node-001","category":"device","source":"native-ean","v1_purged":0}
{"level":"info","ts":1785239251.6681657,"logger":"discovery","caller":"ean/discovery.go:555","msg":"capability registered/updated","cap_id":"mitsubishi_slmp.scan_devices","agent_id":"edgex-node-001","category":"device","source":"native-ean","v1_purged":0}
{"level":"info","ts":1785239251.6681657,"logger":"discovery","caller":"ean/discovery.go:555","msg":"capability registered/updated","cap_id":"bacnet_ip.write_register","agent_id":"edgex-node-001","category":"device","source":"native-ean","v1_purged":0}
{"level":"info","ts":1785239251.6681657,"logger":"discovery","caller":"ean/discovery.go:555","msg":"capability registered/updated","cap_id":"s7.write_register","agent_id":"edgex-node-001","category":"device","source":"native-ean","v1_purged":0}
{"level":"info","ts":1785239251.6681657,"logger":"discovery","caller":"ean/discovery.go:555","msg":"capability registered/updated","cap_id":"s7.scan_devices","agent_id":"edgex-node-001","category":"device","source":"native-ean","v1_purged":0}
{"level":"info","ts":1785239251.6681657,"logger":"discovery","caller":"ean/discovery.go:555","msg":"capability registered/updated","cap_id":"opc_ua.write_register","agent_id":"edgex-node-001","category":"device","source":"native-ean","v1_purged":0}
{"level":"info","ts":1785239251.6681657,"logger":"discovery","caller":"ean/discovery.go:555","msg":"capability registered/updated","cap_id":"knxnet_ip.read_holding_register","agent_id":"edgex-node-001","category":"device","source":"native-ean","v1_purged":0}
{"level":"info","ts":1785239251.6681657,"logger":"discovery","caller":"ean/discovery.go:555","msg":"capability registered/updated","cap_id":"ethernet_ip.list_points","agent_id":"edgex-node-001","category":"device","source":"native-ean","v1_purged":0}
{"level":"info","ts":1785239251.6681657,"logger":"discovery","caller":"ean/discovery.go:555","msg":"capability registered/updated","cap_id":"modbus_rtu.scan_devices","agent_id":"edgex-node-001","category":"device","source":"native-ean","v1_purged":0}
{"level":"info","ts":1785239251.6681657,"logger":"discovery","caller":"ean/discovery.go:555","msg":"capability registered/updated","cap_id":"ethernet_ip.read_holding_register","agent_id":"edgex-node-001","category":"device","source":"native-ean","v1_purged":0}
{"level":"info","ts":1785239251.6681657,"logger":"discovery","caller":"ean/discovery.go:555","msg":"capability registered/updated","cap_id":"ethernet_ip.write_register","agent_id":"edgex-node-001","category":"device","source":"native-ean","v1_purged":0}
{"level":"info","ts":1785239251.6681657,"logger":"discovery","caller":"ean/discovery.go:555","msg":"capability registered/updated","cap_id":"knxnet_ip.write_register","agent_id":"edgex-node-001","category":"device","source":"native-ean","v1_purged":0}
{"level":"info","ts":1785239251.6681657,"logger":"discovery","caller":"ean/discovery.go:555","msg":"capability registered/updated","cap_id":"snmp.write_register","agent_id":"edgex-node-001","category":"device","source":"native-ean","v1_purged":0}
{"level":"info","ts":1785239251.6681657,"logger":"discovery","caller":"ean/discovery.go:555","msg":"capability registered/updated","cap_id":"snmp.list_points","agent_id":"edgex-node-001","category":"device","source":"native-ean","v1_purged":0}
{"level":"info","ts":1785239251.6681657,"logger":"discovery","caller":"ean/discovery.go:555","msg":"capability registered/updated","cap_id":"modbus_rtu_over_tcp.write_register","agent_id":"edgex-node-001","category":"device","source":"native-ean","v1_purged":0}
{"level":"info","ts":1785239251.6681657,"logger":"discovery","caller":"ean/discovery.go:555","msg":"capability registered/updated","cap_id":"iec60870_5_104.list_points","agent_id":"edgex-node-001","category":"device","source":"native-ean","v1_purged":0}
{"level":"info","ts":1785239251.6681657,"logger":"discovery","caller":"ean/discovery.go:555","msg":"capability registered/updated","cap_id":"mitsubishi_slmp.list_points","agent_id":"edgex-node-001","category":"device","source":"native-ean","v1_purged":0}
{"level":"info","ts":1785239251.6681657,"logger":"discovery","caller":"ean/discovery.go:555","msg":"capability registered/updated","cap_id":"ai.doc_parse","agent_id":"edgex-node-001","category":"ai","source":"native-ean","v1_purged":0}
{"level":"info","ts":1785239251.6681657,"logger":"discovery","caller":"ean/discovery.go:555","msg":"capability registered/updated","cap_id":"knxnet_ip.scan_devices","agent_id":"edgex-node-001","category":"device","source":"native-ean","v1_purged":0}
{"level":"info","ts":1785239251.6681657,"logger":"discovery","caller":"ean/discovery.go:555","msg":"capability registered/updated","cap_id":"dlt645.list_points","agent_id":"edgex-node-001","category":"device","source":"native-ean","v1_purged":0}
{"level":"info","ts":1785239251.6681657,"logger":"discovery","caller":"ean/discovery.go:555","msg":"capability registered/updated","cap_id":"profinet_io.scan_devices","agent_id":"edgex-node-001","category":"device","source":"native-ean","v1_purged":0}
{"level":"info","ts":1785239251.6681657,"logger":"discovery","caller":"ean/discovery.go:555","msg":"capability registered/updated","cap_id":"modbus_tcp.read_holding_register","agent_id":"edgex-node-001","category":"device","source":"native-ean","v1_purged":0}
{"level":"info","ts":1785239251.6681657,"logger":"discovery","caller":"ean/discovery.go:555","msg":"capability registered/updated","cap_id":"ethercat.list_points","agent_id":"edgex-node-001","category":"device","source":"native-ean","v1_purged":0}
{"level":"info","ts":1785239251.6681657,"logger":"discovery","caller":"ean/discovery.go:555","msg":"capability registered/updated","cap_id":"ai.protocol_reverse","agent_id":"edgex-node-001","category":"ai","source":"native-ean","v1_purged":0}
{"level":"info","ts":1785239251.6681657,"logger":"discovery","caller":"ean/discovery.go:555","msg":"capability registered/updated","cap_id":"modbus_rtu.write_register","agent_id":"edgex-node-001","category":"device","source":"native-ean","v1_purged":0}
{"level":"info","ts":1785239251.6681657,"logger":"discovery","caller":"ean/discovery.go:555","msg":"capability registered/updated","cap_id":"modbus_rtu.list_points","agent_id":"edgex-node-001","category":"device","source":"native-ean","v1_purged":0}
{"level":"info","ts":1785239251.6681657,"logger":"discovery","caller":"ean/discovery.go:555","msg":"capability registered/updated","cap_id":"bacnet_ip.scan_devices","agent_id":"edgex-node-001","category":"device","source":"native-ean","v1_purged":0}
{"level":"info","ts":1785239251.6681657,"logger":"discovery","caller":"ean/discovery.go:555","msg":"capability registered/updated","cap_id":"opc_ua.read_holding_register","agent_id":"edgex-node-001","category":"device","source":"native-ean","v1_purged":0}
{"level":"info","ts":1785239251.6681657,"logger":"discovery","caller":"ean/discovery.go:555","msg":"capability registered/updated","cap_id":"snmp.read_holding_register","agent_id":"edgex-node-001","category":"device","source":"native-ean","v1_purged":0}
{"level":"info","ts":1785239251.6681657,"logger":"discovery","caller":"ean/discovery.go:555","msg":"capability registered/updated","cap_id":"profinet_io.read_holding_register","agent_id":"edgex-node-001","category":"device","source":"native-ean","v1_purged":0}
{"level":"info","ts":1785239251.6681657,"logger":"discovery","caller":"ean/discovery.go:555","msg":"capability registered/updated","cap_id":"bacnet_ip.read_holding_register","agent_id":"edgex-node-001","category":"device","source":"native-ean","v1_purged":0}
{"level":"info","ts":1785239251.6681657,"logger":"discovery","caller":"ean/discovery.go:555","msg":"capability registered/updated","cap_id":"omron_fins.scan_devices","agent_id":"edgex-node-001","category":"device","source":"native-ean","v1_purged":0}
{"level":"info","ts":1785239251.6681657,"logger":"discovery","caller":"ean/discovery.go:555","msg":"capability registered/updated","cap_id":"snmp.scan_devices","agent_id":"edgex-node-001","category":"device","source":"native-ean","v1_purged":0}
{"level":"info","ts":1785239251.6681657,"logger":"discovery","caller":"ean/discovery.go:555","msg":"capability registered/updated","cap_id":"system.diagnostics","agent_id":"edgex-node-001","category":"system","source":"native-ean","v1_purged":0}
{"level":"info","ts":1785239251.6681657,"logger":"discovery","caller":"ean/discovery.go:555","msg":"capability registered/updated","cap_id":"modbus_tcp.scan_devices","agent_id":"edgex-node-001","category":"device","source":"native-ean","v1_purged":0}
{"level":"info","ts":1785239251.6681657,"logger":"discovery","caller":"ean/discovery.go:555","msg":"capability registered/updated","cap_id":"bacnet_ip.list_points","agent_id":"edgex-node-001","category":"device","source":"native-ean","v1_purged":0}
{"level":"info","ts":1785239251.6681657,"logger":"discovery","caller":"ean/discovery.go:555","msg":"capability registered/updated","cap_id":"iec60870_5_104.read_holding_register","agent_id":"edgex-node-001","category":"device","source":"native-ean","v1_purged":0}
{"level":"info","ts":1785239251.6681657,"logger":"discovery","caller":"ean/discovery.go:555","msg":"capability registered/updated","cap_id":"iec60870_5_104.scan_devices","agent_id":"edgex-node-001","category":"device","source":"native-ean","v1_purged":0}
{"level":"info","ts":1785239251.6681657,"logger":"discovery","caller":"ean/discovery.go:555","msg":"capability registered/updated","cap_id":"ethercat.scan_devices","agent_id":"edgex-node-001","category":"device","source":"native-ean","v1_purged":0}
{"level":"info","ts":1785239251.6681657,"logger":"discovery","caller":"ean/discovery.go:555","msg":"capability registered/updated","cap_id":"dlt645.scan_devices","agent_id":"edgex-node-001","category":"device","source":"native-ean","v1_purged":0}
{"level":"info","ts":1785239251.6681657,"logger":"discovery","caller":"ean/discovery.go:555","msg":"capability registered/updated","cap_id":"modbus_rtu.read_holding_register","agent_id":"edgex-node-001","category":"device","source":"native-ean","v1_purged":0}
{"level":"info","ts":1785239251.6681657,"logger":"discovery","caller":"ean/discovery.go:555","msg":"capability registered/updated","cap_id":"modbus_rtu_over_tcp.list_points","agent_id":"edgex-node-001","category":"device","source":"native-ean","v1_purged":0}
{"level":"info","ts":1785239251.6681657,"logger":"discovery","caller":"ean/discovery.go:555","msg":"capability registered/updated","cap_id":"opc_ua.scan_devices","agent_id":"edgex-node-001","category":"device","source":"native-ean","v1_purged":0}
{"level":"info","ts":1785239251.6681657,"logger":"discovery","caller":"ean/discovery.go:555","msg":"capability registered/updated","cap_id":"opc_ua.list_points","agent_id":"edgex-node-001","category":"device","source":"native-ean","v1_purged":0}
{"level":"info","ts":1785239251.6681657,"logger":"discovery","caller":"ean/discovery.go:555","msg":"capability registered/updated","cap_id":"s7.read_holding_register","agent_id":"edgex-node-001","category":"device","source":"native-ean","v1_purged":0}
{"level":"info","ts":1785239251.6681657,"logger":"discovery","caller":"ean/discovery.go:555","msg":"capability registered/updated","cap_id":"omron_fins.list_points","agent_id":"edgex-node-001","category":"device","source":"native-ean","v1_purged":0}
{"level":"info","ts":1785239251.6681657,"logger":"discovery","caller":"ean/discovery.go:555","msg":"capability registered/updated","cap_id":"dlt645.read_holding_register","agent_id":"edgex-node-001","category":"device","source":"native-ean","v1_purged":0}
{"level":"info","ts":1785239251.6681657,"logger":"discovery","caller":"ean/discovery.go:555","msg":"capability registered/updated","cap_id":"profinet_io.list_points","agent_id":"edgex-node-001","category":"device","source":"native-ean","v1_purged":0}
{"level":"info","ts":1785239251.6681657,"logger":"discovery","caller":"ean/discovery.go:555","msg":"capability registered/updated","cap_id":"ethercat.read_holding_register","agent_id":"edgex-node-001","category":"device","source":"native-ean","v1_purged":0}
{"level":"info","ts":1785239251.6681657,"logger":"discovery","caller":"ean/discovery.go:555","msg":"capability registered/updated","cap_id":"modbus_tcp.list_points","agent_id":"edgex-node-001","category":"device","source":"native-ean","v1_purged":0}
{"level":"info","ts":1785239251.6681657,"logger":"discovery","caller":"ean/discovery.go:555","msg":"capability registered/updated","cap_id":"ethernet_ip.scan_devices","agent_id":"edgex-node-001","category":"device","source":"native-ean","v1_purged":0}
{"level":"info","ts":1785239251.6681657,"logger":"discovery","caller":"ean/discovery.go:555","msg":"capability registered/updated","cap_id":"omron_fins.write_register","agent_id":"edgex-node-001","category":"device","source":"native-ean","v1_purged":0}
{"level":"info","ts":1785239251.6681657,"logger":"discovery","caller":"ean/discovery.go:555","msg":"capability registered/updated","cap_id":"modbus_rtu_over_tcp.read_holding_register","agent_id":"edgex-node-001","category":"device","source":"native-ean","v1_purged":0}
{"level":"info","ts":1785239251.6681657,"logger":"discovery","caller":"ean/discovery.go:555","msg":"capability registered/updated","cap_id":"knxnet_ip.list_points","agent_id":"edgex-node-001","category":"device","source":"native-ean","v1_purged":0}
{"level":"info","ts":1785239251.6681657,"logger":"discovery","caller":"ean/discovery.go:555","msg":"capability registered/updated","cap_id":"modbus_tcp.write_register","agent_id":"edgex-node-001","category":"device","source":"native-ean","v1_purged":0}
{"level":"info","ts":1785239251.6681657,"logger":"discovery","caller":"ean/discovery.go:555","msg":"capability registered/updated","cap_id":"omron_fins.read_holding_register","agent_id":"edgex-node-001","category":"device","source":"native-ean","v1_purged":0}
{"level":"info","ts":1785239251.6681657,"logger":"discovery","caller":"ean/discovery.go:555","msg":"capability registered/updated","cap_id":"dlt645.write_register","agent_id":"edgex-node-001","category":"device","source":"native-ean","v1_purged":0}
{"level":"info","ts":1785239251.6681657,"logger":"discovery","caller":"ean/discovery.go:555","msg":"capability registered/updated","cap_id":"mitsubishi_slmp.read_holding_register","agent_id":"edgex-node-001","category":"device","source":"native-ean","v1_purged":0}
{"level":"warn","ts":1785239253.6799278,"logger":"heartbeat","caller":"ean/heartbeat.go:151","msg":"heartbeat sequence regression detected","agent_id":"edgex-node-001","old_seq":37,"new_seq":0}
{"level":"info","ts":1785239260.680363,"logger":"ean-bus","caller":"ean/bus.go:601","msg":"主动发现查询已发布","topic":"$edgeos/discovery/query"}
{"level":"info","ts":1785239260.6917813,"logger":"discovery","caller":"ean/discovery.go:216","msg":"agent updated via discovery response","agent_id":"edgex-node-001","kind":"device","source":"native-ean"}
{"level":"info","ts":1785239260.6917813,"logger":"heartbeat","caller":"ean/heartbeat.go:283","msg":"heartbeat interval updated","agent_id":"edgex-node-001","interval_sec":60}
{"level":"info","ts":1785239260.6917813,"logger":"discovery","caller":"ean/discovery.go:555","msg":"capability registered/updated","cap_id":"profinet_io.read_holding_register","agent_id":"edgex-node-001","category":"device","source":"native-ean","v1_purged":0}
{"level":"info","ts":1785239260.6917813,"logger":"discovery","caller":"ean/discovery.go:555","msg":"capability registered/updated","cap_id":"bacnet_ip.read_holding_register","agent_id":"edgex-node-001","category":"device","source":"native-ean","v1_purged":0}
{"level":"info","ts":1785239260.6917813,"logger":"discovery","caller":"ean/discovery.go:555","msg":"capability registered/updated","cap_id":"omron_fins.scan_devices","agent_id":"edgex-node-001","category":"device","source":"native-ean","v1_purged":0}
{"level":"info","ts":1785239260.6917813,"logger":"discovery","caller":"ean/discovery.go:555","msg":"capability registered/updated","cap_id":"snmp.scan_devices","agent_id":"edgex-node-001","category":"device","source":"native-ean","v1_purged":0}
{"level":"info","ts":1785239260.6917813,"logger":"discovery","caller":"ean/discovery.go:555","msg":"capability registered/updated","cap_id":"system.diagnostics","agent_id":"edgex-node-001","category":"system","source":"native-ean","v1_purged":0}
{"level":"info","ts":1785239260.6917813,"logger":"discovery","caller":"ean/discovery.go:555","msg":"capability registered/updated","cap_id":"modbus_tcp.scan_devices","agent_id":"edgex-node-001","category":"device","source":"native-ean","v1_purged":0}
{"level":"info","ts":1785239260.6917813,"logger":"discovery","caller":"ean/discovery.go:555","msg":"capability registered/updated","cap_id":"bacnet_ip.list_points","agent_id":"edgex-node-001","category":"device","source":"native-ean","v1_purged":0}
{"level":"info","ts":1785239260.6917813,"logger":"discovery","caller":"ean/discovery.go:555","msg":"capability registered/updated","cap_id":"iec60870_5_104.read_holding_register","agent_id":"edgex-node-001","category":"device","source":"native-ean","v1_purged":0}
{"level":"info","ts":1785239260.6917813,"logger":"discovery","caller":"ean/discovery.go:555","msg":"capability registered/updated","cap_id":"iec60870_5_104.scan_devices","agent_id":"edgex-node-001","category":"device","source":"native-ean","v1_purged":0}
{"level":"info","ts":1785239260.6917813,"logger":"discovery","caller":"ean/discovery.go:555","msg":"capability registered/updated","cap_id":"ethercat.scan_devices","agent_id":"edgex-node-001","category":"device","source":"native-ean","v1_purged":0}
{"level":"info","ts":1785239260.6917813,"logger":"discovery","caller":"ean/discovery.go:555","msg":"capability registered/updated","cap_id":"dlt645.scan_devices","agent_id":"edgex-node-001","category":"device","source":"native-ean","v1_purged":0}
{"level":"info","ts":1785239260.6917813,"logger":"discovery","caller":"ean/discovery.go:555","msg":"capability registered/updated","cap_id":"modbus_rtu.read_holding_register","agent_id":"edgex-node-001","category":"device","source":"native-ean","v1_purged":0}
{"level":"info","ts":1785239260.6917813,"logger":"discovery","caller":"ean/discovery.go:555","msg":"capability registered/updated","cap_id":"modbus_rtu_over_tcp.list_points","agent_id":"edgex-node-001","category":"device","source":"native-ean","v1_purged":0}
{"level":"info","ts":1785239260.6917813,"logger":"discovery","caller":"ean/discovery.go:555","msg":"capability registered/updated","cap_id":"opc_ua.scan_devices","agent_id":"edgex-node-001","category":"device","source":"native-ean","v1_purged":0}
{"level":"info","ts":1785239260.6917813,"logger":"discovery","caller":"ean/discovery.go:555","msg":"capability registered/updated","cap_id":"opc_ua.list_points","agent_id":"edgex-node-001","category":"device","source":"native-ean","v1_purged":0}
{"level":"info","ts":1785239260.6917813,"logger":"discovery","caller":"ean/discovery.go:555","msg":"capability registered/updated","cap_id":"s7.read_holding_register","agent_id":"edgex-node-001","category":"device","source":"native-ean","v1_purged":0}
{"level":"info","ts":1785239260.6917813,"logger":"discovery","caller":"ean/discovery.go:555","msg":"capability registered/updated","cap_id":"omron_fins.list_points","agent_id":"edgex-node-001","category":"device","source":"native-ean","v1_purged":0}
{"level":"info","ts":1785239260.6917813,"logger":"discovery","caller":"ean/discovery.go:555","msg":"capability registered/updated","cap_id":"dlt645.read_holding_register","agent_id":"edgex-node-001","category":"device","source":"native-ean","v1_purged":0}
{"level":"info","ts":1785239260.6917813,"logger":"discovery","caller":"ean/discovery.go:555","msg":"capability registered/updated","cap_id":"profinet_io.list_points","agent_id":"edgex-node-001","category":"device","source":"native-ean","v1_purged":0}
{"level":"info","ts":1785239260.6917813,"logger":"discovery","caller":"ean/discovery.go:555","msg":"capability registered/updated","cap_id":"ethercat.read_holding_register","agent_id":"edgex-node-001","category":"device","source":"native-ean","v1_purged":0}
{"level":"info","ts":1785239260.6917813,"logger":"discovery","caller":"ean/discovery.go:555","msg":"capability registered/updated","cap_id":"modbus_tcp.list_points","agent_id":"edgex-node-001","category":"device","source":"native-ean","v1_purged":0}
{"level":"info","ts":1785239260.6917813,"logger":"discovery","caller":"ean/discovery.go:555","msg":"capability registered/updated","cap_id":"ethernet_ip.scan_devices","agent_id":"edgex-node-001","category":"device","source":"native-ean","v1_purged":0}
{"level":"info","ts":1785239260.6917813,"logger":"discovery","caller":"ean/discovery.go:555","msg":"capability registered/updated","cap_id":"omron_fins.write_register","agent_id":"edgex-node-001","category":"device","source":"native-ean","v1_purged":0}
{"level":"info","ts":1785239260.6917813,"logger":"discovery","caller":"ean/discovery.go:555","msg":"capability registered/updated","cap_id":"modbus_rtu_over_tcp.read_holding_register","agent_id":"edgex-node-001","category":"device","source":"native-ean","v1_purged":0}
{"level":"info","ts":1785239260.6917813,"logger":"discovery","caller":"ean/discovery.go:555","msg":"capability registered/updated","cap_id":"knxnet_ip.list_points","agent_id":"edgex-node-001","category":"device","source":"native-ean","v1_purged":0}
{"level":"info","ts":1785239260.6917813,"logger":"discovery","caller":"ean/discovery.go:555","msg":"capability registered/updated","cap_id":"modbus_tcp.write_register","agent_id":"edgex-node-001","category":"device","source":"native-ean","v1_purged":0}
{"level":"info","ts":1785239260.6917813,"logger":"discovery","caller":"ean/discovery.go:555","msg":"capability registered/updated","cap_id":"omron_fins.read_holding_register","agent_id":"edgex-node-001","category":"device","source":"native-ean","v1_purged":0}
{"level":"info","ts":1785239260.6923468,"logger":"discovery","caller":"ean/discovery.go:555","msg":"capability registered/updated","cap_id":"dlt645.write_register","agent_id":"edgex-node-001","category":"device","source":"native-ean","v1_purged":0}
{"level":"info","ts":1785239260.6923468,"logger":"discovery","caller":"ean/discovery.go:555","msg":"capability registered/updated","cap_id":"mitsubishi_slmp.read_holding_register","agent_id":"edgex-node-001","category":"device","source":"native-ean","v1_purged":0}
{"level":"info","ts":1785239260.6923468,"logger":"discovery","caller":"ean/discovery.go:555","msg":"capability registered/updated","cap_id":"iec60870_5_104.write_register","agent_id":"edgex-node-001","category":"device","source":"native-ean","v1_purged":0}
{"level":"info","ts":1785239260.6923468,"logger":"discovery","caller":"ean/discovery.go:555","msg":"capability registered/updated","cap_id":"ethercat.write_register","agent_id":"edgex-node-001","category":"device","source":"native-ean","v1_purged":0}
{"level":"info","ts":1785239260.6923468,"logger":"discovery","caller":"ean/discovery.go:555","msg":"capability registered/updated","cap_id":"modbus_rtu_over_tcp.scan_devices","agent_id":"edgex-node-001","category":"device","source":"native-ean","v1_purged":0}
{"level":"info","ts":1785239260.6923468,"logger":"discovery","caller":"ean/discovery.go:555","msg":"capability registered/updated","cap_id":"s7.list_points","agent_id":"edgex-node-001","category":"device","source":"native-ean","v1_purged":0}
{"level":"info","ts":1785239260.6923468,"logger":"discovery","caller":"ean/discovery.go:555","msg":"capability registered/updated","cap_id":"mitsubishi_slmp.write_register","agent_id":"edgex-node-001","category":"device","source":"native-ean","v1_purged":0}
{"level":"info","ts":1785239260.6923468,"logger":"discovery","caller":"ean/discovery.go:555","msg":"capability registered/updated","cap_id":"profinet_io.write_register","agent_id":"edgex-node-001","category":"device","source":"native-ean","v1_purged":0}
{"level":"info","ts":1785239260.6923468,"logger":"discovery","caller":"ean/discovery.go:555","msg":"capability registered/updated","cap_id":"mitsubishi_slmp.scan_devices","agent_id":"edgex-node-001","category":"device","source":"native-ean","v1_purged":0}
{"level":"info","ts":1785239260.6923468,"logger":"discovery","caller":"ean/discovery.go:555","msg":"capability registered/updated","cap_id":"bacnet_ip.write_register","agent_id":"edgex-node-001","category":"device","source":"native-ean","v1_purged":0}
{"level":"info","ts":1785239260.6923468,"logger":"discovery","caller":"ean/discovery.go:555","msg":"capability registered/updated","cap_id":"s7.write_register","agent_id":"edgex-node-001","category":"device","source":"native-ean","v1_purged":0}
{"level":"info","ts":1785239260.6923468,"logger":"discovery","caller":"ean/discovery.go:555","msg":"capability registered/updated","cap_id":"s7.scan_devices","agent_id":"edgex-node-001","category":"device","source":"native-ean","v1_purged":0}
{"level":"info","ts":1785239260.6923468,"logger":"discovery","caller":"ean/discovery.go:555","msg":"capability registered/updated","cap_id":"opc_ua.write_register","agent_id":"edgex-node-001","category":"device","source":"native-ean","v1_purged":0}
{"level":"info","ts":1785239260.6923468,"logger":"discovery","caller":"ean/discovery.go:555","msg":"capability registered/updated","cap_id":"knxnet_ip.read_holding_register","agent_id":"edgex-node-001","category":"device","source":"native-ean","v1_purged":0}
{"level":"info","ts":1785239260.6923468,"logger":"discovery","caller":"ean/discovery.go:555","msg":"capability registered/updated","cap_id":"ethernet_ip.list_points","agent_id":"edgex-node-001","category":"device","source":"native-ean","v1_purged":0}
{"level":"info","ts":1785239260.6923468,"logger":"discovery","caller":"ean/discovery.go:555","msg":"capability registered/updated","cap_id":"modbus_rtu.scan_devices","agent_id":"edgex-node-001","category":"device","source":"native-ean","v1_purged":0}
{"level":"info","ts":1785239260.6923468,"logger":"discovery","caller":"ean/discovery.go:555","msg":"capability registered/updated","cap_id":"ethernet_ip.read_holding_register","agent_id":"edgex-node-001","category":"device","source":"native-ean","v1_purged":0}
{"level":"info","ts":1785239260.6923468,"logger":"discovery","caller":"ean/discovery.go:555","msg":"capability registered/updated","cap_id":"ethernet_ip.write_register","agent_id":"edgex-node-001","category":"device","source":"native-ean","v1_purged":0}
{"level":"info","ts":1785239260.6923468,"logger":"discovery","caller":"ean/discovery.go:555","msg":"capability registered/updated","cap_id":"knxnet_ip.write_register","agent_id":"edgex-node-001","category":"device","source":"native-ean","v1_purged":0}
{"level":"info","ts":1785239260.6923468,"logger":"discovery","caller":"ean/discovery.go:555","msg":"capability registered/updated","cap_id":"snmp.write_register","agent_id":"edgex-node-001","category":"device","source":"native-ean","v1_purged":0}
{"level":"info","ts":1785239260.6923468,"logger":"discovery","caller":"ean/discovery.go:555","msg":"capability registered/updated","cap_id":"snmp.list_points","agent_id":"edgex-node-001","category":"device","source":"native-ean","v1_purged":0}
{"level":"info","ts":1785239260.6923468,"logger":"discovery","caller":"ean/discovery.go:555","msg":"capability registered/updated","cap_id":"modbus_rtu_over_tcp.write_register","agent_id":"edgex-node-001","category":"device","source":"native-ean","v1_purged":0}
{"level":"info","ts":1785239260.6923468,"logger":"discovery","caller":"ean/discovery.go:555","msg":"capability registered/updated","cap_id":"iec60870_5_104.list_points","agent_id":"edgex-node-001","category":"device","source":"native-ean","v1_purged":0}
{"level":"info","ts":1785239260.6923468,"logger":"discovery","caller":"ean/discovery.go:555","msg":"capability registered/updated","cap_id":"mitsubishi_slmp.list_points","agent_id":"edgex-node-001","category":"device","source":"native-ean","v1_purged":0}
{"level":"info","ts":1785239260.6923468,"logger":"discovery","caller":"ean/discovery.go:555","msg":"capability registered/updated","cap_id":"ai.doc_parse","agent_id":"edgex-node-001","category":"ai","source":"native-ean","v1_purged":0}
{"level":"info","ts":1785239260.6923468,"logger":"discovery","caller":"ean/discovery.go:555","msg":"capability registered/updated","cap_id":"knxnet_ip.scan_devices","agent_id":"edgex-node-001","category":"device","source":"native-ean","v1_purged":0}
{"level":"info","ts":1785239260.6923468,"logger":"discovery","caller":"ean/discovery.go:555","msg":"capability registered/updated","cap_id":"dlt645.list_points","agent_id":"edgex-node-001","category":"device","source":"native-ean","v1_purged":0}
{"level":"info","ts":1785239260.6923468,"logger":"discovery","caller":"ean/discovery.go:555","msg":"capability registered/updated","cap_id":"profinet_io.scan_devices","agent_id":"edgex-node-001","category":"device","source":"native-ean","v1_purged":0}
{"level":"info","ts":1785239260.6923468,"logger":"discovery","caller":"ean/discovery.go:555","msg":"capability registered/updated","cap_id":"modbus_tcp.read_holding_register","agent_id":"edgex-node-001","category":"device","source":"native-ean","v1_purged":0}
{"level":"info","ts":1785239260.6923468,"logger":"discovery","caller":"ean/discovery.go:555","msg":"capability registered/updated","cap_id":"ethercat.list_points","agent_id":"edgex-node-001","category":"device","source":"native-ean","v1_purged":0}
{"level":"info","ts":1785239260.6923468,"logger":"discovery","caller":"ean/discovery.go:555","msg":"capability registered/updated","cap_id":"ai.protocol_reverse","agent_id":"edgex-node-001","category":"ai","source":"native-ean","v1_purged":0}
{"level":"info","ts":1785239260.6923468,"logger":"discovery","caller":"ean/discovery.go:555","msg":"capability registered/updated","cap_id":"modbus_rtu.write_register","agent_id":"edgex-node-001","category":"device","source":"native-ean","v1_purged":0}
{"level":"info","ts":1785239260.6923468,"logger":"discovery","caller":"ean/discovery.go:555","msg":"capability registered/updated","cap_id":"modbus_rtu.list_points","agent_id":"edgex-node-001","category":"device","source":"native-ean","v1_purged":0}
{"level":"info","ts":1785239260.6923468,"logger":"discovery","caller":"ean/discovery.go:555","msg":"capability registered/updated","cap_id":"bacnet_ip.scan_devices","agent_id":"edgex-node-001","category":"device","source":"native-ean","v1_purged":0}
{"level":"info","ts":1785239260.6923468,"logger":"discovery","caller":"ean/discovery.go:555","msg":"capability registered/updated","cap_id":"opc_ua.read_holding_register","agent_id":"edgex-node-001","category":"device","source":"native-ean","v1_purged":0}
{"level":"info","ts":1785239260.6923468,"logger":"discovery","caller":"ean/discovery.go:555","msg":"capability registered/updated","cap_id":"snmp.read_holding_register","agent_id":"edgex-node-001","category":"device","source":"native-ean","v1_purged":0}
{"level":"info","ts":1785239260.6923468,"logger":"discovery","caller":"ean/discovery.go:236","msg":"discovery response capabilities indexed","count":63,"transport":"mqtt"}
{"level":"info","ts":1785239311.6669686,"logger":"discovery","caller":"ean/discovery.go:555","msg":"capability registered/updated","cap_id":"modbus_rtu_over_tcp.read_holding_register","agent_id":"edgex-node-001","category":"device","source":"native-ean","v1_purged":0}
{"level":"info","ts":1785239311.6669686,"logger":"discovery","caller":"ean/discovery.go:555","msg":"capability registered/updated","cap_id":"knxnet_ip.list_points","agent_id":"edgex-node-001","category":"device","source":"native-ean","v1_purged":0}
{"level":"info","ts":1785239311.6669686,"logger":"discovery","caller":"ean/discovery.go:555","msg":"capability registered/updated","cap_id":"modbus_tcp.write_register","agent_id":"edgex-node-001","category":"device","source":"native-ean","v1_purged":0}
{"level":"info","ts":1785239311.6669686,"logger":"discovery","caller":"ean/discovery.go:555","msg":"capability registered/updated","cap_id":"omron_fins.read_holding_register","agent_id":"edgex-node-001","category":"device","source":"native-ean","v1_purged":0}
{"level":"info","ts":1785239311.6669686,"logger":"discovery","caller":"ean/discovery.go:555","msg":"capability registered/updated","cap_id":"dlt645.write_register","agent_id":"edgex-node-001","category":"device","source":"native-ean","v1_purged":0}
{"level":"info","ts":1785239311.6669686,"logger":"discovery","caller":"ean/discovery.go:555","msg":"capability registered/updated","cap_id":"mitsubishi_slmp.read_holding_register","agent_id":"edgex-node-001","category":"device","source":"native-ean","v1_purged":0}
{"level":"info","ts":1785239311.6669686,"logger":"discovery","caller":"ean/discovery.go:555","msg":"capability registered/updated","cap_id":"iec60870_5_104.write_register","agent_id":"edgex-node-001","category":"device","source":"native-ean","v1_purged":0}
{"level":"info","ts":1785239311.6669686,"logger":"discovery","caller":"ean/discovery.go:555","msg":"capability registered/updated","cap_id":"ethercat.write_register","agent_id":"edgex-node-001","category":"device","source":"native-ean","v1_purged":0}
{"level":"info","ts":1785239311.6669686,"logger":"discovery","caller":"ean/discovery.go:555","msg":"capability registered/updated","cap_id":"modbus_rtu_over_tcp.scan_devices","agent_id":"edgex-node-001","category":"device","source":"native-ean","v1_purged":0}
{"level":"info","ts":1785239311.6669686,"logger":"discovery","caller":"ean/discovery.go:555","msg":"capability registered/updated","cap_id":"s7.list_points","agent_id":"edgex-node-001","category":"device","source":"native-ean","v1_purged":0}
{"level":"info","ts":1785239311.6669686,"logger":"discovery","caller":"ean/discovery.go:555","msg":"capability registered/updated","cap_id":"mitsubishi_slmp.write_register","agent_id":"edgex-node-001","category":"device","source":"native-ean","v1_purged":0}
{"level":"info","ts":1785239311.6669686,"logger":"discovery","caller":"ean/discovery.go:555","msg":"capability registered/updated","cap_id":"profinet_io.write_register","agent_id":"edgex-node-001","category":"device","source":"native-ean","v1_purged":0}
{"level":"info","ts":1785239311.6669686,"logger":"discovery","caller":"ean/discovery.go:555","msg":"capability registered/updated","cap_id":"mitsubishi_slmp.scan_devices","agent_id":"edgex-node-001","category":"device","source":"native-ean","v1_purged":0}
{"level":"info","ts":1785239311.6669686,"logger":"discovery","caller":"ean/discovery.go:555","msg":"capability registered/updated","cap_id":"bacnet_ip.write_register","agent_id":"edgex-node-001","category":"device","source":"native-ean","v1_purged":0}
{"level":"info","ts":1785239311.6669686,"logger":"discovery","caller":"ean/discovery.go:555","msg":"capability registered/updated","cap_id":"s7.write_register","agent_id":"edgex-node-001","category":"device","source":"native-ean","v1_purged":0}
{"level":"info","ts":1785239311.6669686,"logger":"discovery","caller":"ean/discovery.go:555","msg":"capability registered/updated","cap_id":"s7.scan_devices","agent_id":"edgex-node-001","category":"device","source":"native-ean","v1_purged":0}
{"level":"info","ts":1785239311.6669686,"logger":"discovery","caller":"ean/discovery.go:555","msg":"capability registered/updated","cap_id":"opc_ua.write_register","agent_id":"edgex-node-001","category":"device","source":"native-ean","v1_purged":0}
{"level":"info","ts":1785239311.6669686,"logger":"discovery","caller":"ean/discovery.go:555","msg":"capability registered/updated","cap_id":"knxnet_ip.read_holding_register","agent_id":"edgex-node-001","category":"device","source":"native-ean","v1_purged":0}
{"level":"info","ts":1785239311.6669686,"logger":"discovery","caller":"ean/discovery.go:555","msg":"capability registered/updated","cap_id":"ethernet_ip.list_points","agent_id":"edgex-node-001","category":"device","source":"native-ean","v1_purged":0}
{"level":"info","ts":1785239311.6669686,"logger":"discovery","caller":"ean/discovery.go:555","msg":"capability registered/updated","cap_id":"modbus_rtu.scan_devices","agent_id":"edgex-node-001","category":"device","source":"native-ean","v1_purged":0}
{"level":"info","ts":1785239311.6669686,"logger":"discovery","caller":"ean/discovery.go:555","msg":"capability registered/updated","cap_id":"ethernet_ip.read_holding_register","agent_id":"edgex-node-001","category":"device","source":"native-ean","v1_purged":0}
{"level":"info","ts":1785239311.6669686,"logger":"discovery","caller":"ean/discovery.go:555","msg":"capability registered/updated","cap_id":"ethernet_ip.write_register","agent_id":"edgex-node-001","category":"device","source":"native-ean","v1_purged":0}
{"level":"info","ts":1785239311.6669686,"logger":"discovery","caller":"ean/discovery.go:555","msg":"capability registered/updated","cap_id":"knxnet_ip.write_register","agent_id":"edgex-node-001","category":"device","source":"native-ean","v1_purged":0}
{"level":"info","ts":1785239311.6669686,"logger":"discovery","caller":"ean/discovery.go:555","msg":"capability registered/updated","cap_id":"snmp.write_register","agent_id":"edgex-node-001","category":"device","source":"native-ean","v1_purged":0}
{"level":"info","ts":1785239311.6669686,"logger":"discovery","caller":"ean/discovery.go:555","msg":"capability registered/updated","cap_id":"snmp.list_points","agent_id":"edgex-node-001","category":"device","source":"native-ean","v1_purged":0}
{"level":"info","ts":1785239311.6669686,"logger":"discovery","caller":"ean/discovery.go:555","msg":"capability registered/updated","cap_id":"modbus_rtu_over_tcp.write_register","agent_id":"edgex-node-001","category":"device","source":"native-ean","v1_purged":0}
{"level":"info","ts":1785239311.6669686,"logger":"discovery","caller":"ean/discovery.go:555","msg":"capability registered/updated","cap_id":"iec60870_5_104.list_points","agent_id":"edgex-node-001","category":"device","source":"native-ean","v1_purged":0}
{"level":"info","ts":1785239311.6669686,"logger":"discovery","caller":"ean/discovery.go:555","msg":"capability registered/updated","cap_id":"mitsubishi_slmp.list_points","agent_id":"edgex-node-001","category":"device","source":"native-ean","v1_purged":0}
{"level":"info","ts":1785239311.6669686,"logger":"discovery","caller":"ean/discovery.go:555","msg":"capability registered/updated","cap_id":"ai.doc_parse","agent_id":"edgex-node-001","category":"ai","source":"native-ean","v1_purged":0}
{"level":"info","ts":1785239311.6669686,"logger":"discovery","caller":"ean/discovery.go:555","msg":"capability registered/updated","cap_id":"knxnet_ip.scan_devices","agent_id":"edgex-node-001","category":"device","source":"native-ean","v1_purged":0}
{"level":"info","ts":1785239311.6669686,"logger":"discovery","caller":"ean/discovery.go:555","msg":"capability registered/updated","cap_id":"dlt645.list_points","agent_id":"edgex-node-001","category":"device","source":"native-ean","v1_purged":0}
{"level":"info","ts":1785239311.6669686,"logger":"discovery","caller":"ean/discovery.go:555","msg":"capability registered/updated","cap_id":"profinet_io.scan_devices","agent_id":"edgex-node-001","category":"device","source":"native-ean","v1_purged":0}
{"level":"info","ts":1785239311.6669686,"logger":"discovery","caller":"ean/discovery.go:555","msg":"capability registered/updated","cap_id":"modbus_tcp.read_holding_register","agent_id":"edgex-node-001","category":"device","source":"native-ean","v1_purged":0}
{"level":"info","ts":1785239311.6669686,"logger":"discovery","caller":"ean/discovery.go:555","msg":"capability registered/updated","cap_id":"ethercat.list_points","agent_id":"edgex-node-001","category":"device","source":"native-ean","v1_purged":0}
{"level":"info","ts":1785239311.6669686,"logger":"discovery","caller":"ean/discovery.go:555","msg":"capability registered/updated","cap_id":"ai.protocol_reverse","agent_id":"edgex-node-001","category":"ai","source":"native-ean","v1_purged":0}
{"level":"info","ts":1785239311.66749,"logger":"discovery","caller":"ean/discovery.go:555","msg":"capability registered/updated","cap_id":"modbus_rtu.write_register","agent_id":"edgex-node-001","category":"device","source":"native-ean","v1_purged":0}
{"level":"info","ts":1785239311.66749,"logger":"discovery","caller":"ean/discovery.go:555","msg":"capability registered/updated","cap_id":"modbus_rtu.list_points","agent_id":"edgex-node-001","category":"device","source":"native-ean","v1_purged":0}
{"level":"info","ts":1785239311.66749,"logger":"discovery","caller":"ean/discovery.go:555","msg":"capability registered/updated","cap_id":"bacnet_ip.scan_devices","agent_id":"edgex-node-001","category":"device","source":"native-ean","v1_purged":0}
{"level":"info","ts":1785239311.66749,"logger":"discovery","caller":"ean/discovery.go:555","msg":"capability registered/updated","cap_id":"opc_ua.read_holding_register","agent_id":"edgex-node-001","category":"device","source":"native-ean","v1_purged":0}
{"level":"info","ts":1785239311.66749,"logger":"discovery","caller":"ean/discovery.go:555","msg":"capability registered/updated","cap_id":"snmp.read_holding_register","agent_id":"edgex-node-001","category":"device","source":"native-ean","v1_purged":0}
{"level":"info","ts":1785239311.66749,"logger":"discovery","caller":"ean/discovery.go:555","msg":"capability registered/updated","cap_id":"profinet_io.read_holding_register","agent_id":"edgex-node-001","category":"device","source":"native-ean","v1_purged":0}
{"level":"info","ts":1785239311.66749,"logger":"discovery","caller":"ean/discovery.go:555","msg":"capability registered/updated","cap_id":"bacnet_ip.read_holding_register","agent_id":"edgex-node-001","category":"device","source":"native-ean","v1_purged":0}
{"level":"info","ts":1785239311.66749,"logger":"discovery","caller":"ean/discovery.go:555","msg":"capability registered/updated","cap_id":"omron_fins.scan_devices","agent_id":"edgex-node-001","category":"device","source":"native-ean","v1_purged":0}
{"level":"info","ts":1785239311.66749,"logger":"discovery","caller":"ean/discovery.go:555","msg":"capability registered/updated","cap_id":"snmp.scan_devices","agent_id":"edgex-node-001","category":"device","source":"native-ean","v1_purged":0}
{"level":"info","ts":1785239311.66749,"logger":"discovery","caller":"ean/discovery.go:555","msg":"capability registered/updated","cap_id":"system.diagnostics","agent_id":"edgex-node-001","category":"system","source":"native-ean","v1_purged":0}
{"level":"info","ts":1785239311.66749,"logger":"discovery","caller":"ean/discovery.go:555","msg":"capability registered/updated","cap_id":"modbus_tcp.scan_devices","agent_id":"edgex-node-001","category":"device","source":"native-ean","v1_purged":0}
{"level":"info","ts":1785239311.66749,"logger":"discovery","caller":"ean/discovery.go:555","msg":"capability registered/updated","cap_id":"bacnet_ip.list_points","agent_id":"edgex-node-001","category":"device","source":"native-ean","v1_purged":0}
{"level":"info","ts":1785239311.66749,"logger":"discovery","caller":"ean/discovery.go:555","msg":"capability registered/updated","cap_id":"iec60870_5_104.read_holding_register","agent_id":"edgex-node-001","category":"device","source":"native-ean","v1_purged":0}
{"level":"info","ts":1785239311.66749,"logger":"discovery","caller":"ean/discovery.go:555","msg":"capability registered/updated","cap_id":"iec60870_5_104.scan_devices","agent_id":"edgex-node-001","category":"device","source":"native-ean","v1_purged":0}
{"level":"info","ts":1785239311.66749,"logger":"discovery","caller":"ean/discovery.go:555","msg":"capability registered/updated","cap_id":"ethercat.scan_devices","agent_id":"edgex-node-001","category":"device","source":"native-ean","v1_purged":0}
{"level":"info","ts":1785239311.66749,"logger":"discovery","caller":"ean/discovery.go:555","msg":"capability registered/updated","cap_id":"dlt645.scan_devices","agent_id":"edgex-node-001","category":"device","source":"native-ean","v1_purged":0}
{"level":"info","ts":1785239311.66749,"logger":"discovery","caller":"ean/discovery.go:555","msg":"capability registered/updated","cap_id":"modbus_rtu.read_holding_register","agent_id":"edgex-node-001","category":"device","source":"native-ean","v1_purged":0}
{"level":"info","ts":1785239311.66749,"logger":"discovery","caller":"ean/discovery.go:555","msg":"capability registered/updated","cap_id":"modbus_rtu_over_tcp.list_points","agent_id":"edgex-node-001","category":"device","source":"native-ean","v1_purged":0}
{"level":"info","ts":1785239311.66749,"logger":"discovery","caller":"ean/discovery.go:555","msg":"capability registered/updated","cap_id":"opc_ua.scan_devices","agent_id":"edgex-node-001","category":"device","source":"native-ean","v1_purged":0}
{"level":"info","ts":1785239311.66749,"logger":"discovery","caller":"ean/discovery.go:555","msg":"capability registered/updated","cap_id":"opc_ua.list_points","agent_id":"edgex-node-001","category":"device","source":"native-ean","v1_purged":0}
{"level":"info","ts":1785239311.66749,"logger":"discovery","caller":"ean/discovery.go:555","msg":"capability registered/updated","cap_id":"s7.read_holding_register","agent_id":"edgex-node-001","category":"device","source":"native-ean","v1_purged":0}
{"level":"info","ts":1785239311.66749,"logger":"discovery","caller":"ean/discovery.go:555","msg":"capability registered/updated","cap_id":"omron_fins.list_points","agent_id":"edgex-node-001","category":"device","source":"native-ean","v1_purged":0}
{"level":"info","ts":1785239311.66749,"logger":"discovery","caller":"ean/discovery.go:555","msg":"capability registered/updated","cap_id":"dlt645.read_holding_register","agent_id":"edgex-node-001","category":"device","source":"native-ean","v1_purged":0}
{"level":"info","ts":1785239311.66749,"logger":"discovery","caller":"ean/discovery.go:555","msg":"capability registered/updated","cap_id":"profinet_io.list_points","agent_id":"edgex-node-001","category":"device","source":"native-ean","v1_purged":0}
{"level":"info","ts":1785239311.66749,"logger":"discovery","caller":"ean/discovery.go:555","msg":"capability registered/updated","cap_id":"ethercat.read_holding_register","agent_id":"edgex-node-001","category":"device","source":"native-ean","v1_purged":0}
{"level":"info","ts":1785239311.66749,"logger":"discovery","caller":"ean/discovery.go:555","msg":"capability registered/updated","cap_id":"modbus_tcp.list_points","agent_id":"edgex-node-001","category":"device","source":"native-ean","v1_purged":0}
{"level":"info","ts":1785239311.66749,"logger":"discovery","caller":"ean/discovery.go:555","msg":"capability registered/updated","cap_id":"ethernet_ip.scan_devices","agent_id":"edgex-node-001","category":"device","source":"native-ean","v1_purged":0}
{"level":"info","ts":1785239311.66749,"logger":"discovery","caller":"ean/discovery.go:555","msg":"capability registered/updated","cap_id":"omron_fins.write_register","agent_id":"edgex-node-001","category":"device","source":"native-ean","v1_purged":0}
{"level":"warn","ts":1785239313.6802547,"logger":"heartbeat","caller":"ean/heartbeat.go:151","msg":"heartbeat sequence regression detected","agent_id":"edgex-node-001","old_seq":38,"new_seq":0}
{"level":"info","ts":1785239371.6641476,"logger":"discovery","caller":"ean/discovery.go:555","msg":"capability registered/updated","cap_id":"modbus_rtu_over_tcp.scan_devices","agent_id":"edgex-node-001","category":"device","source":"native-ean","v1_purged":0}
{"level":"info","ts":1785239371.6641476,"logger":"discovery","caller":"ean/discovery.go:555","msg":"capability registered/updated","cap_id":"s7.list_points","agent_id":"edgex-node-001","category":"device","source":"native-ean","v1_purged":0}
{"level":"info","ts":1785239371.6641476,"logger":"discovery","caller":"ean/discovery.go:555","msg":"capability registered/updated","cap_id":"mitsubishi_slmp.write_register","agent_id":"edgex-node-001","category":"device","source":"native-ean","v1_purged":0}
{"level":"info","ts":1785239371.6641476,"logger":"discovery","caller":"ean/discovery.go:555","msg":"capability registered/updated","cap_id":"profinet_io.write_register","agent_id":"edgex-node-001","category":"device","source":"native-ean","v1_purged":0}
{"level":"info","ts":1785239371.6641476,"logger":"discovery","caller":"ean/discovery.go:555","msg":"capability registered/updated","cap_id":"mitsubishi_slmp.scan_devices","agent_id":"edgex-node-001","category":"device","source":"native-ean","v1_purged":0}
{"level":"info","ts":1785239371.6641476,"logger":"discovery","caller":"ean/discovery.go:555","msg":"capability registered/updated","cap_id":"bacnet_ip.write_register","agent_id":"edgex-node-001","category":"device","source":"native-ean","v1_purged":0}
{"level":"info","ts":1785239371.6641476,"logger":"discovery","caller":"ean/discovery.go:555","msg":"capability registered/updated","cap_id":"s7.write_register","agent_id":"edgex-node-001","category":"device","source":"native-ean","v1_purged":0}
{"level":"info","ts":1785239371.6641476,"logger":"discovery","caller":"ean/discovery.go:555","msg":"capability registered/updated","cap_id":"s7.scan_devices","agent_id":"edgex-node-001","category":"device","source":"native-ean","v1_purged":0}
{"level":"info","ts":1785239371.6641476,"logger":"discovery","caller":"ean/discovery.go:555","msg":"capability registered/updated","cap_id":"opc_ua.write_register","agent_id":"edgex-node-001","category":"device","source":"native-ean","v1_purged":0}
{"level":"info","ts":1785239371.6641476,"logger":"discovery","caller":"ean/discovery.go:555","msg":"capability registered/updated","cap_id":"knxnet_ip.read_holding_register","agent_id":"edgex-node-001","category":"device","source":"native-ean","v1_purged":0}
{"level":"info","ts":1785239371.6641476,"logger":"discovery","caller":"ean/discovery.go:555","msg":"capability registered/updated","cap_id":"ethernet_ip.list_points","agent_id":"edgex-node-001","category":"device","source":"native-ean","v1_purged":0}
{"level":"info","ts":1785239371.6641476,"logger":"discovery","caller":"ean/discovery.go:555","msg":"capability registered/updated","cap_id":"modbus_rtu.scan_devices","agent_id":"edgex-node-001","category":"device","source":"native-ean","v1_purged":0}
{"level":"info","ts":1785239371.6641476,"logger":"discovery","caller":"ean/discovery.go:555","msg":"capability registered/updated","cap_id":"ethernet_ip.read_holding_register","agent_id":"edgex-node-001","category":"device","source":"native-ean","v1_purged":0}
{"level":"info","ts":1785239371.6641476,"logger":"discovery","caller":"ean/discovery.go:555","msg":"capability registered/updated","cap_id":"ethernet_ip.write_register","agent_id":"edgex-node-001","category":"device","source":"native-ean","v1_purged":0}
{"level":"info","ts":1785239371.6641476,"logger":"discovery","caller":"ean/discovery.go:555","msg":"capability registered/updated","cap_id":"knxnet_ip.write_register","agent_id":"edgex-node-001","category":"device","source":"native-ean","v1_purged":0}
{"level":"info","ts":1785239371.6641476,"logger":"discovery","caller":"ean/discovery.go:555","msg":"capability registered/updated","cap_id":"snmp.write_register","agent_id":"edgex-node-001","category":"device","source":"native-ean","v1_purged":0}
{"level":"info","ts":1785239371.6641476,"logger":"discovery","caller":"ean/discovery.go:555","msg":"capability registered/updated","cap_id":"snmp.list_points","agent_id":"edgex-node-001","category":"device","source":"native-ean","v1_purged":0}
{"level":"info","ts":1785239371.6641476,"logger":"discovery","caller":"ean/discovery.go:555","msg":"capability registered/updated","cap_id":"modbus_rtu_over_tcp.write_register","agent_id":"edgex-node-001","category":"device","source":"native-ean","v1_purged":0}
{"level":"info","ts":1785239371.6646807,"logger":"discovery","caller":"ean/discovery.go:555","msg":"capability registered/updated","cap_id":"iec60870_5_104.list_points","agent_id":"edgex-node-001","category":"device","source":"native-ean","v1_purged":0}
{"level":"info","ts":1785239371.6646807,"logger":"discovery","caller":"ean/discovery.go:555","msg":"capability registered/updated","cap_id":"mitsubishi_slmp.list_points","agent_id":"edgex-node-001","category":"device","source":"native-ean","v1_purged":0}
{"level":"info","ts":1785239371.6646807,"logger":"discovery","caller":"ean/discovery.go:555","msg":"capability registered/updated","cap_id":"ai.doc_parse","agent_id":"edgex-node-001","category":"ai","source":"native-ean","v1_purged":0}
{"level":"info","ts":1785239371.6646807,"logger":"discovery","caller":"ean/discovery.go:555","msg":"capability registered/updated","cap_id":"knxnet_ip.scan_devices","agent_id":"edgex-node-001","category":"device","source":"native-ean","v1_purged":0}
{"level":"info","ts":1785239371.6646807,"logger":"discovery","caller":"ean/discovery.go:555","msg":"capability registered/updated","cap_id":"dlt645.list_points","agent_id":"edgex-node-001","category":"device","source":"native-ean","v1_purged":0}
{"level":"info","ts":1785239371.6646807,"logger":"discovery","caller":"ean/discovery.go:555","msg":"capability registered/updated","cap_id":"profinet_io.scan_devices","agent_id":"edgex-node-001","category":"device","source":"native-ean","v1_purged":0}
{"level":"info","ts":1785239371.6646807,"logger":"discovery","caller":"ean/discovery.go:555","msg":"capability registered/updated","cap_id":"modbus_tcp.read_holding_register","agent_id":"edgex-node-001","category":"device","source":"native-ean","v1_purged":0}
{"level":"info","ts":1785239371.6646807,"logger":"discovery","caller":"ean/discovery.go:555","msg":"capability registered/updated","cap_id":"ethercat.list_points","agent_id":"edgex-node-001","category":"device","source":"native-ean","v1_purged":0}
{"level":"info","ts":1785239371.6646807,"logger":"discovery","caller":"ean/discovery.go:555","msg":"capability registered/updated","cap_id":"ai.protocol_reverse","agent_id":"edgex-node-001","category":"ai","source":"native-ean","v1_purged":0}
{"level":"info","ts":1785239371.6646807,"logger":"discovery","caller":"ean/discovery.go:555","msg":"capability registered/updated","cap_id":"modbus_rtu.write_register","agent_id":"edgex-node-001","category":"device","source":"native-ean","v1_purged":0}
{"level":"info","ts":1785239371.6646807,"logger":"discovery","caller":"ean/discovery.go:555","msg":"capability registered/updated","cap_id":"modbus_rtu.list_points","agent_id":"edgex-node-001","category":"device","source":"native-ean","v1_purged":0}
{"level":"info","ts":1785239371.6646807,"logger":"discovery","caller":"ean/discovery.go:555","msg":"capability registered/updated","cap_id":"bacnet_ip.scan_devices","agent_id":"edgex-node-001","category":"device","source":"native-ean","v1_purged":0}
{"level":"info","ts":1785239371.6646807,"logger":"discovery","caller":"ean/discovery.go:555","msg":"capability registered/updated","cap_id":"opc_ua.read_holding_register","agent_id":"edgex-node-001","category":"device","source":"native-ean","v1_purged":0}
{"level":"info","ts":1785239371.6646807,"logger":"discovery","caller":"ean/discovery.go:555","msg":"capability registered/updated","cap_id":"snmp.read_holding_register","agent_id":"edgex-node-001","category":"device","source":"native-ean","v1_purged":0}
{"level":"info","ts":1785239371.6646807,"logger":"discovery","caller":"ean/discovery.go:555","msg":"capability registered/updated","cap_id":"profinet_io.read_holding_register","agent_id":"edgex-node-001","category":"device","source":"native-ean","v1_purged":0}
{"level":"info","ts":1785239371.6646807,"logger":"discovery","caller":"ean/discovery.go:555","msg":"capability registered/updated","cap_id":"bacnet_ip.read_holding_register","agent_id":"edgex-node-001","category":"device","source":"native-ean","v1_purged":0}
{"level":"info","ts":1785239371.6646807,"logger":"discovery","caller":"ean/discovery.go:555","msg":"capability registered/updated","cap_id":"omron_fins.scan_devices","agent_id":"edgex-node-001","category":"device","source":"native-ean","v1_purged":0}
{"level":"info","ts":1785239371.6646807,"logger":"discovery","caller":"ean/discovery.go:555","msg":"capability registered/updated","cap_id":"snmp.scan_devices","agent_id":"edgex-node-001","category":"device","source":"native-ean","v1_purged":0}
{"level":"info","ts":1785239371.6646807,"logger":"discovery","caller":"ean/discovery.go:555","msg":"capability registered/updated","cap_id":"system.diagnostics","agent_id":"edgex-node-001","category":"system","source":"native-ean","v1_purged":0}
{"level":"info","ts":1785239371.6646807,"logger":"discovery","caller":"ean/discovery.go:555","msg":"capability registered/updated","cap_id":"modbus_tcp.scan_devices","agent_id":"edgex-node-001","category":"device","source":"native-ean","v1_purged":0}
{"level":"info","ts":1785239371.6646807,"logger":"discovery","caller":"ean/discovery.go:555","msg":"capability registered/updated","cap_id":"bacnet_ip.list_points","agent_id":"edgex-node-001","category":"device","source":"native-ean","v1_purged":0}
{"level":"info","ts":1785239371.6646807,"logger":"discovery","caller":"ean/discovery.go:555","msg":"capability registered/updated","cap_id":"iec60870_5_104.read_holding_register","agent_id":"edgex-node-001","category":"device","source":"native-ean","v1_purged":0}
{"level":"info","ts":1785239371.6646807,"logger":"discovery","caller":"ean/discovery.go:555","msg":"capability registered/updated","cap_id":"iec60870_5_104.scan_devices","agent_id":"edgex-node-001","category":"device","source":"native-ean","v1_purged":0}
{"level":"info","ts":1785239371.6646807,"logger":"discovery","caller":"ean/discovery.go:555","msg":"capability registered/updated","cap_id":"ethercat.scan_devices","agent_id":"edgex-node-001","category":"device","source":"native-ean","v1_purged":0}
{"level":"info","ts":1785239371.6646807,"logger":"discovery","caller":"ean/discovery.go:555","msg":"capability registered/updated","cap_id":"dlt645.scan_devices","agent_id":"edgex-node-001","category":"device","source":"native-ean","v1_purged":0}
{"level":"info","ts":1785239371.6646807,"logger":"discovery","caller":"ean/discovery.go:555","msg":"capability registered/updated","cap_id":"modbus_rtu.read_holding_register","agent_id":"edgex-node-001","category":"device","source":"native-ean","v1_purged":0}
{"level":"info","ts":1785239371.6646807,"logger":"discovery","caller":"ean/discovery.go:555","msg":"capability registered/updated","cap_id":"modbus_rtu_over_tcp.list_points","agent_id":"edgex-node-001","category":"device","source":"native-ean","v1_purged":0}
{"level":"info","ts":1785239371.6646807,"logger":"discovery","caller":"ean/discovery.go:555","msg":"capability registered/updated","cap_id":"opc_ua.scan_devices","agent_id":"edgex-node-001","category":"device","source":"native-ean","v1_purged":0}
{"level":"info","ts":1785239371.6646807,"logger":"discovery","caller":"ean/discovery.go:555","msg":"capability registered/updated","cap_id":"opc_ua.list_points","agent_id":"edgex-node-001","category":"device","source":"native-ean","v1_purged":0}
{"level":"info","ts":1785239371.6646807,"logger":"discovery","caller":"ean/discovery.go:555","msg":"capability registered/updated","cap_id":"s7.read_holding_register","agent_id":"edgex-node-001","category":"device","source":"native-ean","v1_purged":0}
{"level":"info","ts":1785239371.6646807,"logger":"discovery","caller":"ean/discovery.go:555","msg":"capability registered/updated","cap_id":"omron_fins.list_points","agent_id":"edgex-node-001","category":"device","source":"native-ean","v1_purged":0}
{"level":"info","ts":1785239371.6646807,"logger":"discovery","caller":"ean/discovery.go:555","msg":"capability registered/updated","cap_id":"dlt645.read_holding_register","agent_id":"edgex-node-001","category":"device","source":"native-ean","v1_purged":0}
{"level":"info","ts":1785239371.6646807,"logger":"discovery","caller":"ean/discovery.go:555","msg":"capability registered/updated","cap_id":"profinet_io.list_points","agent_id":"edgex-node-001","category":"device","source":"native-ean","v1_purged":0}
{"level":"info","ts":1785239371.6646807,"logger":"discovery","caller":"ean/discovery.go:555","msg":"capability registered/updated","cap_id":"ethercat.read_holding_register","agent_id":"edgex-node-001","category":"device","source":"native-ean","v1_purged":0}
{"level":"info","ts":1785239371.6646807,"logger":"discovery","caller":"ean/discovery.go:555","msg":"capability registered/updated","cap_id":"modbus_tcp.list_points","agent_id":"edgex-node-001","category":"device","source":"native-ean","v1_purged":0}
{"level":"info","ts":1785239371.6646807,"logger":"discovery","caller":"ean/discovery.go:555","msg":"capability registered/updated","cap_id":"ethernet_ip.scan_devices","agent_id":"edgex-node-001","category":"device","source":"native-ean","v1_purged":0}
{"level":"info","ts":1785239371.6646807,"logger":"discovery","caller":"ean/discovery.go:555","msg":"capability registered/updated","cap_id":"omron_fins.write_register","agent_id":"edgex-node-001","category":"device","source":"native-ean","v1_purged":0}
{"level":"info","ts":1785239371.6646807,"logger":"discovery","caller":"ean/discovery.go:555","msg":"capability registered/updated","cap_id":"modbus_rtu_over_tcp.read_holding_register","agent_id":"edgex-node-001","category":"device","source":"native-ean","v1_purged":0}
{"level":"info","ts":1785239371.6646807,"logger":"discovery","caller":"ean/discovery.go:555","msg":"capability registered/updated","cap_id":"knxnet_ip.list_points","agent_id":"edgex-node-001","category":"device","source":"native-ean","v1_purged":0}
{"level":"info","ts":1785239371.6646807,"logger":"discovery","caller":"ean/discovery.go:555","msg":"capability registered/updated","cap_id":"modbus_tcp.write_register","agent_id":"edgex-node-001","category":"device","source":"native-ean","v1_purged":0}
{"level":"info","ts":1785239371.6646807,"logger":"discovery","caller":"ean/discovery.go:555","msg":"capability registered/updated","cap_id":"omron_fins.read_holding_register","agent_id":"edgex-node-001","category":"device","source":"native-ean","v1_purged":0}
{"level":"info","ts":1785239371.6646807,"logger":"discovery","caller":"ean/discovery.go:555","msg":"capability registered/updated","cap_id":"dlt645.write_register","agent_id":"edgex-node-001","category":"device","source":"native-ean","v1_purged":0}
{"level":"info","ts":1785239371.6646807,"logger":"discovery","caller":"ean/discovery.go:555","msg":"capability registered/updated","cap_id":"mitsubishi_slmp.read_holding_register","agent_id":"edgex-node-001","category":"device","source":"native-ean","v1_purged":0}
{"level":"info","ts":1785239371.6646807,"logger":"discovery","caller":"ean/discovery.go:555","msg":"capability registered/updated","cap_id":"iec60870_5_104.write_register","agent_id":"edgex-node-001","category":"device","source":"native-ean","v1_purged":0}
{"level":"info","ts":1785239371.6646807,"logger":"discovery","caller":"ean/discovery.go:555","msg":"capability registered/updated","cap_id":"ethercat.write_register","agent_id":"edgex-node-001","category":"device","source":"native-ean","v1_purged":0}
{"level":"warn","ts":1785239373.6799233,"logger":"heartbeat","caller":"ean/heartbeat.go:151","msg":"heartbeat sequence regression detected","agent_id":"edgex-node-001","old_seq":39,"new_seq":0}
{"level":"info","ts":1785239431.66405,"logger":"discovery","caller":"ean/discovery.go:555","msg":"capability registered/updated","cap_id":"ethernet_ip.read_holding_register","agent_id":"edgex-node-001","category":"device","source":"native-ean","v1_purged":0}
{"level":"info","ts":1785239431.66405,"logger":"discovery","caller":"ean/discovery.go:555","msg":"capability registered/updated","cap_id":"ethernet_ip.write_register","agent_id":"edgex-node-001","category":"device","source":"native-ean","v1_purged":0}
{"level":"info","ts":1785239431.66405,"logger":"discovery","caller":"ean/discovery.go:555","msg":"capability registered/updated","cap_id":"knxnet_ip.write_register","agent_id":"edgex-node-001","category":"device","source":"native-ean","v1_purged":0}
{"level":"info","ts":1785239431.66405,"logger":"discovery","caller":"ean/discovery.go:555","msg":"capability registered/updated","cap_id":"snmp.write_register","agent_id":"edgex-node-001","category":"device","source":"native-ean","v1_purged":0}
{"level":"info","ts":1785239431.66405,"logger":"discovery","caller":"ean/discovery.go:555","msg":"capability registered/updated","cap_id":"snmp.list_points","agent_id":"edgex-node-001","category":"device","source":"native-ean","v1_purged":0}
{"level":"info","ts":1785239431.66405,"logger":"discovery","caller":"ean/discovery.go:555","msg":"capability registered/updated","cap_id":"modbus_rtu_over_tcp.write_register","agent_id":"edgex-node-001","category":"device","source":"native-ean","v1_purged":0}
{"level":"info","ts":1785239431.66405,"logger":"discovery","caller":"ean/discovery.go:555","msg":"capability registered/updated","cap_id":"iec60870_5_104.list_points","agent_id":"edgex-node-001","category":"device","source":"native-ean","v1_purged":0}
{"level":"info","ts":1785239431.66405,"logger":"discovery","caller":"ean/discovery.go:555","msg":"capability registered/updated","cap_id":"mitsubishi_slmp.list_points","agent_id":"edgex-node-001","category":"device","source":"native-ean","v1_purged":0}
{"level":"info","ts":1785239431.66405,"logger":"discovery","caller":"ean/discovery.go:555","msg":"capability registered/updated","cap_id":"ai.doc_parse","agent_id":"edgex-node-001","category":"ai","source":"native-ean","v1_purged":0}
{"level":"info","ts":1785239431.66405,"logger":"discovery","caller":"ean/discovery.go:555","msg":"capability registered/updated","cap_id":"knxnet_ip.scan_devices","agent_id":"edgex-node-001","category":"device","source":"native-ean","v1_purged":0}
{"level":"info","ts":1785239431.66405,"logger":"discovery","caller":"ean/discovery.go:555","msg":"capability registered/updated","cap_id":"dlt645.list_points","agent_id":"edgex-node-001","category":"device","source":"native-ean","v1_purged":0}
{"level":"info","ts":1785239431.66405,"logger":"discovery","caller":"ean/discovery.go:555","msg":"capability registered/updated","cap_id":"profinet_io.scan_devices","agent_id":"edgex-node-001","category":"device","source":"native-ean","v1_purged":0}
{"level":"info","ts":1785239431.66405,"logger":"discovery","caller":"ean/discovery.go:555","msg":"capability registered/updated","cap_id":"modbus_tcp.read_holding_register","agent_id":"edgex-node-001","category":"device","source":"native-ean","v1_purged":0}
{"level":"info","ts":1785239431.66405,"logger":"discovery","caller":"ean/discovery.go:555","msg":"capability registered/updated","cap_id":"ethercat.list_points","agent_id":"edgex-node-001","category":"device","source":"native-ean","v1_purged":0}
{"level":"info","ts":1785239431.66405,"logger":"discovery","caller":"ean/discovery.go:555","msg":"capability registered/updated","cap_id":"ai.protocol_reverse","agent_id":"edgex-node-001","category":"ai","source":"native-ean","v1_purged":0}
{"level":"info","ts":1785239431.66405,"logger":"discovery","caller":"ean/discovery.go:555","msg":"capability registered/updated","cap_id":"modbus_rtu.write_register","agent_id":"edgex-node-001","category":"device","source":"native-ean","v1_purged":0}
{"level":"info","ts":1785239431.66405,"logger":"discovery","caller":"ean/discovery.go:555","msg":"capability registered/updated","cap_id":"modbus_rtu.list_points","agent_id":"edgex-node-001","category":"device","source":"native-ean","v1_purged":0}
{"level":"info","ts":1785239431.66405,"logger":"discovery","caller":"ean/discovery.go:555","msg":"capability registered/updated","cap_id":"bacnet_ip.scan_devices","agent_id":"edgex-node-001","category":"device","source":"native-ean","v1_purged":0}
{"level":"info","ts":1785239431.66405,"logger":"discovery","caller":"ean/discovery.go:555","msg":"capability registered/updated","cap_id":"opc_ua.read_holding_register","agent_id":"edgex-node-001","category":"device","source":"native-ean","v1_purged":0}
{"level":"info","ts":1785239431.66405,"logger":"discovery","caller":"ean/discovery.go:555","msg":"capability registered/updated","cap_id":"snmp.read_holding_register","agent_id":"edgex-node-001","category":"device","source":"native-ean","v1_purged":0}
{"level":"info","ts":1785239431.66405,"logger":"discovery","caller":"ean/discovery.go:555","msg":"capability registered/updated","cap_id":"profinet_io.read_holding_register","agent_id":"edgex-node-001","category":"device","source":"native-ean","v1_purged":0}
{"level":"info","ts":1785239431.66405,"logger":"discovery","caller":"ean/discovery.go:555","msg":"capability registered/updated","cap_id":"bacnet_ip.read_holding_register","agent_id":"edgex-node-001","category":"device","source":"native-ean","v1_purged":0}
{"level":"info","ts":1785239431.66405,"logger":"discovery","caller":"ean/discovery.go:555","msg":"capability registered/updated","cap_id":"omron_fins.scan_devices","agent_id":"edgex-node-001","category":"device","source":"native-ean","v1_purged":0}
{"level":"info","ts":1785239431.66405,"logger":"discovery","caller":"ean/discovery.go:555","msg":"capability registered/updated","cap_id":"snmp.scan_devices","agent_id":"edgex-node-001","category":"device","source":"native-ean","v1_purged":0}
{"level":"info","ts":1785239431.66405,"logger":"discovery","caller":"ean/discovery.go:555","msg":"capability registered/updated","cap_id":"system.diagnostics","agent_id":"edgex-node-001","category":"system","source":"native-ean","v1_purged":0}
{"level":"info","ts":1785239431.66405,"logger":"discovery","caller":"ean/discovery.go:555","msg":"capability registered/updated","cap_id":"modbus_tcp.scan_devices","agent_id":"edgex-node-001","category":"device","source":"native-ean","v1_purged":0}
{"level":"info","ts":1785239431.66405,"logger":"discovery","caller":"ean/discovery.go:555","msg":"capability registered/updated","cap_id":"bacnet_ip.list_points","agent_id":"edgex-node-001","category":"device","source":"native-ean","v1_purged":0}
{"level":"info","ts":1785239431.66405,"logger":"discovery","caller":"ean/discovery.go:555","msg":"capability registered/updated","cap_id":"iec60870_5_104.read_holding_register","agent_id":"edgex-node-001","category":"device","source":"native-ean","v1_purged":0}
{"level":"info","ts":1785239431.6646087,"logger":"discovery","caller":"ean/discovery.go:555","msg":"capability registered/updated","cap_id":"iec60870_5_104.scan_devices","agent_id":"edgex-node-001","category":"device","source":"native-ean","v1_purged":0}
{"level":"info","ts":1785239431.6646087,"logger":"discovery","caller":"ean/discovery.go:555","msg":"capability registered/updated","cap_id":"ethercat.scan_devices","agent_id":"edgex-node-001","category":"device","source":"native-ean","v1_purged":0}
{"level":"info","ts":1785239431.6646087,"logger":"discovery","caller":"ean/discovery.go:555","msg":"capability registered/updated","cap_id":"dlt645.scan_devices","agent_id":"edgex-node-001","category":"device","source":"native-ean","v1_purged":0}
{"level":"info","ts":1785239431.6646087,"logger":"discovery","caller":"ean/discovery.go:555","msg":"capability registered/updated","cap_id":"modbus_rtu.read_holding_register","agent_id":"edgex-node-001","category":"device","source":"native-ean","v1_purged":0}
{"level":"info","ts":1785239431.6646087,"logger":"discovery","caller":"ean/discovery.go:555","msg":"capability registered/updated","cap_id":"modbus_rtu_over_tcp.list_points","agent_id":"edgex-node-001","category":"device","source":"native-ean","v1_purged":0}
{"level":"info","ts":1785239431.6646087,"logger":"discovery","caller":"ean/discovery.go:555","msg":"capability registered/updated","cap_id":"opc_ua.scan_devices","agent_id":"edgex-node-001","category":"device","source":"native-ean","v1_purged":0}
{"level":"info","ts":1785239431.6646087,"logger":"discovery","caller":"ean/discovery.go:555","msg":"capability registered/updated","cap_id":"opc_ua.list_points","agent_id":"edgex-node-001","category":"device","source":"native-ean","v1_purged":0}
{"level":"info","ts":1785239431.6646087,"logger":"discovery","caller":"ean/discovery.go:555","msg":"capability registered/updated","cap_id":"s7.read_holding_register","agent_id":"edgex-node-001","category":"device","source":"native-ean","v1_purged":0}
{"level":"info","ts":1785239431.6646087,"logger":"discovery","caller":"ean/discovery.go:555","msg":"capability registered/updated","cap_id":"omron_fins.list_points","agent_id":"edgex-node-001","category":"device","source":"native-ean","v1_purged":0}
{"level":"info","ts":1785239431.6646087,"logger":"discovery","caller":"ean/discovery.go:555","msg":"capability registered/updated","cap_id":"dlt645.read_holding_register","agent_id":"edgex-node-001","category":"device","source":"native-ean","v1_purged":0}
{"level":"info","ts":1785239431.6646087,"logger":"discovery","caller":"ean/discovery.go:555","msg":"capability registered/updated","cap_id":"profinet_io.list_points","agent_id":"edgex-node-001","category":"device","source":"native-ean","v1_purged":0}
{"level":"info","ts":1785239431.6646087,"logger":"discovery","caller":"ean/discovery.go:555","msg":"capability registered/updated","cap_id":"ethercat.read_holding_register","agent_id":"edgex-node-001","category":"device","source":"native-ean","v1_purged":0}
{"level":"info","ts":1785239431.6646087,"logger":"discovery","caller":"ean/discovery.go:555","msg":"capability registered/updated","cap_id":"modbus_tcp.list_points","agent_id":"edgex-node-001","category":"device","source":"native-ean","v1_purged":0}
{"level":"info","ts":1785239431.6646087,"logger":"discovery","caller":"ean/discovery.go:555","msg":"capability registered/updated","cap_id":"ethernet_ip.scan_devices","agent_id":"edgex-node-001","category":"device","source":"native-ean","v1_purged":0}
{"level":"info","ts":1785239431.6646087,"logger":"discovery","caller":"ean/discovery.go:555","msg":"capability registered/updated","cap_id":"omron_fins.write_register","agent_id":"edgex-node-001","category":"device","source":"native-ean","v1_purged":0}
{"level":"info","ts":1785239431.6646087,"logger":"discovery","caller":"ean/discovery.go:555","msg":"capability registered/updated","cap_id":"modbus_rtu_over_tcp.read_holding_register","agent_id":"edgex-node-001","category":"device","source":"native-ean","v1_purged":0}
{"level":"info","ts":1785239431.6646087,"logger":"discovery","caller":"ean/discovery.go:555","msg":"capability registered/updated","cap_id":"knxnet_ip.list_points","agent_id":"edgex-node-001","category":"device","source":"native-ean","v1_purged":0}
{"level":"info","ts":1785239431.6646087,"logger":"discovery","caller":"ean/discovery.go:555","msg":"capability registered/updated","cap_id":"modbus_tcp.write_register","agent_id":"edgex-node-001","category":"device","source":"native-ean","v1_purged":0}
{"level":"info","ts":1785239431.6646087,"logger":"discovery","caller":"ean/discovery.go:555","msg":"capability registered/updated","cap_id":"omron_fins.read_holding_register","agent_id":"edgex-node-001","category":"device","source":"native-ean","v1_purged":0}
{"level":"info","ts":1785239431.6646087,"logger":"discovery","caller":"ean/discovery.go:555","msg":"capability registered/updated","cap_id":"dlt645.write_register","agent_id":"edgex-node-001","category":"device","source":"native-ean","v1_purged":0}
{"level":"info","ts":1785239431.6646087,"logger":"discovery","caller":"ean/discovery.go:555","msg":"capability registered/updated","cap_id":"mitsubishi_slmp.read_holding_register","agent_id":"edgex-node-001","category":"device","source":"native-ean","v1_purged":0}
{"level":"info","ts":1785239431.6646087,"logger":"discovery","caller":"ean/discovery.go:555","msg":"capability registered/updated","cap_id":"iec60870_5_104.write_register","agent_id":"edgex-node-001","category":"device","source":"native-ean","v1_purged":0}
{"level":"info","ts":1785239431.6646087,"logger":"discovery","caller":"ean/discovery.go:555","msg":"capability registered/updated","cap_id":"ethercat.write_register","agent_id":"edgex-node-001","category":"device","source":"native-ean","v1_purged":0}
{"level":"info","ts":1785239431.6646087,"logger":"discovery","caller":"ean/discovery.go:555","msg":"capability registered/updated","cap_id":"modbus_rtu_over_tcp.scan_devices","agent_id":"edgex-node-001","category":"device","source":"native-ean","v1_purged":0}
{"level":"info","ts":1785239431.6646087,"logger":"discovery","caller":"ean/discovery.go:555","msg":"capability registered/updated","cap_id":"s7.list_points","agent_id":"edgex-node-001","category":"device","source":"native-ean","v1_purged":0}
{"level":"info","ts":1785239431.6646087,"logger":"discovery","caller":"ean/discovery.go:555","msg":"capability registered/updated","cap_id":"mitsubishi_slmp.write_register","agent_id":"edgex-node-001","category":"device","source":"native-ean","v1_purged":0}
{"level":"info","ts":1785239431.6646087,"logger":"discovery","caller":"ean/discovery.go:555","msg":"capability registered/updated","cap_id":"profinet_io.write_register","agent_id":"edgex-node-001","category":"device","source":"native-ean","v1_purged":0}
{"level":"info","ts":1785239431.6646087,"logger":"discovery","caller":"ean/discovery.go:555","msg":"capability registered/updated","cap_id":"mitsubishi_slmp.scan_devices","agent_id":"edgex-node-001","category":"device","source":"native-ean","v1_purged":0}
{"level":"info","ts":1785239431.6646087,"logger":"discovery","caller":"ean/discovery.go:555","msg":"capability registered/updated","cap_id":"bacnet_ip.write_register","agent_id":"edgex-node-001","category":"device","source":"native-ean","v1_purged":0}
{"level":"info","ts":1785239431.6646087,"logger":"discovery","caller":"ean/discovery.go:555","msg":"capability registered/updated","cap_id":"s7.write_register","agent_id":"edgex-node-001","category":"device","source":"native-ean","v1_purged":0}
{"level":"info","ts":1785239431.6646087,"logger":"discovery","caller":"ean/discovery.go:555","msg":"capability registered/updated","cap_id":"s7.scan_devices","agent_id":"edgex-node-001","category":"device","source":"native-ean","v1_purged":0}
{"level":"info","ts":1785239431.6646087,"logger":"discovery","caller":"ean/discovery.go:555","msg":"capability registered/updated","cap_id":"opc_ua.write_register","agent_id":"edgex-node-001","category":"device","source":"native-ean","v1_purged":0}
{"level":"info","ts":1785239431.6646087,"logger":"discovery","caller":"ean/discovery.go:555","msg":"capability registered/updated","cap_id":"knxnet_ip.read_holding_register","agent_id":"edgex-node-001","category":"device","source":"native-ean","v1_purged":0}
{"level":"info","ts":1785239431.6646087,"logger":"discovery","caller":"ean/discovery.go:555","msg":"capability registered/updated","cap_id":"ethernet_ip.list_points","agent_id":"edgex-node-001","category":"device","source":"native-ean","v1_purged":0}
{"level":"info","ts":1785239431.6646087,"logger":"discovery","caller":"ean/discovery.go:555","msg":"capability registered/updated","cap_id":"modbus_rtu.scan_devices","agent_id":"edgex-node-001","category":"device","source":"native-ean","v1_purged":0}
{"level":"warn","ts":1785239433.6801395,"logger":"heartbeat","caller":"ean/heartbeat.go:151","msg":"heartbeat sequence regression detected","agent_id":"edgex-node-001","old_seq":40,"new_seq":0}
{"level":"info","ts":1785239491.6635823,"logger":"discovery","caller":"ean/discovery.go:555","msg":"capability registered/updated","cap_id":"modbus_tcp.scan_devices","agent_id":"edgex-node-001","category":"device","source":"native-ean","v1_purged":0}
{"level":"info","ts":1785239491.6635823,"logger":"discovery","caller":"ean/discovery.go:555","msg":"capability registered/updated","cap_id":"bacnet_ip.list_points","agent_id":"edgex-node-001","category":"device","source":"native-ean","v1_purged":0}
{"level":"info","ts":1785239491.6635823,"logger":"discovery","caller":"ean/discovery.go:555","msg":"capability registered/updated","cap_id":"iec60870_5_104.read_holding_register","agent_id":"edgex-node-001","category":"device","source":"native-ean","v1_purged":0}
{"level":"info","ts":1785239491.6635823,"logger":"discovery","caller":"ean/discovery.go:555","msg":"capability registered/updated","cap_id":"iec60870_5_104.scan_devices","agent_id":"edgex-node-001","category":"device","source":"native-ean","v1_purged":0}
{"level":"info","ts":1785239491.6635823,"logger":"discovery","caller":"ean/discovery.go:555","msg":"capability registered/updated","cap_id":"ethercat.scan_devices","agent_id":"edgex-node-001","category":"device","source":"native-ean","v1_purged":0}
{"level":"info","ts":1785239491.6635823,"logger":"discovery","caller":"ean/discovery.go:555","msg":"capability registered/updated","cap_id":"dlt645.scan_devices","agent_id":"edgex-node-001","category":"device","source":"native-ean","v1_purged":0}
{"level":"info","ts":1785239491.6635823,"logger":"discovery","caller":"ean/discovery.go:555","msg":"capability registered/updated","cap_id":"modbus_rtu.read_holding_register","agent_id":"edgex-node-001","category":"device","source":"native-ean","v1_purged":0}
{"level":"info","ts":1785239491.6635823,"logger":"discovery","caller":"ean/discovery.go:555","msg":"capability registered/updated","cap_id":"modbus_rtu_over_tcp.list_points","agent_id":"edgex-node-001","category":"device","source":"native-ean","v1_purged":0}
{"level":"info","ts":1785239491.6635823,"logger":"discovery","caller":"ean/discovery.go:555","msg":"capability registered/updated","cap_id":"opc_ua.scan_devices","agent_id":"edgex-node-001","category":"device","source":"native-ean","v1_purged":0}
{"level":"info","ts":1785239491.6635823,"logger":"discovery","caller":"ean/discovery.go:555","msg":"capability registered/updated","cap_id":"opc_ua.list_points","agent_id":"edgex-node-001","category":"device","source":"native-ean","v1_purged":0}
{"level":"info","ts":1785239491.6635823,"logger":"discovery","caller":"ean/discovery.go:555","msg":"capability registered/updated","cap_id":"s7.read_holding_register","agent_id":"edgex-node-001","category":"device","source":"native-ean","v1_purged":0}
{"level":"info","ts":1785239491.6635823,"logger":"discovery","caller":"ean/discovery.go:555","msg":"capability registered/updated","cap_id":"omron_fins.list_points","agent_id":"edgex-node-001","category":"device","source":"native-ean","v1_purged":0}
{"level":"info","ts":1785239491.6635823,"logger":"discovery","caller":"ean/discovery.go:555","msg":"capability registered/updated","cap_id":"dlt645.read_holding_register","agent_id":"edgex-node-001","category":"device","source":"native-ean","v1_purged":0}
{"level":"info","ts":1785239491.6635823,"logger":"discovery","caller":"ean/discovery.go:555","msg":"capability registered/updated","cap_id":"profinet_io.list_points","agent_id":"edgex-node-001","category":"device","source":"native-ean","v1_purged":0}
{"level":"info","ts":1785239491.6635823,"logger":"discovery","caller":"ean/discovery.go:555","msg":"capability registered/updated","cap_id":"ethercat.read_holding_register","agent_id":"edgex-node-001","category":"device","source":"native-ean","v1_purged":0}
{"level":"info","ts":1785239491.6635823,"logger":"discovery","caller":"ean/discovery.go:555","msg":"capability registered/updated","cap_id":"modbus_tcp.list_points","agent_id":"edgex-node-001","category":"device","source":"native-ean","v1_purged":0}
{"level":"info","ts":1785239491.6635823,"logger":"discovery","caller":"ean/discovery.go:555","msg":"capability registered/updated","cap_id":"ethernet_ip.scan_devices","agent_id":"edgex-node-001","category":"device","source":"native-ean","v1_purged":0}
{"level":"info","ts":1785239491.6635823,"logger":"discovery","caller":"ean/discovery.go:555","msg":"capability registered/updated","cap_id":"omron_fins.write_register","agent_id":"edgex-node-001","category":"device","source":"native-ean","v1_purged":0}
{"level":"info","ts":1785239491.6635823,"logger":"discovery","caller":"ean/discovery.go:555","msg":"capability registered/updated","cap_id":"modbus_rtu_over_tcp.read_holding_register","agent_id":"edgex-node-001","category":"device","source":"native-ean","v1_purged":0}
{"level":"info","ts":1785239491.6635823,"logger":"discovery","caller":"ean/discovery.go:555","msg":"capability registered/updated","cap_id":"knxnet_ip.list_points","agent_id":"edgex-node-001","category":"device","source":"native-ean","v1_purged":0}
{"level":"info","ts":1785239491.6635823,"logger":"discovery","caller":"ean/discovery.go:555","msg":"capability registered/updated","cap_id":"modbus_tcp.write_register","agent_id":"edgex-node-001","category":"device","source":"native-ean","v1_purged":0}
{"level":"info","ts":1785239491.6635823,"logger":"discovery","caller":"ean/discovery.go:555","msg":"capability registered/updated","cap_id":"omron_fins.read_holding_register","agent_id":"edgex-node-001","category":"device","source":"native-ean","v1_purged":0}
{"level":"info","ts":1785239491.6635823,"logger":"discovery","caller":"ean/discovery.go:555","msg":"capability registered/updated","cap_id":"dlt645.write_register","agent_id":"edgex-node-001","category":"device","source":"native-ean","v1_purged":0}
{"level":"info","ts":1785239491.6635823,"logger":"discovery","caller":"ean/discovery.go:555","msg":"capability registered/updated","cap_id":"mitsubishi_slmp.read_holding_register","agent_id":"edgex-node-001","category":"device","source":"native-ean","v1_purged":0}
{"level":"info","ts":1785239491.6635823,"logger":"discovery","caller":"ean/discovery.go:555","msg":"capability registered/updated","cap_id":"iec60870_5_104.write_register","agent_id":"edgex-node-001","category":"device","source":"native-ean","v1_purged":0}
{"level":"info","ts":1785239491.6635823,"logger":"discovery","caller":"ean/discovery.go:555","msg":"capability registered/updated","cap_id":"ethercat.write_register","agent_id":"edgex-node-001","category":"device","source":"native-ean","v1_purged":0}
{"level":"info","ts":1785239491.6635823,"logger":"discovery","caller":"ean/discovery.go:555","msg":"capability registered/updated","cap_id":"modbus_rtu_over_tcp.scan_devices","agent_id":"edgex-node-001","category":"device","source":"native-ean","v1_purged":0}
{"level":"info","ts":1785239491.6635823,"logger":"discovery","caller":"ean/discovery.go:555","msg":"capability registered/updated","cap_id":"s7.list_points","agent_id":"edgex-node-001","category":"device","source":"native-ean","v1_purged":0}
{"level":"info","ts":1785239491.6635823,"logger":"discovery","caller":"ean/discovery.go:555","msg":"capability registered/updated","cap_id":"mitsubishi_slmp.write_register","agent_id":"edgex-node-001","category":"device","source":"native-ean","v1_purged":0}
{"level":"info","ts":1785239491.6635823,"logger":"discovery","caller":"ean/discovery.go:555","msg":"capability registered/updated","cap_id":"profinet_io.write_register","agent_id":"edgex-node-001","category":"device","source":"native-ean","v1_purged":0}
{"level":"info","ts":1785239491.6635823,"logger":"discovery","caller":"ean/discovery.go:555","msg":"capability registered/updated","cap_id":"mitsubishi_slmp.scan_devices","agent_id":"edgex-node-001","category":"device","source":"native-ean","v1_purged":0}
{"level":"info","ts":1785239491.6635823,"logger":"discovery","caller":"ean/discovery.go:555","msg":"capability registered/updated","cap_id":"bacnet_ip.write_register","agent_id":"edgex-node-001","category":"device","source":"native-ean","v1_purged":0}
{"level":"info","ts":1785239491.6635823,"logger":"discovery","caller":"ean/discovery.go:555","msg":"capability registered/updated","cap_id":"s7.write_register","agent_id":"edgex-node-001","category":"device","source":"native-ean","v1_purged":0}
{"level":"info","ts":1785239491.6635823,"logger":"discovery","caller":"ean/discovery.go:555","msg":"capability registered/updated","cap_id":"s7.scan_devices","agent_id":"edgex-node-001","category":"device","source":"native-ean","v1_purged":0}
{"level":"info","ts":1785239491.6635823,"logger":"discovery","caller":"ean/discovery.go:555","msg":"capability registered/updated","cap_id":"opc_ua.write_register","agent_id":"edgex-node-001","category":"device","source":"native-ean","v1_purged":0}
{"level":"info","ts":1785239491.6635823,"logger":"discovery","caller":"ean/discovery.go:555","msg":"capability registered/updated","cap_id":"knxnet_ip.read_holding_register","agent_id":"edgex-node-001","category":"device","source":"native-ean","v1_purged":0}
{"level":"info","ts":1785239491.6635823,"logger":"discovery","caller":"ean/discovery.go:555","msg":"capability registered/updated","cap_id":"ethernet_ip.list_points","agent_id":"edgex-node-001","category":"device","source":"native-ean","v1_purged":0}
{"level":"info","ts":1785239491.6635823,"logger":"discovery","caller":"ean/discovery.go:555","msg":"capability registered/updated","cap_id":"modbus_rtu.scan_devices","agent_id":"edgex-node-001","category":"device","source":"native-ean","v1_purged":0}
{"level":"info","ts":1785239491.6635823,"logger":"discovery","caller":"ean/discovery.go:555","msg":"capability registered/updated","cap_id":"ethernet_ip.read_holding_register","agent_id":"edgex-node-001","category":"device","source":"native-ean","v1_purged":0}
{"level":"info","ts":1785239491.6635823,"logger":"discovery","caller":"ean/discovery.go:555","msg":"capability registered/updated","cap_id":"ethernet_ip.write_register","agent_id":"edgex-node-001","category":"device","source":"native-ean","v1_purged":0}
{"level":"info","ts":1785239491.6635823,"logger":"discovery","caller":"ean/discovery.go:555","msg":"capability registered/updated","cap_id":"knxnet_ip.write_register","agent_id":"edgex-node-001","category":"device","source":"native-ean","v1_purged":0}
{"level":"info","ts":1785239491.6635823,"logger":"discovery","caller":"ean/discovery.go:555","msg":"capability registered/updated","cap_id":"snmp.write_register","agent_id":"edgex-node-001","category":"device","source":"native-ean","v1_purged":0}
{"level":"info","ts":1785239491.6635823,"logger":"discovery","caller":"ean/discovery.go:555","msg":"capability registered/updated","cap_id":"snmp.list_points","agent_id":"edgex-node-001","category":"device","source":"native-ean","v1_purged":0}
{"level":"info","ts":1785239491.6635823,"logger":"discovery","caller":"ean/discovery.go:555","msg":"capability registered/updated","cap_id":"modbus_rtu_over_tcp.write_register","agent_id":"edgex-node-001","category":"device","source":"native-ean","v1_purged":0}
{"level":"info","ts":1785239491.6635823,"logger":"discovery","caller":"ean/discovery.go:555","msg":"capability registered/updated","cap_id":"iec60870_5_104.list_points","agent_id":"edgex-node-001","category":"device","source":"native-ean","v1_purged":0}
{"level":"info","ts":1785239491.6635823,"logger":"discovery","caller":"ean/discovery.go:555","msg":"capability registered/updated","cap_id":"mitsubishi_slmp.list_points","agent_id":"edgex-node-001","category":"device","source":"native-ean","v1_purged":0}
{"level":"info","ts":1785239491.6635823,"logger":"discovery","caller":"ean/discovery.go:555","msg":"capability registered/updated","cap_id":"ai.doc_parse","agent_id":"edgex-node-001","category":"ai","source":"native-ean","v1_purged":0}
{"level":"info","ts":1785239491.6635823,"logger":"discovery","caller":"ean/discovery.go:555","msg":"capability registered/updated","cap_id":"knxnet_ip.scan_devices","agent_id":"edgex-node-001","category":"device","source":"native-ean","v1_purged":0}
{"level":"info","ts":1785239491.6635823,"logger":"discovery","caller":"ean/discovery.go:555","msg":"capability registered/updated","cap_id":"dlt645.list_points","agent_id":"edgex-node-001","category":"device","source":"native-ean","v1_purged":0}
{"level":"info","ts":1785239491.6635823,"logger":"discovery","caller":"ean/discovery.go:555","msg":"capability registered/updated","cap_id":"profinet_io.scan_devices","agent_id":"edgex-node-001","category":"device","source":"native-ean","v1_purged":0}
{"level":"info","ts":1785239491.6635823,"logger":"discovery","caller":"ean/discovery.go:555","msg":"capability registered/updated","cap_id":"modbus_tcp.read_holding_register","agent_id":"edgex-node-001","category":"device","source":"native-ean","v1_purged":0}
{"level":"info","ts":1785239491.6635823,"logger":"discovery","caller":"ean/discovery.go:555","msg":"capability registered/updated","cap_id":"ethercat.list_points","agent_id":"edgex-node-001","category":"device","source":"native-ean","v1_purged":0}
{"level":"info","ts":1785239491.6635823,"logger":"discovery","caller":"ean/discovery.go:555","msg":"capability registered/updated","cap_id":"ai.protocol_reverse","agent_id":"edgex-node-001","category":"ai","source":"native-ean","v1_purged":0}
{"level":"info","ts":1785239491.6641464,"logger":"discovery","caller":"ean/discovery.go:555","msg":"capability registered/updated","cap_id":"modbus_rtu.write_register","agent_id":"edgex-node-001","category":"device","source":"native-ean","v1_purged":0}
{"level":"info","ts":1785239491.6641464,"logger":"discovery","caller":"ean/discovery.go:555","msg":"capability registered/updated","cap_id":"modbus_rtu.list_points","agent_id":"edgex-node-001","category":"device","source":"native-ean","v1_purged":0}
{"level":"info","ts":1785239491.6641464,"logger":"discovery","caller":"ean/discovery.go:555","msg":"capability registered/updated","cap_id":"bacnet_ip.scan_devices","agent_id":"edgex-node-001","category":"device","source":"native-ean","v1_purged":0}
{"level":"info","ts":1785239491.6641464,"logger":"discovery","caller":"ean/discovery.go:555","msg":"capability registered/updated","cap_id":"opc_ua.read_holding_register","agent_id":"edgex-node-001","category":"device","source":"native-ean","v1_purged":0}
{"level":"info","ts":1785239491.6641464,"logger":"discovery","caller":"ean/discovery.go:555","msg":"capability registered/updated","cap_id":"snmp.read_holding_register","agent_id":"edgex-node-001","category":"device","source":"native-ean","v1_purged":0}
{"level":"info","ts":1785239491.6641464,"logger":"discovery","caller":"ean/discovery.go:555","msg":"capability registered/updated","cap_id":"profinet_io.read_holding_register","agent_id":"edgex-node-001","category":"device","source":"native-ean","v1_purged":0}
{"level":"info","ts":1785239491.6642025,"logger":"discovery","caller":"ean/discovery.go:555","msg":"capability registered/updated","cap_id":"bacnet_ip.read_holding_register","agent_id":"edgex-node-001","category":"device","source":"native-ean","v1_purged":0}
{"level":"info","ts":1785239491.6642025,"logger":"discovery","caller":"ean/discovery.go:555","msg":"capability registered/updated","cap_id":"omron_fins.scan_devices","agent_id":"edgex-node-001","category":"device","source":"native-ean","v1_purged":0}
{"level":"info","ts":1785239491.6642025,"logger":"discovery","caller":"ean/discovery.go:555","msg":"capability registered/updated","cap_id":"snmp.scan_devices","agent_id":"edgex-node-001","category":"device","source":"native-ean","v1_purged":0}
{"level":"info","ts":1785239491.6642025,"logger":"discovery","caller":"ean/discovery.go:555","msg":"capability registered/updated","cap_id":"system.diagnostics","agent_id":"edgex-node-001","category":"system","source":"native-ean","v1_purged":0}
{"level":"warn","ts":1785239493.6805017,"logger":"heartbeat","caller":"ean/heartbeat.go:151","msg":"heartbeat sequence regression detected","agent_id":"edgex-node-001","old_seq":41,"new_seq":0}
{"level":"info","ts":1785239551.6651728,"logger":"discovery","caller":"ean/discovery.go:555","msg":"capability registered/updated","cap_id":"modbus_rtu_over_tcp.scan_devices","agent_id":"edgex-node-001","category":"device","source":"native-ean","v1_purged":0}
{"level":"info","ts":1785239551.6651728,"logger":"discovery","caller":"ean/discovery.go:555","msg":"capability registered/updated","cap_id":"s7.list_points","agent_id":"edgex-node-001","category":"device","source":"native-ean","v1_purged":0}
{"level":"info","ts":1785239551.6651728,"logger":"discovery","caller":"ean/discovery.go:555","msg":"capability registered/updated","cap_id":"mitsubishi_slmp.write_register","agent_id":"edgex-node-001","category":"device","source":"native-ean","v1_purged":0}
{"level":"info","ts":1785239551.6651728,"logger":"discovery","caller":"ean/discovery.go:555","msg":"capability registered/updated","cap_id":"profinet_io.write_register","agent_id":"edgex-node-001","category":"device","source":"native-ean","v1_purged":0}
{"level":"info","ts":1785239551.6651728,"logger":"discovery","caller":"ean/discovery.go:555","msg":"capability registered/updated","cap_id":"mitsubishi_slmp.scan_devices","agent_id":"edgex-node-001","category":"device","source":"native-ean","v1_purged":0}
{"level":"info","ts":1785239551.6651728,"logger":"discovery","caller":"ean/discovery.go:555","msg":"capability registered/updated","cap_id":"bacnet_ip.write_register","agent_id":"edgex-node-001","category":"device","source":"native-ean","v1_purged":0}
{"level":"info","ts":1785239551.6651728,"logger":"discovery","caller":"ean/discovery.go:555","msg":"capability registered/updated","cap_id":"s7.write_register","agent_id":"edgex-node-001","category":"device","source":"native-ean","v1_purged":0}
{"level":"info","ts":1785239551.6651728,"logger":"discovery","caller":"ean/discovery.go:555","msg":"capability registered/updated","cap_id":"s7.scan_devices","agent_id":"edgex-node-001","category":"device","source":"native-ean","v1_purged":0}
{"level":"info","ts":1785239551.6651728,"logger":"discovery","caller":"ean/discovery.go:555","msg":"capability registered/updated","cap_id":"opc_ua.write_register","agent_id":"edgex-node-001","category":"device","source":"native-ean","v1_purged":0}
{"level":"info","ts":1785239551.665706,"logger":"discovery","caller":"ean/discovery.go:555","msg":"capability registered/updated","cap_id":"knxnet_ip.read_holding_register","agent_id":"edgex-node-001","category":"device","source":"native-ean","v1_purged":0}
{"level":"info","ts":1785239551.665706,"logger":"discovery","caller":"ean/discovery.go:555","msg":"capability registered/updated","cap_id":"ethernet_ip.list_points","agent_id":"edgex-node-001","category":"device","source":"native-ean","v1_purged":0}
{"level":"info","ts":1785239551.665706,"logger":"discovery","caller":"ean/discovery.go:555","msg":"capability registered/updated","cap_id":"modbus_rtu.scan_devices","agent_id":"edgex-node-001","category":"device","source":"native-ean","v1_purged":0}
{"level":"info","ts":1785239551.665706,"logger":"discovery","caller":"ean/discovery.go:555","msg":"capability registered/updated","cap_id":"ethernet_ip.read_holding_register","agent_id":"edgex-node-001","category":"device","source":"native-ean","v1_purged":0}
{"level":"info","ts":1785239551.6657884,"logger":"discovery","caller":"ean/discovery.go:555","msg":"capability registered/updated","cap_id":"ethernet_ip.write_register","agent_id":"edgex-node-001","category":"device","source":"native-ean","v1_purged":0}
{"level":"info","ts":1785239551.6657884,"logger":"discovery","caller":"ean/discovery.go:555","msg":"capability registered/updated","cap_id":"knxnet_ip.write_register","agent_id":"edgex-node-001","category":"device","source":"native-ean","v1_purged":0}
{"level":"info","ts":1785239551.6657884,"logger":"discovery","caller":"ean/discovery.go:555","msg":"capability registered/updated","cap_id":"snmp.write_register","agent_id":"edgex-node-001","category":"device","source":"native-ean","v1_purged":0}
{"level":"info","ts":1785239551.6657884,"logger":"discovery","caller":"ean/discovery.go:555","msg":"capability registered/updated","cap_id":"snmp.list_points","agent_id":"edgex-node-001","category":"device","source":"native-ean","v1_purged":0}
{"level":"info","ts":1785239551.6657884,"logger":"discovery","caller":"ean/discovery.go:555","msg":"capability registered/updated","cap_id":"modbus_rtu_over_tcp.write_register","agent_id":"edgex-node-001","category":"device","source":"native-ean","v1_purged":0}
{"level":"info","ts":1785239551.6657884,"logger":"discovery","caller":"ean/discovery.go:555","msg":"capability registered/updated","cap_id":"iec60870_5_104.list_points","agent_id":"edgex-node-001","category":"device","source":"native-ean","v1_purged":0}
{"level":"info","ts":1785239551.6657884,"logger":"discovery","caller":"ean/discovery.go:555","msg":"capability registered/updated","cap_id":"mitsubishi_slmp.list_points","agent_id":"edgex-node-001","category":"device","source":"native-ean","v1_purged":0}
{"level":"info","ts":1785239551.6657884,"logger":"discovery","caller":"ean/discovery.go:555","msg":"capability registered/updated","cap_id":"ai.doc_parse","agent_id":"edgex-node-001","category":"ai","source":"native-ean","v1_purged":0}
{"level":"info","ts":1785239551.6657884,"logger":"discovery","caller":"ean/discovery.go:555","msg":"capability registered/updated","cap_id":"knxnet_ip.scan_devices","agent_id":"edgex-node-001","category":"device","source":"native-ean","v1_purged":0}
{"level":"info","ts":1785239551.6657884,"logger":"discovery","caller":"ean/discovery.go:555","msg":"capability registered/updated","cap_id":"dlt645.list_points","agent_id":"edgex-node-001","category":"device","source":"native-ean","v1_purged":0}
{"level":"info","ts":1785239551.6657884,"logger":"discovery","caller":"ean/discovery.go:555","msg":"capability registered/updated","cap_id":"profinet_io.scan_devices","agent_id":"edgex-node-001","category":"device","source":"native-ean","v1_purged":0}
{"level":"info","ts":1785239551.6657884,"logger":"discovery","caller":"ean/discovery.go:555","msg":"capability registered/updated","cap_id":"modbus_tcp.read_holding_register","agent_id":"edgex-node-001","category":"device","source":"native-ean","v1_purged":0}
{"level":"info","ts":1785239551.6657884,"logger":"discovery","caller":"ean/discovery.go:555","msg":"capability registered/updated","cap_id":"ethercat.list_points","agent_id":"edgex-node-001","category":"device","source":"native-ean","v1_purged":0}
{"level":"info","ts":1785239551.6657884,"logger":"discovery","caller":"ean/discovery.go:555","msg":"capability registered/updated","cap_id":"ai.protocol_reverse","agent_id":"edgex-node-001","category":"ai","source":"native-ean","v1_purged":0}
{"level":"info","ts":1785239551.6657884,"logger":"discovery","caller":"ean/discovery.go:555","msg":"capability registered/updated","cap_id":"modbus_rtu.write_register","agent_id":"edgex-node-001","category":"device","source":"native-ean","v1_purged":0}
{"level":"info","ts":1785239551.6657884,"logger":"discovery","caller":"ean/discovery.go:555","msg":"capability registered/updated","cap_id":"modbus_rtu.list_points","agent_id":"edgex-node-001","category":"device","source":"native-ean","v1_purged":0}
{"level":"info","ts":1785239551.6657884,"logger":"discovery","caller":"ean/discovery.go:555","msg":"capability registered/updated","cap_id":"bacnet_ip.scan_devices","agent_id":"edgex-node-001","category":"device","source":"native-ean","v1_purged":0}
{"level":"info","ts":1785239551.6657884,"logger":"discovery","caller":"ean/discovery.go:555","msg":"capability registered/updated","cap_id":"opc_ua.read_holding_register","agent_id":"edgex-node-001","category":"device","source":"native-ean","v1_purged":0}
{"level":"info","ts":1785239551.6657884,"logger":"discovery","caller":"ean/discovery.go:555","msg":"capability registered/updated","cap_id":"snmp.read_holding_register","agent_id":"edgex-node-001","category":"device","source":"native-ean","v1_purged":0}
{"level":"info","ts":1785239551.6657884,"logger":"discovery","caller":"ean/discovery.go:555","msg":"capability registered/updated","cap_id":"profinet_io.read_holding_register","agent_id":"edgex-node-001","category":"device","source":"native-ean","v1_purged":0}
{"level":"info","ts":1785239551.6657884,"logger":"discovery","caller":"ean/discovery.go:555","msg":"capability registered/updated","cap_id":"bacnet_ip.read_holding_register","agent_id":"edgex-node-001","category":"device","source":"native-ean","v1_purged":0}
{"level":"info","ts":1785239551.6657884,"logger":"discovery","caller":"ean/discovery.go:555","msg":"capability registered/updated","cap_id":"omron_fins.scan_devices","agent_id":"edgex-node-001","category":"device","source":"native-ean","v1_purged":0}
{"level":"info","ts":1785239551.6657884,"logger":"discovery","caller":"ean/discovery.go:555","msg":"capability registered/updated","cap_id":"snmp.scan_devices","agent_id":"edgex-node-001","category":"device","source":"native-ean","v1_purged":0}
{"level":"info","ts":1785239551.6657884,"logger":"discovery","caller":"ean/discovery.go:555","msg":"capability registered/updated","cap_id":"system.diagnostics","agent_id":"edgex-node-001","category":"system","source":"native-ean","v1_purged":0}
{"level":"info","ts":1785239551.6657884,"logger":"discovery","caller":"ean/discovery.go:555","msg":"capability registered/updated","cap_id":"modbus_tcp.scan_devices","agent_id":"edgex-node-001","category":"device","source":"native-ean","v1_purged":0}
{"level":"info","ts":1785239551.6657884,"logger":"discovery","caller":"ean/discovery.go:555","msg":"capability registered/updated","cap_id":"bacnet_ip.list_points","agent_id":"edgex-node-001","category":"device","source":"native-ean","v1_purged":0}
{"level":"info","ts":1785239551.6657884,"logger":"discovery","caller":"ean/discovery.go:555","msg":"capability registered/updated","cap_id":"iec60870_5_104.read_holding_register","agent_id":"edgex-node-001","category":"device","source":"native-ean","v1_purged":0}
{"level":"info","ts":1785239551.6657884,"logger":"discovery","caller":"ean/discovery.go:555","msg":"capability registered/updated","cap_id":"iec60870_5_104.scan_devices","agent_id":"edgex-node-001","category":"device","source":"native-ean","v1_purged":0}
{"level":"info","ts":1785239551.6657884,"logger":"discovery","caller":"ean/discovery.go:555","msg":"capability registered/updated","cap_id":"ethercat.scan_devices","agent_id":"edgex-node-001","category":"device","source":"native-ean","v1_purged":0}
{"level":"info","ts":1785239551.6657884,"logger":"discovery","caller":"ean/discovery.go:555","msg":"capability registered/updated","cap_id":"dlt645.scan_devices","agent_id":"edgex-node-001","category":"device","source":"native-ean","v1_purged":0}
{"level":"info","ts":1785239551.6657884,"logger":"discovery","caller":"ean/discovery.go:555","msg":"capability registered/updated","cap_id":"modbus_rtu.read_holding_register","agent_id":"edgex-node-001","category":"device","source":"native-ean","v1_purged":0}
{"level":"info","ts":1785239551.6657884,"logger":"discovery","caller":"ean/discovery.go:555","msg":"capability registered/updated","cap_id":"modbus_rtu_over_tcp.list_points","agent_id":"edgex-node-001","category":"device","source":"native-ean","v1_purged":0}
{"level":"info","ts":1785239551.6657884,"logger":"discovery","caller":"ean/discovery.go:555","msg":"capability registered/updated","cap_id":"opc_ua.scan_devices","agent_id":"edgex-node-001","category":"device","source":"native-ean","v1_purged":0}
{"level":"info","ts":1785239551.6657884,"logger":"discovery","caller":"ean/discovery.go:555","msg":"capability registered/updated","cap_id":"opc_ua.list_points","agent_id":"edgex-node-001","category":"device","source":"native-ean","v1_purged":0}
{"level":"info","ts":1785239551.6657884,"logger":"discovery","caller":"ean/discovery.go:555","msg":"capability registered/updated","cap_id":"s7.read_holding_register","agent_id":"edgex-node-001","category":"device","source":"native-ean","v1_purged":0}
{"level":"info","ts":1785239551.6657884,"logger":"discovery","caller":"ean/discovery.go:555","msg":"capability registered/updated","cap_id":"omron_fins.list_points","agent_id":"edgex-node-001","category":"device","source":"native-ean","v1_purged":0}
{"level":"info","ts":1785239551.6657884,"logger":"discovery","caller":"ean/discovery.go:555","msg":"capability registered/updated","cap_id":"dlt645.read_holding_register","agent_id":"edgex-node-001","category":"device","source":"native-ean","v1_purged":0}
{"level":"info","ts":1785239551.6657884,"logger":"discovery","caller":"ean/discovery.go:555","msg":"capability registered/updated","cap_id":"profinet_io.list_points","agent_id":"edgex-node-001","category":"device","source":"native-ean","v1_purged":0}
{"level":"info","ts":1785239551.6657884,"logger":"discovery","caller":"ean/discovery.go:555","msg":"capability registered/updated","cap_id":"ethercat.read_holding_register","agent_id":"edgex-node-001","category":"device","source":"native-ean","v1_purged":0}
{"level":"info","ts":1785239551.6657884,"logger":"discovery","caller":"ean/discovery.go:555","msg":"capability registered/updated","cap_id":"modbus_tcp.list_points","agent_id":"edgex-node-001","category":"device","source":"native-ean","v1_purged":0}
{"level":"info","ts":1785239551.6657884,"logger":"discovery","caller":"ean/discovery.go:555","msg":"capability registered/updated","cap_id":"ethernet_ip.scan_devices","agent_id":"edgex-node-001","category":"device","source":"native-ean","v1_purged":0}
{"level":"info","ts":1785239551.6657884,"logger":"discovery","caller":"ean/discovery.go:555","msg":"capability registered/updated","cap_id":"omron_fins.write_register","agent_id":"edgex-node-001","category":"device","source":"native-ean","v1_purged":0}
{"level":"info","ts":1785239551.6657884,"logger":"discovery","caller":"ean/discovery.go:555","msg":"capability registered/updated","cap_id":"modbus_rtu_over_tcp.read_holding_register","agent_id":"edgex-node-001","category":"device","source":"native-ean","v1_purged":0}
{"level":"info","ts":1785239551.6657884,"logger":"discovery","caller":"ean/discovery.go:555","msg":"capability registered/updated","cap_id":"knxnet_ip.list_points","agent_id":"edgex-node-001","category":"device","source":"native-ean","v1_purged":0}
{"level":"info","ts":1785239551.6657884,"logger":"discovery","caller":"ean/discovery.go:555","msg":"capability registered/updated","cap_id":"modbus_tcp.write_register","agent_id":"edgex-node-001","category":"device","source":"native-ean","v1_purged":0}
{"level":"info","ts":1785239551.6657884,"logger":"discovery","caller":"ean/discovery.go:555","msg":"capability registered/updated","cap_id":"omron_fins.read_holding_register","agent_id":"edgex-node-001","category":"device","source":"native-ean","v1_purged":0}
{"level":"info","ts":1785239551.6663952,"logger":"discovery","caller":"ean/discovery.go:555","msg":"capability registered/updated","cap_id":"dlt645.write_register","agent_id":"edgex-node-001","category":"device","source":"native-ean","v1_purged":0}
{"level":"info","ts":1785239551.6663952,"logger":"discovery","caller":"ean/discovery.go:555","msg":"capability registered/updated","cap_id":"mitsubishi_slmp.read_holding_register","agent_id":"edgex-node-001","category":"device","source":"native-ean","v1_purged":0}
{"level":"info","ts":1785239551.6663952,"logger":"discovery","caller":"ean/discovery.go:555","msg":"capability registered/updated","cap_id":"iec60870_5_104.write_register","agent_id":"edgex-node-001","category":"device","source":"native-ean","v1_purged":0}
{"level":"info","ts":1785239551.6663952,"logger":"discovery","caller":"ean/discovery.go:555","msg":"capability registered/updated","cap_id":"ethercat.write_register","agent_id":"edgex-node-001","category":"device","source":"native-ean","v1_purged":0}
{"level":"warn","ts":1785239553.6801147,"logger":"heartbeat","caller":"ean/heartbeat.go:151","msg":"heartbeat sequence regression detected","agent_id":"edgex-node-001","old_seq":42,"new_seq":0}
{"level":"info","ts":1785239560.6813273,"logger":"ean-bus","caller":"ean/bus.go:601","msg":"主动发现查询已发布","topic":"$edgeos/discovery/query"}
{"level":"info","ts":1785239560.6947055,"logger":"discovery","caller":"ean/discovery.go:216","msg":"agent updated via discovery response","agent_id":"edgex-node-001","kind":"device","source":"native-ean"}
{"level":"info","ts":1785239560.6947055,"logger":"heartbeat","caller":"ean/heartbeat.go:283","msg":"heartbeat interval updated","agent_id":"edgex-node-001","interval_sec":60}
{"level":"info","ts":1785239560.6947055,"logger":"discovery","caller":"ean/discovery.go:555","msg":"capability registered/updated","cap_id":"modbus_tcp.write_register","agent_id":"edgex-node-001","category":"device","source":"native-ean","v1_purged":0}
{"level":"info","ts":1785239560.6947055,"logger":"discovery","caller":"ean/discovery.go:555","msg":"capability registered/updated","cap_id":"omron_fins.read_holding_register","agent_id":"edgex-node-001","category":"device","source":"native-ean","v1_purged":0}
{"level":"info","ts":1785239560.6947055,"logger":"discovery","caller":"ean/discovery.go:555","msg":"capability registered/updated","cap_id":"dlt645.write_register","agent_id":"edgex-node-001","category":"device","source":"native-ean","v1_purged":0}
{"level":"info","ts":1785239560.6947055,"logger":"discovery","caller":"ean/discovery.go:555","msg":"capability registered/updated","cap_id":"mitsubishi_slmp.read_holding_register","agent_id":"edgex-node-001","category":"device","source":"native-ean","v1_purged":0}
{"level":"info","ts":1785239560.6947055,"logger":"discovery","caller":"ean/discovery.go:555","msg":"capability registered/updated","cap_id":"iec60870_5_104.write_register","agent_id":"edgex-node-001","category":"device","source":"native-ean","v1_purged":0}
{"level":"info","ts":1785239560.6947055,"logger":"discovery","caller":"ean/discovery.go:555","msg":"capability registered/updated","cap_id":"ethercat.write_register","agent_id":"edgex-node-001","category":"device","source":"native-ean","v1_purged":0}
{"level":"info","ts":1785239560.6947055,"logger":"discovery","caller":"ean/discovery.go:555","msg":"capability registered/updated","cap_id":"modbus_rtu_over_tcp.scan_devices","agent_id":"edgex-node-001","category":"device","source":"native-ean","v1_purged":0}
{"level":"info","ts":1785239560.6947055,"logger":"discovery","caller":"ean/discovery.go:555","msg":"capability registered/updated","cap_id":"s7.list_points","agent_id":"edgex-node-001","category":"device","source":"native-ean","v1_purged":0}
{"level":"info","ts":1785239560.6952379,"logger":"discovery","caller":"ean/discovery.go:555","msg":"capability registered/updated","cap_id":"mitsubishi_slmp.write_register","agent_id":"edgex-node-001","category":"device","source":"native-ean","v1_purged":0}
{"level":"info","ts":1785239560.6952379,"logger":"discovery","caller":"ean/discovery.go:555","msg":"capability registered/updated","cap_id":"profinet_io.write_register","agent_id":"edgex-node-001","category":"device","source":"native-ean","v1_purged":0}
{"level":"info","ts":1785239560.6952379,"logger":"discovery","caller":"ean/discovery.go:555","msg":"capability registered/updated","cap_id":"mitsubishi_slmp.scan_devices","agent_id":"edgex-node-001","category":"device","source":"native-ean","v1_purged":0}
{"level":"info","ts":1785239560.6953025,"logger":"discovery","caller":"ean/discovery.go:555","msg":"capability registered/updated","cap_id":"bacnet_ip.write_register","agent_id":"edgex-node-001","category":"device","source":"native-ean","v1_purged":0}
{"level":"info","ts":1785239560.6953025,"logger":"discovery","caller":"ean/discovery.go:555","msg":"capability registered/updated","cap_id":"s7.write_register","agent_id":"edgex-node-001","category":"device","source":"native-ean","v1_purged":0}
{"level":"info","ts":1785239560.6953025,"logger":"discovery","caller":"ean/discovery.go:555","msg":"capability registered/updated","cap_id":"s7.scan_devices","agent_id":"edgex-node-001","category":"device","source":"native-ean","v1_purged":0}
{"level":"info","ts":1785239560.6953025,"logger":"discovery","caller":"ean/discovery.go:555","msg":"capability registered/updated","cap_id":"opc_ua.write_register","agent_id":"edgex-node-001","category":"device","source":"native-ean","v1_purged":0}
{"level":"info","ts":1785239560.6953025,"logger":"discovery","caller":"ean/discovery.go:555","msg":"capability registered/updated","cap_id":"knxnet_ip.read_holding_register","agent_id":"edgex-node-001","category":"device","source":"native-ean","v1_purged":0}
{"level":"info","ts":1785239560.6953025,"logger":"discovery","caller":"ean/discovery.go:555","msg":"capability registered/updated","cap_id":"ethernet_ip.list_points","agent_id":"edgex-node-001","category":"device","source":"native-ean","v1_purged":0}
{"level":"info","ts":1785239560.6953025,"logger":"discovery","caller":"ean/discovery.go:555","msg":"capability registered/updated","cap_id":"modbus_rtu.scan_devices","agent_id":"edgex-node-001","category":"device","source":"native-ean","v1_purged":0}
{"level":"info","ts":1785239560.6953025,"logger":"discovery","caller":"ean/discovery.go:555","msg":"capability registered/updated","cap_id":"ethernet_ip.read_holding_register","agent_id":"edgex-node-001","category":"device","source":"native-ean","v1_purged":0}
{"level":"info","ts":1785239560.6953025,"logger":"discovery","caller":"ean/discovery.go:555","msg":"capability registered/updated","cap_id":"ethernet_ip.write_register","agent_id":"edgex-node-001","category":"device","source":"native-ean","v1_purged":0}
{"level":"info","ts":1785239560.6953025,"logger":"discovery","caller":"ean/discovery.go:555","msg":"capability registered/updated","cap_id":"knxnet_ip.write_register","agent_id":"edgex-node-001","category":"device","source":"native-ean","v1_purged":0}
{"level":"info","ts":1785239560.6953025,"logger":"discovery","caller":"ean/discovery.go:555","msg":"capability registered/updated","cap_id":"snmp.write_register","agent_id":"edgex-node-001","category":"device","source":"native-ean","v1_purged":0}
{"level":"info","ts":1785239560.6953025,"logger":"discovery","caller":"ean/discovery.go:555","msg":"capability registered/updated","cap_id":"snmp.list_points","agent_id":"edgex-node-001","category":"device","source":"native-ean","v1_purged":0}
{"level":"info","ts":1785239560.6953025,"logger":"discovery","caller":"ean/discovery.go:555","msg":"capability registered/updated","cap_id":"modbus_rtu_over_tcp.write_register","agent_id":"edgex-node-001","category":"device","source":"native-ean","v1_purged":0}
{"level":"info","ts":1785239560.6953025,"logger":"discovery","caller":"ean/discovery.go:555","msg":"capability registered/updated","cap_id":"iec60870_5_104.list_points","agent_id":"edgex-node-001","category":"device","source":"native-ean","v1_purged":0}
{"level":"info","ts":1785239560.6953025,"logger":"discovery","caller":"ean/discovery.go:555","msg":"capability registered/updated","cap_id":"mitsubishi_slmp.list_points","agent_id":"edgex-node-001","category":"device","source":"native-ean","v1_purged":0}
{"level":"info","ts":1785239560.6953025,"logger":"discovery","caller":"ean/discovery.go:555","msg":"capability registered/updated","cap_id":"ai.doc_parse","agent_id":"edgex-node-001","category":"ai","source":"native-ean","v1_purged":0}
{"level":"info","ts":1785239560.6953025,"logger":"discovery","caller":"ean/discovery.go:555","msg":"capability registered/updated","cap_id":"knxnet_ip.scan_devices","agent_id":"edgex-node-001","category":"device","source":"native-ean","v1_purged":0}
{"level":"info","ts":1785239560.6953025,"logger":"discovery","caller":"ean/discovery.go:555","msg":"capability registered/updated","cap_id":"dlt645.list_points","agent_id":"edgex-node-001","category":"device","source":"native-ean","v1_purged":0}
{"level":"info","ts":1785239560.6953025,"logger":"discovery","caller":"ean/discovery.go:555","msg":"capability registered/updated","cap_id":"profinet_io.scan_devices","agent_id":"edgex-node-001","category":"device","source":"native-ean","v1_purged":0}
{"level":"info","ts":1785239560.6953025,"logger":"discovery","caller":"ean/discovery.go:555","msg":"capability registered/updated","cap_id":"modbus_tcp.read_holding_register","agent_id":"edgex-node-001","category":"device","source":"native-ean","v1_purged":0}
{"level":"info","ts":1785239560.6953025,"logger":"discovery","caller":"ean/discovery.go:555","msg":"capability registered/updated","cap_id":"ethercat.list_points","agent_id":"edgex-node-001","category":"device","source":"native-ean","v1_purged":0}
{"level":"info","ts":1785239560.6953025,"logger":"discovery","caller":"ean/discovery.go:555","msg":"capability registered/updated","cap_id":"ai.protocol_reverse","agent_id":"edgex-node-001","category":"ai","source":"native-ean","v1_purged":0}
{"level":"info","ts":1785239560.6953025,"logger":"discovery","caller":"ean/discovery.go:555","msg":"capability registered/updated","cap_id":"modbus_rtu.write_register","agent_id":"edgex-node-001","category":"device","source":"native-ean","v1_purged":0}
{"level":"info","ts":1785239560.6953025,"logger":"discovery","caller":"ean/discovery.go:555","msg":"capability registered/updated","cap_id":"modbus_rtu.list_points","agent_id":"edgex-node-001","category":"device","source":"native-ean","v1_purged":0}
{"level":"info","ts":1785239560.6953025,"logger":"discovery","caller":"ean/discovery.go:555","msg":"capability registered/updated","cap_id":"bacnet_ip.scan_devices","agent_id":"edgex-node-001","category":"device","source":"native-ean","v1_purged":0}
{"level":"info","ts":1785239560.6953025,"logger":"discovery","caller":"ean/discovery.go:555","msg":"capability registered/updated","cap_id":"opc_ua.read_holding_register","agent_id":"edgex-node-001","category":"device","source":"native-ean","v1_purged":0}
{"level":"info","ts":1785239560.6958268,"logger":"discovery","caller":"ean/discovery.go:555","msg":"capability registered/updated","cap_id":"snmp.read_holding_register","agent_id":"edgex-node-001","category":"device","source":"native-ean","v1_purged":0}
{"level":"info","ts":1785239560.6958268,"logger":"discovery","caller":"ean/discovery.go:555","msg":"capability registered/updated","cap_id":"profinet_io.read_holding_register","agent_id":"edgex-node-001","category":"device","source":"native-ean","v1_purged":0}
{"level":"info","ts":1785239560.6958268,"logger":"discovery","caller":"ean/discovery.go:555","msg":"capability registered/updated","cap_id":"bacnet_ip.read_holding_register","agent_id":"edgex-node-001","category":"device","source":"native-ean","v1_purged":0}
{"level":"info","ts":1785239560.6958268,"logger":"discovery","caller":"ean/discovery.go:555","msg":"capability registered/updated","cap_id":"omron_fins.scan_devices","agent_id":"edgex-node-001","category":"device","source":"native-ean","v1_purged":0}
{"level":"info","ts":1785239560.6958268,"logger":"discovery","caller":"ean/discovery.go:555","msg":"capability registered/updated","cap_id":"snmp.scan_devices","agent_id":"edgex-node-001","category":"device","source":"native-ean","v1_purged":0}
{"level":"info","ts":1785239560.6958268,"logger":"discovery","caller":"ean/discovery.go:555","msg":"capability registered/updated","cap_id":"system.diagnostics","agent_id":"edgex-node-001","category":"system","source":"native-ean","v1_purged":0}
{"level":"info","ts":1785239560.6958268,"logger":"discovery","caller":"ean/discovery.go:555","msg":"capability registered/updated","cap_id":"modbus_tcp.scan_devices","agent_id":"edgex-node-001","category":"device","source":"native-ean","v1_purged":0}
{"level":"info","ts":1785239560.6958268,"logger":"discovery","caller":"ean/discovery.go:555","msg":"capability registered/updated","cap_id":"bacnet_ip.list_points","agent_id":"edgex-node-001","category":"device","source":"native-ean","v1_purged":0}
{"level":"info","ts":1785239560.6958268,"logger":"discovery","caller":"ean/discovery.go:555","msg":"capability registered/updated","cap_id":"iec60870_5_104.read_holding_register","agent_id":"edgex-node-001","category":"device","source":"native-ean","v1_purged":0}
{"level":"info","ts":1785239560.6958268,"logger":"discovery","caller":"ean/discovery.go:555","msg":"capability registered/updated","cap_id":"iec60870_5_104.scan_devices","agent_id":"edgex-node-001","category":"device","source":"native-ean","v1_purged":0}
{"level":"info","ts":1785239560.6958268,"logger":"discovery","caller":"ean/discovery.go:555","msg":"capability registered/updated","cap_id":"ethercat.scan_devices","agent_id":"edgex-node-001","category":"device","source":"native-ean","v1_purged":0}
{"level":"info","ts":1785239560.6958268,"logger":"discovery","caller":"ean/discovery.go:555","msg":"capability registered/updated","cap_id":"dlt645.scan_devices","agent_id":"edgex-node-001","category":"device","source":"native-ean","v1_purged":0}
{"level":"info","ts":1785239560.6958268,"logger":"discovery","caller":"ean/discovery.go:555","msg":"capability registered/updated","cap_id":"modbus_rtu.read_holding_register","agent_id":"edgex-node-001","category":"device","source":"native-ean","v1_purged":0}
{"level":"info","ts":1785239560.6958268,"logger":"discovery","caller":"ean/discovery.go:555","msg":"capability registered/updated","cap_id":"modbus_rtu_over_tcp.list_points","agent_id":"edgex-node-001","category":"device","source":"native-ean","v1_purged":0}
{"level":"info","ts":1785239560.6958268,"logger":"discovery","caller":"ean/discovery.go:555","msg":"capability registered/updated","cap_id":"opc_ua.scan_devices","agent_id":"edgex-node-001","category":"device","source":"native-ean","v1_purged":0}
{"level":"info","ts":1785239560.6958268,"logger":"discovery","caller":"ean/discovery.go:555","msg":"capability registered/updated","cap_id":"opc_ua.list_points","agent_id":"edgex-node-001","category":"device","source":"native-ean","v1_purged":0}
{"level":"info","ts":1785239560.6958268,"logger":"discovery","caller":"ean/discovery.go:555","msg":"capability registered/updated","cap_id":"s7.read_holding_register","agent_id":"edgex-node-001","category":"device","source":"native-ean","v1_purged":0}
{"level":"info","ts":1785239560.6958268,"logger":"discovery","caller":"ean/discovery.go:555","msg":"capability registered/updated","cap_id":"omron_fins.list_points","agent_id":"edgex-node-001","category":"device","source":"native-ean","v1_purged":0}
{"level":"info","ts":1785239560.6958268,"logger":"discovery","caller":"ean/discovery.go:555","msg":"capability registered/updated","cap_id":"dlt645.read_holding_register","agent_id":"edgex-node-001","category":"device","source":"native-ean","v1_purged":0}
{"level":"info","ts":1785239560.6958268,"logger":"discovery","caller":"ean/discovery.go:555","msg":"capability registered/updated","cap_id":"profinet_io.list_points","agent_id":"edgex-node-001","category":"device","source":"native-ean","v1_purged":0}
{"level":"info","ts":1785239560.6958268,"logger":"discovery","caller":"ean/discovery.go:555","msg":"capability registered/updated","cap_id":"ethercat.read_holding_register","agent_id":"edgex-node-001","category":"device","source":"native-ean","v1_purged":0}
{"level":"info","ts":1785239560.6958268,"logger":"discovery","caller":"ean/discovery.go:555","msg":"capability registered/updated","cap_id":"modbus_tcp.list_points","agent_id":"edgex-node-001","category":"device","source":"native-ean","v1_purged":0}
{"level":"info","ts":1785239560.6958268,"logger":"discovery","caller":"ean/discovery.go:555","msg":"capability registered/updated","cap_id":"ethernet_ip.scan_devices","agent_id":"edgex-node-001","category":"device","source":"native-ean","v1_purged":0}
{"level":"info","ts":1785239560.6958268,"logger":"discovery","caller":"ean/discovery.go:555","msg":"capability registered/updated","cap_id":"omron_fins.write_register","agent_id":"edgex-node-001","category":"device","source":"native-ean","v1_purged":0}
{"level":"info","ts":1785239560.6958268,"logger":"discovery","caller":"ean/discovery.go:555","msg":"capability registered/updated","cap_id":"modbus_rtu_over_tcp.read_holding_register","agent_id":"edgex-node-001","category":"device","source":"native-ean","v1_purged":0}
{"level":"info","ts":1785239560.6958268,"logger":"discovery","caller":"ean/discovery.go:555","msg":"capability registered/updated","cap_id":"knxnet_ip.list_points","agent_id":"edgex-node-001","category":"device","source":"native-ean","v1_purged":0}
{"level":"info","ts":1785239560.6958268,"logger":"discovery","caller":"ean/discovery.go:236","msg":"discovery response capabilities indexed","count":63,"transport":"mqtt"}
{"level":"info","ts":1785239611.6650848,"logger":"discovery","caller":"ean/discovery.go:555","msg":"capability registered/updated","cap_id":"modbus_tcp.list_points","agent_id":"edgex-node-001","category":"device","source":"native-ean","v1_purged":0}
{"level":"info","ts":1785239611.6650848,"logger":"discovery","caller":"ean/discovery.go:555","msg":"capability registered/updated","cap_id":"ethernet_ip.scan_devices","agent_id":"edgex-node-001","category":"device","source":"native-ean","v1_purged":0}
{"level":"info","ts":1785239611.6650848,"logger":"discovery","caller":"ean/discovery.go:555","msg":"capability registered/updated","cap_id":"omron_fins.write_register","agent_id":"edgex-node-001","category":"device","source":"native-ean","v1_purged":0}
{"level":"info","ts":1785239611.6650848,"logger":"discovery","caller":"ean/discovery.go:555","msg":"capability registered/updated","cap_id":"modbus_rtu_over_tcp.read_holding_register","agent_id":"edgex-node-001","category":"device","source":"native-ean","v1_purged":0}
{"level":"info","ts":1785239611.6650848,"logger":"discovery","caller":"ean/discovery.go:555","msg":"capability registered/updated","cap_id":"knxnet_ip.list_points","agent_id":"edgex-node-001","category":"device","source":"native-ean","v1_purged":0}
{"level":"info","ts":1785239611.6650848,"logger":"discovery","caller":"ean/discovery.go:555","msg":"capability registered/updated","cap_id":"modbus_tcp.write_register","agent_id":"edgex-node-001","category":"device","source":"native-ean","v1_purged":0}
{"level":"info","ts":1785239611.6650848,"logger":"discovery","caller":"ean/discovery.go:555","msg":"capability registered/updated","cap_id":"omron_fins.read_holding_register","agent_id":"edgex-node-001","category":"device","source":"native-ean","v1_purged":0}
{"level":"info","ts":1785239611.6650848,"logger":"discovery","caller":"ean/discovery.go:555","msg":"capability registered/updated","cap_id":"dlt645.write_register","agent_id":"edgex-node-001","category":"device","source":"native-ean","v1_purged":0}
{"level":"info","ts":1785239611.6650848,"logger":"discovery","caller":"ean/discovery.go:555","msg":"capability registered/updated","cap_id":"mitsubishi_slmp.read_holding_register","agent_id":"edgex-node-001","category":"device","source":"native-ean","v1_purged":0}
{"level":"info","ts":1785239611.6650848,"logger":"discovery","caller":"ean/discovery.go:555","msg":"capability registered/updated","cap_id":"iec60870_5_104.write_register","agent_id":"edgex-node-001","category":"device","source":"native-ean","v1_purged":0}
{"level":"info","ts":1785239611.6650848,"logger":"discovery","caller":"ean/discovery.go:555","msg":"capability registered/updated","cap_id":"ethercat.write_register","agent_id":"edgex-node-001","category":"device","source":"native-ean","v1_purged":0}
{"level":"info","ts":1785239611.6650848,"logger":"discovery","caller":"ean/discovery.go:555","msg":"capability registered/updated","cap_id":"modbus_rtu_over_tcp.scan_devices","agent_id":"edgex-node-001","category":"device","source":"native-ean","v1_purged":0}
{"level":"info","ts":1785239611.6650848,"logger":"discovery","caller":"ean/discovery.go:555","msg":"capability registered/updated","cap_id":"s7.list_points","agent_id":"edgex-node-001","category":"device","source":"native-ean","v1_purged":0}
{"level":"info","ts":1785239611.6650848,"logger":"discovery","caller":"ean/discovery.go:555","msg":"capability registered/updated","cap_id":"mitsubishi_slmp.write_register","agent_id":"edgex-node-001","category":"device","source":"native-ean","v1_purged":0}
{"level":"info","ts":1785239611.6650848,"logger":"discovery","caller":"ean/discovery.go:555","msg":"capability registered/updated","cap_id":"profinet_io.write_register","agent_id":"edgex-node-001","category":"device","source":"native-ean","v1_purged":0}
{"level":"info","ts":1785239611.6650848,"logger":"discovery","caller":"ean/discovery.go:555","msg":"capability registered/updated","cap_id":"mitsubishi_slmp.scan_devices","agent_id":"edgex-node-001","category":"device","source":"native-ean","v1_purged":0}
{"level":"info","ts":1785239611.6650848,"logger":"discovery","caller":"ean/discovery.go:555","msg":"capability registered/updated","cap_id":"bacnet_ip.write_register","agent_id":"edgex-node-001","category":"device","source":"native-ean","v1_purged":0}
{"level":"info","ts":1785239611.6650848,"logger":"discovery","caller":"ean/discovery.go:555","msg":"capability registered/updated","cap_id":"s7.write_register","agent_id":"edgex-node-001","category":"device","source":"native-ean","v1_purged":0}
{"level":"info","ts":1785239611.6650848,"logger":"discovery","caller":"ean/discovery.go:555","msg":"capability registered/updated","cap_id":"s7.scan_devices","agent_id":"edgex-node-001","category":"device","source":"native-ean","v1_purged":0}
{"level":"info","ts":1785239611.6650848,"logger":"discovery","caller":"ean/discovery.go:555","msg":"capability registered/updated","cap_id":"opc_ua.write_register","agent_id":"edgex-node-001","category":"device","source":"native-ean","v1_purged":0}
{"level":"info","ts":1785239611.6650848,"logger":"discovery","caller":"ean/discovery.go:555","msg":"capability registered/updated","cap_id":"knxnet_ip.read_holding_register","agent_id":"edgex-node-001","category":"device","source":"native-ean","v1_purged":0}
{"level":"info","ts":1785239611.6650848,"logger":"discovery","caller":"ean/discovery.go:555","msg":"capability registered/updated","cap_id":"ethernet_ip.list_points","agent_id":"edgex-node-001","category":"device","source":"native-ean","v1_purged":0}
{"level":"info","ts":1785239611.6650848,"logger":"discovery","caller":"ean/discovery.go:555","msg":"capability registered/updated","cap_id":"modbus_rtu.scan_devices","agent_id":"edgex-node-001","category":"device","source":"native-ean","v1_purged":0}
{"level":"info","ts":1785239611.6650848,"logger":"discovery","caller":"ean/discovery.go:555","msg":"capability registered/updated","cap_id":"ethernet_ip.read_holding_register","agent_id":"edgex-node-001","category":"device","source":"native-ean","v1_purged":0}
{"level":"info","ts":1785239611.6650848,"logger":"discovery","caller":"ean/discovery.go:555","msg":"capability registered/updated","cap_id":"ethernet_ip.write_register","agent_id":"edgex-node-001","category":"device","source":"native-ean","v1_purged":0}
{"level":"info","ts":1785239611.6650848,"logger":"discovery","caller":"ean/discovery.go:555","msg":"capability registered/updated","cap_id":"knxnet_ip.write_register","agent_id":"edgex-node-001","category":"device","source":"native-ean","v1_purged":0}
{"level":"info","ts":1785239611.6650848,"logger":"discovery","caller":"ean/discovery.go:555","msg":"capability registered/updated","cap_id":"snmp.write_register","agent_id":"edgex-node-001","category":"device","source":"native-ean","v1_purged":0}
{"level":"info","ts":1785239611.6650848,"logger":"discovery","caller":"ean/discovery.go:555","msg":"capability registered/updated","cap_id":"snmp.list_points","agent_id":"edgex-node-001","category":"device","source":"native-ean","v1_purged":0}
{"level":"info","ts":1785239611.6650848,"logger":"discovery","caller":"ean/discovery.go:555","msg":"capability registered/updated","cap_id":"modbus_rtu_over_tcp.write_register","agent_id":"edgex-node-001","category":"device","source":"native-ean","v1_purged":0}
{"level":"info","ts":1785239611.6650848,"logger":"discovery","caller":"ean/discovery.go:555","msg":"capability registered/updated","cap_id":"iec60870_5_104.list_points","agent_id":"edgex-node-001","category":"device","source":"native-ean","v1_purged":0}
{"level":"info","ts":1785239611.6650848,"logger":"discovery","caller":"ean/discovery.go:555","msg":"capability registered/updated","cap_id":"mitsubishi_slmp.list_points","agent_id":"edgex-node-001","category":"device","source":"native-ean","v1_purged":0}
{"level":"info","ts":1785239611.6650848,"logger":"discovery","caller":"ean/discovery.go:555","msg":"capability registered/updated","cap_id":"ai.doc_parse","agent_id":"edgex-node-001","category":"ai","source":"native-ean","v1_purged":0}
{"level":"info","ts":1785239611.6650848,"logger":"discovery","caller":"ean/discovery.go:555","msg":"capability registered/updated","cap_id":"knxnet_ip.scan_devices","agent_id":"edgex-node-001","category":"device","source":"native-ean","v1_purged":0}
{"level":"info","ts":1785239611.6650848,"logger":"discovery","caller":"ean/discovery.go:555","msg":"capability registered/updated","cap_id":"dlt645.list_points","agent_id":"edgex-node-001","category":"device","source":"native-ean","v1_purged":0}
{"level":"info","ts":1785239611.6650848,"logger":"discovery","caller":"ean/discovery.go:555","msg":"capability registered/updated","cap_id":"profinet_io.scan_devices","agent_id":"edgex-node-001","category":"device","source":"native-ean","v1_purged":0}
{"level":"info","ts":1785239611.6650848,"logger":"discovery","caller":"ean/discovery.go:555","msg":"capability registered/updated","cap_id":"modbus_tcp.read_holding_register","agent_id":"edgex-node-001","category":"device","source":"native-ean","v1_purged":0}
{"level":"info","ts":1785239611.6650848,"logger":"discovery","caller":"ean/discovery.go:555","msg":"capability registered/updated","cap_id":"ethercat.list_points","agent_id":"edgex-node-001","category":"device","source":"native-ean","v1_purged":0}
{"level":"info","ts":1785239611.6650848,"logger":"discovery","caller":"ean/discovery.go:555","msg":"capability registered/updated","cap_id":"ai.protocol_reverse","agent_id":"edgex-node-001","category":"ai","source":"native-ean","v1_purged":0}
{"level":"info","ts":1785239611.6650848,"logger":"discovery","caller":"ean/discovery.go:555","msg":"capability registered/updated","cap_id":"modbus_rtu.write_register","agent_id":"edgex-node-001","category":"device","source":"native-ean","v1_purged":0}
{"level":"info","ts":1785239611.6650848,"logger":"discovery","caller":"ean/discovery.go:555","msg":"capability registered/updated","cap_id":"modbus_rtu.list_points","agent_id":"edgex-node-001","category":"device","source":"native-ean","v1_purged":0}
{"level":"info","ts":1785239611.6650848,"logger":"discovery","caller":"ean/discovery.go:555","msg":"capability registered/updated","cap_id":"bacnet_ip.scan_devices","agent_id":"edgex-node-001","category":"device","source":"native-ean","v1_purged":0}
{"level":"info","ts":1785239611.6650848,"logger":"discovery","caller":"ean/discovery.go:555","msg":"capability registered/updated","cap_id":"opc_ua.read_holding_register","agent_id":"edgex-node-001","category":"device","source":"native-ean","v1_purged":0}
{"level":"info","ts":1785239611.6650848,"logger":"discovery","caller":"ean/discovery.go:555","msg":"capability registered/updated","cap_id":"snmp.read_holding_register","agent_id":"edgex-node-001","category":"device","source":"native-ean","v1_purged":0}
{"level":"info","ts":1785239611.6650848,"logger":"discovery","caller":"ean/discovery.go:555","msg":"capability registered/updated","cap_id":"profinet_io.read_holding_register","agent_id":"edgex-node-001","category":"device","source":"native-ean","v1_purged":0}
{"level":"info","ts":1785239611.6650848,"logger":"discovery","caller":"ean/discovery.go:555","msg":"capability registered/updated","cap_id":"bacnet_ip.read_holding_register","agent_id":"edgex-node-001","category":"device","source":"native-ean","v1_purged":0}
{"level":"info","ts":1785239611.6650848,"logger":"discovery","caller":"ean/discovery.go:555","msg":"capability registered/updated","cap_id":"omron_fins.scan_devices","agent_id":"edgex-node-001","category":"device","source":"native-ean","v1_purged":0}
{"level":"info","ts":1785239611.6650848,"logger":"discovery","caller":"ean/discovery.go:555","msg":"capability registered/updated","cap_id":"snmp.scan_devices","agent_id":"edgex-node-001","category":"device","source":"native-ean","v1_purged":0}
{"level":"info","ts":1785239611.6650848,"logger":"discovery","caller":"ean/discovery.go:555","msg":"capability registered/updated","cap_id":"system.diagnostics","agent_id":"edgex-node-001","category":"system","source":"native-ean","v1_purged":0}
{"level":"info","ts":1785239611.6650848,"logger":"discovery","caller":"ean/discovery.go:555","msg":"capability registered/updated","cap_id":"modbus_tcp.scan_devices","agent_id":"edgex-node-001","category":"device","source":"native-ean","v1_purged":0}
{"level":"info","ts":1785239611.6656082,"logger":"discovery","caller":"ean/discovery.go:555","msg":"capability registered/updated","cap_id":"bacnet_ip.list_points","agent_id":"edgex-node-001","category":"device","source":"native-ean","v1_purged":0}
{"level":"info","ts":1785239611.6656082,"logger":"discovery","caller":"ean/discovery.go:555","msg":"capability registered/updated","cap_id":"iec60870_5_104.read_holding_register","agent_id":"edgex-node-001","category":"device","source":"native-ean","v1_purged":0}
{"level":"info","ts":1785239611.6656082,"logger":"discovery","caller":"ean/discovery.go:555","msg":"capability registered/updated","cap_id":"iec60870_5_104.scan_devices","agent_id":"edgex-node-001","category":"device","source":"native-ean","v1_purged":0}
{"level":"info","ts":1785239611.6656082,"logger":"discovery","caller":"ean/discovery.go:555","msg":"capability registered/updated","cap_id":"ethercat.scan_devices","agent_id":"edgex-node-001","category":"device","source":"native-ean","v1_purged":0}
{"level":"info","ts":1785239611.6656082,"logger":"discovery","caller":"ean/discovery.go:555","msg":"capability registered/updated","cap_id":"dlt645.scan_devices","agent_id":"edgex-node-001","category":"device","source":"native-ean","v1_purged":0}
{"level":"info","ts":1785239611.6656082,"logger":"discovery","caller":"ean/discovery.go:555","msg":"capability registered/updated","cap_id":"modbus_rtu.read_holding_register","agent_id":"edgex-node-001","category":"device","source":"native-ean","v1_purged":0}
{"level":"info","ts":1785239611.6656082,"logger":"discovery","caller":"ean/discovery.go:555","msg":"capability registered/updated","cap_id":"modbus_rtu_over_tcp.list_points","agent_id":"edgex-node-001","category":"device","source":"native-ean","v1_purged":0}
{"level":"info","ts":1785239611.6656082,"logger":"discovery","caller":"ean/discovery.go:555","msg":"capability registered/updated","cap_id":"opc_ua.scan_devices","agent_id":"edgex-node-001","category":"device","source":"native-ean","v1_purged":0}
{"level":"info","ts":1785239611.6656082,"logger":"discovery","caller":"ean/discovery.go:555","msg":"capability registered/updated","cap_id":"opc_ua.list_points","agent_id":"edgex-node-001","category":"device","source":"native-ean","v1_purged":0}
{"level":"info","ts":1785239611.6656082,"logger":"discovery","caller":"ean/discovery.go:555","msg":"capability registered/updated","cap_id":"s7.read_holding_register","agent_id":"edgex-node-001","category":"device","source":"native-ean","v1_purged":0}
{"level":"info","ts":1785239611.6656082,"logger":"discovery","caller":"ean/discovery.go:555","msg":"capability registered/updated","cap_id":"omron_fins.list_points","agent_id":"edgex-node-001","category":"device","source":"native-ean","v1_purged":0}
{"level":"info","ts":1785239611.6656082,"logger":"discovery","caller":"ean/discovery.go:555","msg":"capability registered/updated","cap_id":"dlt645.read_holding_register","agent_id":"edgex-node-001","category":"device","source":"native-ean","v1_purged":0}
{"level":"info","ts":1785239611.6657007,"logger":"discovery","caller":"ean/discovery.go:555","msg":"capability registered/updated","cap_id":"profinet_io.list_points","agent_id":"edgex-node-001","category":"device","source":"native-ean","v1_purged":0}
{"level":"info","ts":1785239611.6657007,"logger":"discovery","caller":"ean/discovery.go:555","msg":"capability registered/updated","cap_id":"ethercat.read_holding_register","agent_id":"edgex-node-001","category":"device","source":"native-ean","v1_purged":0}
{"level":"warn","ts":1785239613.679783,"logger":"heartbeat","caller":"ean/heartbeat.go:151","msg":"heartbeat sequence regression detected","agent_id":"edgex-node-001","old_seq":43,"new_seq":0}
{"level":"info","ts":1785239671.6640203,"logger":"discovery","caller":"ean/discovery.go:555","msg":"capability registered/updated","cap_id":"s7.read_holding_register","agent_id":"edgex-node-001","category":"device","source":"native-ean","v1_purged":0}
{"level":"info","ts":1785239671.6640203,"logger":"discovery","caller":"ean/discovery.go:555","msg":"capability registered/updated","cap_id":"omron_fins.list_points","agent_id":"edgex-node-001","category":"device","source":"native-ean","v1_purged":0}
{"level":"info","ts":1785239671.6640203,"logger":"discovery","caller":"ean/discovery.go:555","msg":"capability registered/updated","cap_id":"dlt645.read_holding_register","agent_id":"edgex-node-001","category":"device","source":"native-ean","v1_purged":0}
{"level":"info","ts":1785239671.6640203,"logger":"discovery","caller":"ean/discovery.go:555","msg":"capability registered/updated","cap_id":"profinet_io.list_points","agent_id":"edgex-node-001","category":"device","source":"native-ean","v1_purged":0}
{"level":"info","ts":1785239671.6640203,"logger":"discovery","caller":"ean/discovery.go:555","msg":"capability registered/updated","cap_id":"ethercat.read_holding_register","agent_id":"edgex-node-001","category":"device","source":"native-ean","v1_purged":0}
{"level":"info","ts":1785239671.6640203,"logger":"discovery","caller":"ean/discovery.go:555","msg":"capability registered/updated","cap_id":"modbus_tcp.list_points","agent_id":"edgex-node-001","category":"device","source":"native-ean","v1_purged":0}
{"level":"info","ts":1785239671.6640203,"logger":"discovery","caller":"ean/discovery.go:555","msg":"capability registered/updated","cap_id":"ethernet_ip.scan_devices","agent_id":"edgex-node-001","category":"device","source":"native-ean","v1_purged":0}
{"level":"info","ts":1785239671.6640203,"logger":"discovery","caller":"ean/discovery.go:555","msg":"capability registered/updated","cap_id":"omron_fins.write_register","agent_id":"edgex-node-001","category":"device","source":"native-ean","v1_purged":0}
{"level":"info","ts":1785239671.6640203,"logger":"discovery","caller":"ean/discovery.go:555","msg":"capability registered/updated","cap_id":"modbus_rtu_over_tcp.read_holding_register","agent_id":"edgex-node-001","category":"device","source":"native-ean","v1_purged":0}
{"level":"info","ts":1785239671.6640203,"logger":"discovery","caller":"ean/discovery.go:555","msg":"capability registered/updated","cap_id":"knxnet_ip.list_points","agent_id":"edgex-node-001","category":"device","source":"native-ean","v1_purged":0}
{"level":"info","ts":1785239671.6640203,"logger":"discovery","caller":"ean/discovery.go:555","msg":"capability registered/updated","cap_id":"modbus_tcp.write_register","agent_id":"edgex-node-001","category":"device","source":"native-ean","v1_purged":0}
{"level":"info","ts":1785239671.6640203,"logger":"discovery","caller":"ean/discovery.go:555","msg":"capability registered/updated","cap_id":"omron_fins.read_holding_register","agent_id":"edgex-node-001","category":"device","source":"native-ean","v1_purged":0}
{"level":"info","ts":1785239671.6640203,"logger":"discovery","caller":"ean/discovery.go:555","msg":"capability registered/updated","cap_id":"dlt645.write_register","agent_id":"edgex-node-001","category":"device","source":"native-ean","v1_purged":0}
{"level":"info","ts":1785239671.6640203,"logger":"discovery","caller":"ean/discovery.go:555","msg":"capability registered/updated","cap_id":"mitsubishi_slmp.read_holding_register","agent_id":"edgex-node-001","category":"device","source":"native-ean","v1_purged":0}
{"level":"info","ts":1785239671.6640203,"logger":"discovery","caller":"ean/discovery.go:555","msg":"capability registered/updated","cap_id":"iec60870_5_104.write_register","agent_id":"edgex-node-001","category":"device","source":"native-ean","v1_purged":0}
{"level":"info","ts":1785239671.6640203,"logger":"discovery","caller":"ean/discovery.go:555","msg":"capability registered/updated","cap_id":"ethercat.write_register","agent_id":"edgex-node-001","category":"device","source":"native-ean","v1_purged":0}
{"level":"info","ts":1785239671.6640203,"logger":"discovery","caller":"ean/discovery.go:555","msg":"capability registered/updated","cap_id":"modbus_rtu_over_tcp.scan_devices","agent_id":"edgex-node-001","category":"device","source":"native-ean","v1_purged":0}
{"level":"info","ts":1785239671.6640203,"logger":"discovery","caller":"ean/discovery.go:555","msg":"capability registered/updated","cap_id":"s7.list_points","agent_id":"edgex-node-001","category":"device","source":"native-ean","v1_purged":0}
{"level":"info","ts":1785239671.6640203,"logger":"discovery","caller":"ean/discovery.go:555","msg":"capability registered/updated","cap_id":"mitsubishi_slmp.write_register","agent_id":"edgex-node-001","category":"device","source":"native-ean","v1_purged":0}
{"level":"info","ts":1785239671.6640203,"logger":"discovery","caller":"ean/discovery.go:555","msg":"capability registered/updated","cap_id":"profinet_io.write_register","agent_id":"edgex-node-001","category":"device","source":"native-ean","v1_purged":0}
{"level":"info","ts":1785239671.6645668,"logger":"discovery","caller":"ean/discovery.go:555","msg":"capability registered/updated","cap_id":"mitsubishi_slmp.scan_devices","agent_id":"edgex-node-001","category":"device","source":"native-ean","v1_purged":0}
{"level":"info","ts":1785239671.6645668,"logger":"discovery","caller":"ean/discovery.go:555","msg":"capability registered/updated","cap_id":"bacnet_ip.write_register","agent_id":"edgex-node-001","category":"device","source":"native-ean","v1_purged":0}
{"level":"info","ts":1785239671.6645668,"logger":"discovery","caller":"ean/discovery.go:555","msg":"capability registered/updated","cap_id":"s7.write_register","agent_id":"edgex-node-001","category":"device","source":"native-ean","v1_purged":0}
{"level":"info","ts":1785239671.6645668,"logger":"discovery","caller":"ean/discovery.go:555","msg":"capability registered/updated","cap_id":"s7.scan_devices","agent_id":"edgex-node-001","category":"device","source":"native-ean","v1_purged":0}
{"level":"info","ts":1785239671.6645668,"logger":"discovery","caller":"ean/discovery.go:555","msg":"capability registered/updated","cap_id":"opc_ua.write_register","agent_id":"edgex-node-001","category":"device","source":"native-ean","v1_purged":0}
{"level":"info","ts":1785239671.6645668,"logger":"discovery","caller":"ean/discovery.go:555","msg":"capability registered/updated","cap_id":"knxnet_ip.read_holding_register","agent_id":"edgex-node-001","category":"device","source":"native-ean","v1_purged":0}
{"level":"info","ts":1785239671.6645668,"logger":"discovery","caller":"ean/discovery.go:555","msg":"capability registered/updated","cap_id":"ethernet_ip.list_points","agent_id":"edgex-node-001","category":"device","source":"native-ean","v1_purged":0}
{"level":"info","ts":1785239671.6645668,"logger":"discovery","caller":"ean/discovery.go:555","msg":"capability registered/updated","cap_id":"modbus_rtu.scan_devices","agent_id":"edgex-node-001","category":"device","source":"native-ean","v1_purged":0}
{"level":"info","ts":1785239671.6645668,"logger":"discovery","caller":"ean/discovery.go:555","msg":"capability registered/updated","cap_id":"ethernet_ip.read_holding_register","agent_id":"edgex-node-001","category":"device","source":"native-ean","v1_purged":0}
{"level":"info","ts":1785239671.6645668,"logger":"discovery","caller":"ean/discovery.go:555","msg":"capability registered/updated","cap_id":"ethernet_ip.write_register","agent_id":"edgex-node-001","category":"device","source":"native-ean","v1_purged":0}
{"level":"info","ts":1785239671.6645668,"logger":"discovery","caller":"ean/discovery.go:555","msg":"capability registered/updated","cap_id":"knxnet_ip.write_register","agent_id":"edgex-node-001","category":"device","source":"native-ean","v1_purged":0}
{"level":"info","ts":1785239671.6645668,"logger":"discovery","caller":"ean/discovery.go:555","msg":"capability registered/updated","cap_id":"snmp.write_register","agent_id":"edgex-node-001","category":"device","source":"native-ean","v1_purged":0}
{"level":"info","ts":1785239671.6645668,"logger":"discovery","caller":"ean/discovery.go:555","msg":"capability registered/updated","cap_id":"snmp.list_points","agent_id":"edgex-node-001","category":"device","source":"native-ean","v1_purged":0}
{"level":"info","ts":1785239671.6645668,"logger":"discovery","caller":"ean/discovery.go:555","msg":"capability registered/updated","cap_id":"modbus_rtu_over_tcp.write_register","agent_id":"edgex-node-001","category":"device","source":"native-ean","v1_purged":0}
{"level":"info","ts":1785239671.6645668,"logger":"discovery","caller":"ean/discovery.go:555","msg":"capability registered/updated","cap_id":"iec60870_5_104.list_points","agent_id":"edgex-node-001","category":"device","source":"native-ean","v1_purged":0}
{"level":"info","ts":1785239671.6645668,"logger":"discovery","caller":"ean/discovery.go:555","msg":"capability registered/updated","cap_id":"mitsubishi_slmp.list_points","agent_id":"edgex-node-001","category":"device","source":"native-ean","v1_purged":0}
{"level":"info","ts":1785239671.6645668,"logger":"discovery","caller":"ean/discovery.go:555","msg":"capability registered/updated","cap_id":"ai.doc_parse","agent_id":"edgex-node-001","category":"ai","source":"native-ean","v1_purged":0}
{"level":"info","ts":1785239671.6645668,"logger":"discovery","caller":"ean/discovery.go:555","msg":"capability registered/updated","cap_id":"knxnet_ip.scan_devices","agent_id":"edgex-node-001","category":"device","source":"native-ean","v1_purged":0}
{"level":"info","ts":1785239671.6645668,"logger":"discovery","caller":"ean/discovery.go:555","msg":"capability registered/updated","cap_id":"dlt645.list_points","agent_id":"edgex-node-001","category":"device","source":"native-ean","v1_purged":0}
{"level":"info","ts":1785239671.6645668,"logger":"discovery","caller":"ean/discovery.go:555","msg":"capability registered/updated","cap_id":"profinet_io.scan_devices","agent_id":"edgex-node-001","category":"device","source":"native-ean","v1_purged":0}
{"level":"info","ts":1785239671.6645668,"logger":"discovery","caller":"ean/discovery.go:555","msg":"capability registered/updated","cap_id":"modbus_tcp.read_holding_register","agent_id":"edgex-node-001","category":"device","source":"native-ean","v1_purged":0}
{"level":"info","ts":1785239671.6645668,"logger":"discovery","caller":"ean/discovery.go:555","msg":"capability registered/updated","cap_id":"ethercat.list_points","agent_id":"edgex-node-001","category":"device","source":"native-ean","v1_purged":0}
{"level":"info","ts":1785239671.6645668,"logger":"discovery","caller":"ean/discovery.go:555","msg":"capability registered/updated","cap_id":"ai.protocol_reverse","agent_id":"edgex-node-001","category":"ai","source":"native-ean","v1_purged":0}
{"level":"info","ts":1785239671.6645668,"logger":"discovery","caller":"ean/discovery.go:555","msg":"capability registered/updated","cap_id":"modbus_rtu.write_register","agent_id":"edgex-node-001","category":"device","source":"native-ean","v1_purged":0}
{"level":"info","ts":1785239671.6645668,"logger":"discovery","caller":"ean/discovery.go:555","msg":"capability registered/updated","cap_id":"modbus_rtu.list_points","agent_id":"edgex-node-001","category":"device","source":"native-ean","v1_purged":0}
{"level":"info","ts":1785239671.6645668,"logger":"discovery","caller":"ean/discovery.go:555","msg":"capability registered/updated","cap_id":"bacnet_ip.scan_devices","agent_id":"edgex-node-001","category":"device","source":"native-ean","v1_purged":0}
{"level":"info","ts":1785239671.6645668,"logger":"discovery","caller":"ean/discovery.go:555","msg":"capability registered/updated","cap_id":"opc_ua.read_holding_register","agent_id":"edgex-node-001","category":"device","source":"native-ean","v1_purged":0}
{"level":"info","ts":1785239671.6645668,"logger":"discovery","caller":"ean/discovery.go:555","msg":"capability registered/updated","cap_id":"snmp.read_holding_register","agent_id":"edgex-node-001","category":"device","source":"native-ean","v1_purged":0}
{"level":"info","ts":1785239671.6645668,"logger":"discovery","caller":"ean/discovery.go:555","msg":"capability registered/updated","cap_id":"profinet_io.read_holding_register","agent_id":"edgex-node-001","category":"device","source":"native-ean","v1_purged":0}
{"level":"info","ts":1785239671.6645668,"logger":"discovery","caller":"ean/discovery.go:555","msg":"capability registered/updated","cap_id":"bacnet_ip.read_holding_register","agent_id":"edgex-node-001","category":"device","source":"native-ean","v1_purged":0}
{"level":"info","ts":1785239671.6645668,"logger":"discovery","caller":"ean/discovery.go:555","msg":"capability registered/updated","cap_id":"omron_fins.scan_devices","agent_id":"edgex-node-001","category":"device","source":"native-ean","v1_purged":0}
{"level":"info","ts":1785239671.6645668,"logger":"discovery","caller":"ean/discovery.go:555","msg":"capability registered/updated","cap_id":"snmp.scan_devices","agent_id":"edgex-node-001","category":"device","source":"native-ean","v1_purged":0}
{"level":"info","ts":1785239671.6645668,"logger":"discovery","caller":"ean/discovery.go:555","msg":"capability registered/updated","cap_id":"system.diagnostics","agent_id":"edgex-node-001","category":"system","source":"native-ean","v1_purged":0}
{"level":"info","ts":1785239671.6645668,"logger":"discovery","caller":"ean/discovery.go:555","msg":"capability registered/updated","cap_id":"modbus_tcp.scan_devices","agent_id":"edgex-node-001","category":"device","source":"native-ean","v1_purged":0}
{"level":"info","ts":1785239671.6645668,"logger":"discovery","caller":"ean/discovery.go:555","msg":"capability registered/updated","cap_id":"bacnet_ip.list_points","agent_id":"edgex-node-001","category":"device","source":"native-ean","v1_purged":0}
{"level":"info","ts":1785239671.6645668,"logger":"discovery","caller":"ean/discovery.go:555","msg":"capability registered/updated","cap_id":"iec60870_5_104.read_holding_register","agent_id":"edgex-node-001","category":"device","source":"native-ean","v1_purged":0}
{"level":"info","ts":1785239671.6645668,"logger":"discovery","caller":"ean/discovery.go:555","msg":"capability registered/updated","cap_id":"iec60870_5_104.scan_devices","agent_id":"edgex-node-001","category":"device","source":"native-ean","v1_purged":0}
{"level":"info","ts":1785239671.6645668,"logger":"discovery","caller":"ean/discovery.go:555","msg":"capability registered/updated","cap_id":"ethercat.scan_devices","agent_id":"edgex-node-001","category":"device","source":"native-ean","v1_purged":0}
{"level":"info","ts":1785239671.6645668,"logger":"discovery","caller":"ean/discovery.go:555","msg":"capability registered/updated","cap_id":"dlt645.scan_devices","agent_id":"edgex-node-001","category":"device","source":"native-ean","v1_purged":0}
{"level":"info","ts":1785239671.6645668,"logger":"discovery","caller":"ean/discovery.go:555","msg":"capability registered/updated","cap_id":"modbus_rtu.read_holding_register","agent_id":"edgex-node-001","category":"device","source":"native-ean","v1_purged":0}
{"level":"info","ts":1785239671.6645668,"logger":"discovery","caller":"ean/discovery.go:555","msg":"capability registered/updated","cap_id":"modbus_rtu_over_tcp.list_points","agent_id":"edgex-node-001","category":"device","source":"native-ean","v1_purged":0}
{"level":"info","ts":1785239671.6645668,"logger":"discovery","caller":"ean/discovery.go:555","msg":"capability registered/updated","cap_id":"opc_ua.scan_devices","agent_id":"edgex-node-001","category":"device","source":"native-ean","v1_purged":0}
{"level":"info","ts":1785239671.6645668,"logger":"discovery","caller":"ean/discovery.go:555","msg":"capability registered/updated","cap_id":"opc_ua.list_points","agent_id":"edgex-node-001","category":"device","source":"native-ean","v1_purged":0}
{"level":"warn","ts":1785239673.6799788,"logger":"heartbeat","caller":"ean/heartbeat.go:151","msg":"heartbeat sequence regression detected","agent_id":"edgex-node-001","old_seq":44,"new_seq":0}
{"level":"info","ts":1785239731.6632645,"logger":"discovery","caller":"ean/discovery.go:555","msg":"capability registered/updated","cap_id":"s7.scan_devices","agent_id":"edgex-node-001","category":"device","source":"native-ean","v1_purged":0}
{"level":"info","ts":1785239731.6632645,"logger":"discovery","caller":"ean/discovery.go:555","msg":"capability registered/updated","cap_id":"opc_ua.write_register","agent_id":"edgex-node-001","category":"device","source":"native-ean","v1_purged":0}
{"level":"info","ts":1785239731.6632645,"logger":"discovery","caller":"ean/discovery.go:555","msg":"capability registered/updated","cap_id":"knxnet_ip.read_holding_register","agent_id":"edgex-node-001","category":"device","source":"native-ean","v1_purged":0}
{"level":"info","ts":1785239731.6638093,"logger":"discovery","caller":"ean/discovery.go:555","msg":"capability registered/updated","cap_id":"ethernet_ip.list_points","agent_id":"edgex-node-001","category":"device","source":"native-ean","v1_purged":0}
{"level":"info","ts":1785239731.6638093,"logger":"discovery","caller":"ean/discovery.go:555","msg":"capability registered/updated","cap_id":"modbus_rtu.scan_devices","agent_id":"edgex-node-001","category":"device","source":"native-ean","v1_purged":0}
{"level":"info","ts":1785239731.6638093,"logger":"discovery","caller":"ean/discovery.go:555","msg":"capability registered/updated","cap_id":"ethernet_ip.read_holding_register","agent_id":"edgex-node-001","category":"device","source":"native-ean","v1_purged":0}
{"level":"info","ts":1785239731.6638093,"logger":"discovery","caller":"ean/discovery.go:555","msg":"capability registered/updated","cap_id":"ethernet_ip.write_register","agent_id":"edgex-node-001","category":"device","source":"native-ean","v1_purged":0}
{"level":"info","ts":1785239731.6638093,"logger":"discovery","caller":"ean/discovery.go:555","msg":"capability registered/updated","cap_id":"knxnet_ip.write_register","agent_id":"edgex-node-001","category":"device","source":"native-ean","v1_purged":0}
{"level":"info","ts":1785239731.6638093,"logger":"discovery","caller":"ean/discovery.go:555","msg":"capability registered/updated","cap_id":"snmp.write_register","agent_id":"edgex-node-001","category":"device","source":"native-ean","v1_purged":0}
{"level":"info","ts":1785239731.6638093,"logger":"discovery","caller":"ean/discovery.go:555","msg":"capability registered/updated","cap_id":"snmp.list_points","agent_id":"edgex-node-001","category":"device","source":"native-ean","v1_purged":0}
{"level":"info","ts":1785239731.6638093,"logger":"discovery","caller":"ean/discovery.go:555","msg":"capability registered/updated","cap_id":"modbus_rtu_over_tcp.write_register","agent_id":"edgex-node-001","category":"device","source":"native-ean","v1_purged":0}
{"level":"info","ts":1785239731.6638093,"logger":"discovery","caller":"ean/discovery.go:555","msg":"capability registered/updated","cap_id":"iec60870_5_104.list_points","agent_id":"edgex-node-001","category":"device","source":"native-ean","v1_purged":0}
{"level":"info","ts":1785239731.6638093,"logger":"discovery","caller":"ean/discovery.go:555","msg":"capability registered/updated","cap_id":"mitsubishi_slmp.list_points","agent_id":"edgex-node-001","category":"device","source":"native-ean","v1_purged":0}
{"level":"info","ts":1785239731.6638093,"logger":"discovery","caller":"ean/discovery.go:555","msg":"capability registered/updated","cap_id":"ai.doc_parse","agent_id":"edgex-node-001","category":"ai","source":"native-ean","v1_purged":0}
{"level":"info","ts":1785239731.6638093,"logger":"discovery","caller":"ean/discovery.go:555","msg":"capability registered/updated","cap_id":"knxnet_ip.scan_devices","agent_id":"edgex-node-001","category":"device","source":"native-ean","v1_purged":0}
{"level":"info","ts":1785239731.6638093,"logger":"discovery","caller":"ean/discovery.go:555","msg":"capability registered/updated","cap_id":"dlt645.list_points","agent_id":"edgex-node-001","category":"device","source":"native-ean","v1_purged":0}
{"level":"info","ts":1785239731.6638093,"logger":"discovery","caller":"ean/discovery.go:555","msg":"capability registered/updated","cap_id":"profinet_io.scan_devices","agent_id":"edgex-node-001","category":"device","source":"native-ean","v1_purged":0}
{"level":"info","ts":1785239731.6638093,"logger":"discovery","caller":"ean/discovery.go:555","msg":"capability registered/updated","cap_id":"modbus_tcp.read_holding_register","agent_id":"edgex-node-001","category":"device","source":"native-ean","v1_purged":0}
{"level":"info","ts":1785239731.6638093,"logger":"discovery","caller":"ean/discovery.go:555","msg":"capability registered/updated","cap_id":"ethercat.list_points","agent_id":"edgex-node-001","category":"device","source":"native-ean","v1_purged":0}
{"level":"info","ts":1785239731.6638093,"logger":"discovery","caller":"ean/discovery.go:555","msg":"capability registered/updated","cap_id":"ai.protocol_reverse","agent_id":"edgex-node-001","category":"ai","source":"native-ean","v1_purged":0}
{"level":"info","ts":1785239731.6638093,"logger":"discovery","caller":"ean/discovery.go:555","msg":"capability registered/updated","cap_id":"modbus_rtu.write_register","agent_id":"edgex-node-001","category":"device","source":"native-ean","v1_purged":0}
{"level":"info","ts":1785239731.6638837,"logger":"discovery","caller":"ean/discovery.go:555","msg":"capability registered/updated","cap_id":"modbus_rtu.list_points","agent_id":"edgex-node-001","category":"device","source":"native-ean","v1_purged":0}
{"level":"info","ts":1785239731.6638837,"logger":"discovery","caller":"ean/discovery.go:555","msg":"capability registered/updated","cap_id":"bacnet_ip.scan_devices","agent_id":"edgex-node-001","category":"device","source":"native-ean","v1_purged":0}
{"level":"info","ts":1785239731.6638837,"logger":"discovery","caller":"ean/discovery.go:555","msg":"capability registered/updated","cap_id":"opc_ua.read_holding_register","agent_id":"edgex-node-001","category":"device","source":"native-ean","v1_purged":0}
{"level":"info","ts":1785239731.6638837,"logger":"discovery","caller":"ean/discovery.go:555","msg":"capability registered/updated","cap_id":"snmp.read_holding_register","agent_id":"edgex-node-001","category":"device","source":"native-ean","v1_purged":0}
{"level":"info","ts":1785239731.6638837,"logger":"discovery","caller":"ean/discovery.go:555","msg":"capability registered/updated","cap_id":"profinet_io.read_holding_register","agent_id":"edgex-node-001","category":"device","source":"native-ean","v1_purged":0}
{"level":"info","ts":1785239731.6638837,"logger":"discovery","caller":"ean/discovery.go:555","msg":"capability registered/updated","cap_id":"bacnet_ip.read_holding_register","agent_id":"edgex-node-001","category":"device","source":"native-ean","v1_purged":0}
{"level":"info","ts":1785239731.6638837,"logger":"discovery","caller":"ean/discovery.go:555","msg":"capability registered/updated","cap_id":"omron_fins.scan_devices","agent_id":"edgex-node-001","category":"device","source":"native-ean","v1_purged":0}
{"level":"info","ts":1785239731.6638837,"logger":"discovery","caller":"ean/discovery.go:555","msg":"capability registered/updated","cap_id":"snmp.scan_devices","agent_id":"edgex-node-001","category":"device","source":"native-ean","v1_purged":0}
{"level":"info","ts":1785239731.6638837,"logger":"discovery","caller":"ean/discovery.go:555","msg":"capability registered/updated","cap_id":"system.diagnostics","agent_id":"edgex-node-001","category":"system","source":"native-ean","v1_purged":0}
{"level":"info","ts":1785239731.6638837,"logger":"discovery","caller":"ean/discovery.go:555","msg":"capability registered/updated","cap_id":"modbus_tcp.scan_devices","agent_id":"edgex-node-001","category":"device","source":"native-ean","v1_purged":0}
{"level":"info","ts":1785239731.6638837,"logger":"discovery","caller":"ean/discovery.go:555","msg":"capability registered/updated","cap_id":"bacnet_ip.list_points","agent_id":"edgex-node-001","category":"device","source":"native-ean","v1_purged":0}
{"level":"info","ts":1785239731.6638837,"logger":"discovery","caller":"ean/discovery.go:555","msg":"capability registered/updated","cap_id":"iec60870_5_104.read_holding_register","agent_id":"edgex-node-001","category":"device","source":"native-ean","v1_purged":0}
{"level":"info","ts":1785239731.6638837,"logger":"discovery","caller":"ean/discovery.go:555","msg":"capability registered/updated","cap_id":"iec60870_5_104.scan_devices","agent_id":"edgex-node-001","category":"device","source":"native-ean","v1_purged":0}
{"level":"info","ts":1785239731.6638837,"logger":"discovery","caller":"ean/discovery.go:555","msg":"capability registered/updated","cap_id":"ethercat.scan_devices","agent_id":"edgex-node-001","category":"device","source":"native-ean","v1_purged":0}
{"level":"info","ts":1785239731.6638837,"logger":"discovery","caller":"ean/discovery.go:555","msg":"capability registered/updated","cap_id":"dlt645.scan_devices","agent_id":"edgex-node-001","category":"device","source":"native-ean","v1_purged":0}
{"level":"info","ts":1785239731.6638837,"logger":"discovery","caller":"ean/discovery.go:555","msg":"capability registered/updated","cap_id":"modbus_rtu.read_holding_register","agent_id":"edgex-node-001","category":"device","source":"native-ean","v1_purged":0}
{"level":"info","ts":1785239731.6638837,"logger":"discovery","caller":"ean/discovery.go:555","msg":"capability registered/updated","cap_id":"modbus_rtu_over_tcp.list_points","agent_id":"edgex-node-001","category":"device","source":"native-ean","v1_purged":0}
{"level":"info","ts":1785239731.6638837,"logger":"discovery","caller":"ean/discovery.go:555","msg":"capability registered/updated","cap_id":"opc_ua.scan_devices","agent_id":"edgex-node-001","category":"device","source":"native-ean","v1_purged":0}
{"level":"info","ts":1785239731.6638837,"logger":"discovery","caller":"ean/discovery.go:555","msg":"capability registered/updated","cap_id":"opc_ua.list_points","agent_id":"edgex-node-001","category":"device","source":"native-ean","v1_purged":0}
{"level":"info","ts":1785239731.6638837,"logger":"discovery","caller":"ean/discovery.go:555","msg":"capability registered/updated","cap_id":"s7.read_holding_register","agent_id":"edgex-node-001","category":"device","source":"native-ean","v1_purged":0}
{"level":"info","ts":1785239731.6638837,"logger":"discovery","caller":"ean/discovery.go:555","msg":"capability registered/updated","cap_id":"omron_fins.list_points","agent_id":"edgex-node-001","category":"device","source":"native-ean","v1_purged":0}
{"level":"info","ts":1785239731.6638837,"logger":"discovery","caller":"ean/discovery.go:555","msg":"capability registered/updated","cap_id":"dlt645.read_holding_register","agent_id":"edgex-node-001","category":"device","source":"native-ean","v1_purged":0}
{"level":"info","ts":1785239731.6638837,"logger":"discovery","caller":"ean/discovery.go:555","msg":"capability registered/updated","cap_id":"profinet_io.list_points","agent_id":"edgex-node-001","category":"device","source":"native-ean","v1_purged":0}
{"level":"info","ts":1785239731.6638837,"logger":"discovery","caller":"ean/discovery.go:555","msg":"capability registered/updated","cap_id":"ethercat.read_holding_register","agent_id":"edgex-node-001","category":"device","source":"native-ean","v1_purged":0}
{"level":"info","ts":1785239731.6638837,"logger":"discovery","caller":"ean/discovery.go:555","msg":"capability registered/updated","cap_id":"modbus_tcp.list_points","agent_id":"edgex-node-001","category":"device","source":"native-ean","v1_purged":0}
{"level":"info","ts":1785239731.6638837,"logger":"discovery","caller":"ean/discovery.go:555","msg":"capability registered/updated","cap_id":"ethernet_ip.scan_devices","agent_id":"edgex-node-001","category":"device","source":"native-ean","v1_purged":0}
{"level":"info","ts":1785239731.6638837,"logger":"discovery","caller":"ean/discovery.go:555","msg":"capability registered/updated","cap_id":"omron_fins.write_register","agent_id":"edgex-node-001","category":"device","source":"native-ean","v1_purged":0}
{"level":"info","ts":1785239731.6638837,"logger":"discovery","caller":"ean/discovery.go:555","msg":"capability registered/updated","cap_id":"modbus_rtu_over_tcp.read_holding_register","agent_id":"edgex-node-001","category":"device","source":"native-ean","v1_purged":0}
{"level":"info","ts":1785239731.6638837,"logger":"discovery","caller":"ean/discovery.go:555","msg":"capability registered/updated","cap_id":"knxnet_ip.list_points","agent_id":"edgex-node-001","category":"device","source":"native-ean","v1_purged":0}
{"level":"info","ts":1785239731.6638837,"logger":"discovery","caller":"ean/discovery.go:555","msg":"capability registered/updated","cap_id":"modbus_tcp.write_register","agent_id":"edgex-node-001","category":"device","source":"native-ean","v1_purged":0}
{"level":"info","ts":1785239731.6638837,"logger":"discovery","caller":"ean/discovery.go:555","msg":"capability registered/updated","cap_id":"omron_fins.read_holding_register","agent_id":"edgex-node-001","category":"device","source":"native-ean","v1_purged":0}
{"level":"info","ts":1785239731.6638837,"logger":"discovery","caller":"ean/discovery.go:555","msg":"capability registered/updated","cap_id":"dlt645.write_register","agent_id":"edgex-node-001","category":"device","source":"native-ean","v1_purged":0}
{"level":"info","ts":1785239731.6638837,"logger":"discovery","caller":"ean/discovery.go:555","msg":"capability registered/updated","cap_id":"mitsubishi_slmp.read_holding_register","agent_id":"edgex-node-001","category":"device","source":"native-ean","v1_purged":0}
{"level":"info","ts":1785239731.6638837,"logger":"discovery","caller":"ean/discovery.go:555","msg":"capability registered/updated","cap_id":"iec60870_5_104.write_register","agent_id":"edgex-node-001","category":"device","source":"native-ean","v1_purged":0}
{"level":"info","ts":1785239731.6638837,"logger":"discovery","caller":"ean/discovery.go:555","msg":"capability registered/updated","cap_id":"ethercat.write_register","agent_id":"edgex-node-001","category":"device","source":"native-ean","v1_purged":0}
{"level":"info","ts":1785239731.6638837,"logger":"discovery","caller":"ean/discovery.go:555","msg":"capability registered/updated","cap_id":"modbus_rtu_over_tcp.scan_devices","agent_id":"edgex-node-001","category":"device","source":"native-ean","v1_purged":0}
{"level":"info","ts":1785239731.6638837,"logger":"discovery","caller":"ean/discovery.go:555","msg":"capability registered/updated","cap_id":"s7.list_points","agent_id":"edgex-node-001","category":"device","source":"native-ean","v1_purged":0}
{"level":"info","ts":1785239731.6638837,"logger":"discovery","caller":"ean/discovery.go:555","msg":"capability registered/updated","cap_id":"mitsubishi_slmp.write_register","agent_id":"edgex-node-001","category":"device","source":"native-ean","v1_purged":0}
{"level":"info","ts":1785239731.6638837,"logger":"discovery","caller":"ean/discovery.go:555","msg":"capability registered/updated","cap_id":"profinet_io.write_register","agent_id":"edgex-node-001","category":"device","source":"native-ean","v1_purged":0}
{"level":"info","ts":1785239731.6638837,"logger":"discovery","caller":"ean/discovery.go:555","msg":"capability registered/updated","cap_id":"mitsubishi_slmp.scan_devices","agent_id":"edgex-node-001","category":"device","source":"native-ean","v1_purged":0}
{"level":"info","ts":1785239731.6638837,"logger":"discovery","caller":"ean/discovery.go:555","msg":"capability registered/updated","cap_id":"bacnet_ip.write_register","agent_id":"edgex-node-001","category":"device","source":"native-ean","v1_purged":0}
{"level":"info","ts":1785239731.6638837,"logger":"discovery","caller":"ean/discovery.go:555","msg":"capability registered/updated","cap_id":"s7.write_register","agent_id":"edgex-node-001","category":"device","source":"native-ean","v1_purged":0}
{"level":"warn","ts":1785239733.6798508,"logger":"heartbeat","caller":"ean/heartbeat.go:151","msg":"heartbeat sequence regression detected","agent_id":"edgex-node-001","old_seq":45,"new_seq":0}
{"level":"info","ts":1785239791.665255,"logger":"discovery","caller":"ean/discovery.go:555","msg":"capability registered/updated","cap_id":"modbus_rtu.write_register","agent_id":"edgex-node-001","category":"device","source":"native-ean","v1_purged":0}
{"level":"info","ts":1785239791.665793,"logger":"discovery","caller":"ean/discovery.go:555","msg":"capability registered/updated","cap_id":"modbus_rtu.list_points","agent_id":"edgex-node-001","category":"device","source":"native-ean","v1_purged":0}
{"level":"info","ts":1785239791.665793,"logger":"discovery","caller":"ean/discovery.go:555","msg":"capability registered/updated","cap_id":"bacnet_ip.scan_devices","agent_id":"edgex-node-001","category":"device","source":"native-ean","v1_purged":0}
{"level":"info","ts":1785239791.665793,"logger":"discovery","caller":"ean/discovery.go:555","msg":"capability registered/updated","cap_id":"opc_ua.read_holding_register","agent_id":"edgex-node-001","category":"device","source":"native-ean","v1_purged":0}
{"level":"info","ts":1785239791.665793,"logger":"discovery","caller":"ean/discovery.go:555","msg":"capability registered/updated","cap_id":"snmp.read_holding_register","agent_id":"edgex-node-001","category":"device","source":"native-ean","v1_purged":0}
{"level":"info","ts":1785239791.665793,"logger":"discovery","caller":"ean/discovery.go:555","msg":"capability registered/updated","cap_id":"profinet_io.read_holding_register","agent_id":"edgex-node-001","category":"device","source":"native-ean","v1_purged":0}
{"level":"info","ts":1785239791.665793,"logger":"discovery","caller":"ean/discovery.go:555","msg":"capability registered/updated","cap_id":"bacnet_ip.read_holding_register","agent_id":"edgex-node-001","category":"device","source":"native-ean","v1_purged":0}
{"level":"info","ts":1785239791.665793,"logger":"discovery","caller":"ean/discovery.go:555","msg":"capability registered/updated","cap_id":"omron_fins.scan_devices","agent_id":"edgex-node-001","category":"device","source":"native-ean","v1_purged":0}
{"level":"info","ts":1785239791.665793,"logger":"discovery","caller":"ean/discovery.go:555","msg":"capability registered/updated","cap_id":"snmp.scan_devices","agent_id":"edgex-node-001","category":"device","source":"native-ean","v1_purged":0}
{"level":"info","ts":1785239791.665793,"logger":"discovery","caller":"ean/discovery.go:555","msg":"capability registered/updated","cap_id":"system.diagnostics","agent_id":"edgex-node-001","category":"system","source":"native-ean","v1_purged":0}
{"level":"info","ts":1785239791.665793,"logger":"discovery","caller":"ean/discovery.go:555","msg":"capability registered/updated","cap_id":"modbus_tcp.scan_devices","agent_id":"edgex-node-001","category":"device","source":"native-ean","v1_purged":0}
{"level":"info","ts":1785239791.665793,"logger":"discovery","caller":"ean/discovery.go:555","msg":"capability registered/updated","cap_id":"bacnet_ip.list_points","agent_id":"edgex-node-001","category":"device","source":"native-ean","v1_purged":0}
{"level":"info","ts":1785239791.665793,"logger":"discovery","caller":"ean/discovery.go:555","msg":"capability registered/updated","cap_id":"iec60870_5_104.read_holding_register","agent_id":"edgex-node-001","category":"device","source":"native-ean","v1_purged":0}
{"level":"info","ts":1785239791.6658823,"logger":"discovery","caller":"ean/discovery.go:555","msg":"capability registered/updated","cap_id":"iec60870_5_104.scan_devices","agent_id":"edgex-node-001","category":"device","source":"native-ean","v1_purged":0}
{"level":"info","ts":1785239791.6658823,"logger":"discovery","caller":"ean/discovery.go:555","msg":"capability registered/updated","cap_id":"ethercat.scan_devices","agent_id":"edgex-node-001","category":"device","source":"native-ean","v1_purged":0}
{"level":"info","ts":1785239791.6658823,"logger":"discovery","caller":"ean/discovery.go:555","msg":"capability registered/updated","cap_id":"dlt645.scan_devices","agent_id":"edgex-node-001","category":"device","source":"native-ean","v1_purged":0}
{"level":"info","ts":1785239791.6658823,"logger":"discovery","caller":"ean/discovery.go:555","msg":"capability registered/updated","cap_id":"modbus_rtu.read_holding_register","agent_id":"edgex-node-001","category":"device","source":"native-ean","v1_purged":0}
{"level":"info","ts":1785239791.6658823,"logger":"discovery","caller":"ean/discovery.go:555","msg":"capability registered/updated","cap_id":"modbus_rtu_over_tcp.list_points","agent_id":"edgex-node-001","category":"device","source":"native-ean","v1_purged":0}
{"level":"info","ts":1785239791.6658823,"logger":"discovery","caller":"ean/discovery.go:555","msg":"capability registered/updated","cap_id":"opc_ua.scan_devices","agent_id":"edgex-node-001","category":"device","source":"native-ean","v1_purged":0}
{"level":"info","ts":1785239791.6658823,"logger":"discovery","caller":"ean/discovery.go:555","msg":"capability registered/updated","cap_id":"opc_ua.list_points","agent_id":"edgex-node-001","category":"device","source":"native-ean","v1_purged":0}
{"level":"info","ts":1785239791.6658823,"logger":"discovery","caller":"ean/discovery.go:555","msg":"capability registered/updated","cap_id":"s7.read_holding_register","agent_id":"edgex-node-001","category":"device","source":"native-ean","v1_purged":0}
{"level":"info","ts":1785239791.6658823,"logger":"discovery","caller":"ean/discovery.go:555","msg":"capability registered/updated","cap_id":"omron_fins.list_points","agent_id":"edgex-node-001","category":"device","source":"native-ean","v1_purged":0}
{"level":"info","ts":1785239791.6658823,"logger":"discovery","caller":"ean/discovery.go:555","msg":"capability registered/updated","cap_id":"dlt645.read_holding_register","agent_id":"edgex-node-001","category":"device","source":"native-ean","v1_purged":0}
{"level":"info","ts":1785239791.6658823,"logger":"discovery","caller":"ean/discovery.go:555","msg":"capability registered/updated","cap_id":"profinet_io.list_points","agent_id":"edgex-node-001","category":"device","source":"native-ean","v1_purged":0}
{"level":"info","ts":1785239791.6658823,"logger":"discovery","caller":"ean/discovery.go:555","msg":"capability registered/updated","cap_id":"ethercat.read_holding_register","agent_id":"edgex-node-001","category":"device","source":"native-ean","v1_purged":0}
{"level":"info","ts":1785239791.6658823,"logger":"discovery","caller":"ean/discovery.go:555","msg":"capability registered/updated","cap_id":"modbus_tcp.list_points","agent_id":"edgex-node-001","category":"device","source":"native-ean","v1_purged":0}
{"level":"info","ts":1785239791.6658823,"logger":"discovery","caller":"ean/discovery.go:555","msg":"capability registered/updated","cap_id":"ethernet_ip.scan_devices","agent_id":"edgex-node-001","category":"device","source":"native-ean","v1_purged":0}
{"level":"info","ts":1785239791.6658823,"logger":"discovery","caller":"ean/discovery.go:555","msg":"capability registered/updated","cap_id":"omron_fins.write_register","agent_id":"edgex-node-001","category":"device","source":"native-ean","v1_purged":0}
{"level":"info","ts":1785239791.6658823,"logger":"discovery","caller":"ean/discovery.go:555","msg":"capability registered/updated","cap_id":"modbus_rtu_over_tcp.read_holding_register","agent_id":"edgex-node-001","category":"device","source":"native-ean","v1_purged":0}
{"level":"info","ts":1785239791.6658823,"logger":"discovery","caller":"ean/discovery.go:555","msg":"capability registered/updated","cap_id":"knxnet_ip.list_points","agent_id":"edgex-node-001","category":"device","source":"native-ean","v1_purged":0}
{"level":"info","ts":1785239791.6658823,"logger":"discovery","caller":"ean/discovery.go:555","msg":"capability registered/updated","cap_id":"modbus_tcp.write_register","agent_id":"edgex-node-001","category":"device","source":"native-ean","v1_purged":0}
{"level":"info","ts":1785239791.6658823,"logger":"discovery","caller":"ean/discovery.go:555","msg":"capability registered/updated","cap_id":"omron_fins.read_holding_register","agent_id":"edgex-node-001","category":"device","source":"native-ean","v1_purged":0}
{"level":"info","ts":1785239791.6658823,"logger":"discovery","caller":"ean/discovery.go:555","msg":"capability registered/updated","cap_id":"dlt645.write_register","agent_id":"edgex-node-001","category":"device","source":"native-ean","v1_purged":0}
{"level":"info","ts":1785239791.6658823,"logger":"discovery","caller":"ean/discovery.go:555","msg":"capability registered/updated","cap_id":"mitsubishi_slmp.read_holding_register","agent_id":"edgex-node-001","category":"device","source":"native-ean","v1_purged":0}
{"level":"info","ts":1785239791.6658823,"logger":"discovery","caller":"ean/discovery.go:555","msg":"capability registered/updated","cap_id":"iec60870_5_104.write_register","agent_id":"edgex-node-001","category":"device","source":"native-ean","v1_purged":0}
{"level":"info","ts":1785239791.6658823,"logger":"discovery","caller":"ean/discovery.go:555","msg":"capability registered/updated","cap_id":"ethercat.write_register","agent_id":"edgex-node-001","category":"device","source":"native-ean","v1_purged":0}
{"level":"info","ts":1785239791.6658823,"logger":"discovery","caller":"ean/discovery.go:555","msg":"capability registered/updated","cap_id":"modbus_rtu_over_tcp.scan_devices","agent_id":"edgex-node-001","category":"device","source":"native-ean","v1_purged":0}
{"level":"info","ts":1785239791.6658823,"logger":"discovery","caller":"ean/discovery.go:555","msg":"capability registered/updated","cap_id":"s7.list_points","agent_id":"edgex-node-001","category":"device","source":"native-ean","v1_purged":0}
{"level":"info","ts":1785239791.6658823,"logger":"discovery","caller":"ean/discovery.go:555","msg":"capability registered/updated","cap_id":"mitsubishi_slmp.write_register","agent_id":"edgex-node-001","category":"device","source":"native-ean","v1_purged":0}
{"level":"info","ts":1785239791.6658823,"logger":"discovery","caller":"ean/discovery.go:555","msg":"capability registered/updated","cap_id":"profinet_io.write_register","agent_id":"edgex-node-001","category":"device","source":"native-ean","v1_purged":0}
{"level":"info","ts":1785239791.6658823,"logger":"discovery","caller":"ean/discovery.go:555","msg":"capability registered/updated","cap_id":"mitsubishi_slmp.scan_devices","agent_id":"edgex-node-001","category":"device","source":"native-ean","v1_purged":0}
{"level":"info","ts":1785239791.6658823,"logger":"discovery","caller":"ean/discovery.go:555","msg":"capability registered/updated","cap_id":"bacnet_ip.write_register","agent_id":"edgex-node-001","category":"device","source":"native-ean","v1_purged":0}
{"level":"info","ts":1785239791.6658823,"logger":"discovery","caller":"ean/discovery.go:555","msg":"capability registered/updated","cap_id":"s7.write_register","agent_id":"edgex-node-001","category":"device","source":"native-ean","v1_purged":0}
{"level":"info","ts":1785239791.6658823,"logger":"discovery","caller":"ean/discovery.go:555","msg":"capability registered/updated","cap_id":"s7.scan_devices","agent_id":"edgex-node-001","category":"device","source":"native-ean","v1_purged":0}
{"level":"info","ts":1785239791.6658823,"logger":"discovery","caller":"ean/discovery.go:555","msg":"capability registered/updated","cap_id":"opc_ua.write_register","agent_id":"edgex-node-001","category":"device","source":"native-ean","v1_purged":0}
{"level":"info","ts":1785239791.6658823,"logger":"discovery","caller":"ean/discovery.go:555","msg":"capability registered/updated","cap_id":"knxnet_ip.read_holding_register","agent_id":"edgex-node-001","category":"device","source":"native-ean","v1_purged":0}
{"level":"info","ts":1785239791.6658823,"logger":"discovery","caller":"ean/discovery.go:555","msg":"capability registered/updated","cap_id":"ethernet_ip.list_points","agent_id":"edgex-node-001","category":"device","source":"native-ean","v1_purged":0}
{"level":"info","ts":1785239791.6658823,"logger":"discovery","caller":"ean/discovery.go:555","msg":"capability registered/updated","cap_id":"modbus_rtu.scan_devices","agent_id":"edgex-node-001","category":"device","source":"native-ean","v1_purged":0}
{"level":"info","ts":1785239791.6658823,"logger":"discovery","caller":"ean/discovery.go:555","msg":"capability registered/updated","cap_id":"ethernet_ip.read_holding_register","agent_id":"edgex-node-001","category":"device","source":"native-ean","v1_purged":0}
{"level":"info","ts":1785239791.6658823,"logger":"discovery","caller":"ean/discovery.go:555","msg":"capability registered/updated","cap_id":"ethernet_ip.write_register","agent_id":"edgex-node-001","category":"device","source":"native-ean","v1_purged":0}
{"level":"info","ts":1785239791.6658823,"logger":"discovery","caller":"ean/discovery.go:555","msg":"capability registered/updated","cap_id":"knxnet_ip.write_register","agent_id":"edgex-node-001","category":"device","source":"native-ean","v1_purged":0}
{"level":"info","ts":1785239791.6658823,"logger":"discovery","caller":"ean/discovery.go:555","msg":"capability registered/updated","cap_id":"snmp.write_register","agent_id":"edgex-node-001","category":"device","source":"native-ean","v1_purged":0}
{"level":"info","ts":1785239791.6658823,"logger":"discovery","caller":"ean/discovery.go:555","msg":"capability registered/updated","cap_id":"snmp.list_points","agent_id":"edgex-node-001","category":"device","source":"native-ean","v1_purged":0}
{"level":"info","ts":1785239791.6658823,"logger":"discovery","caller":"ean/discovery.go:555","msg":"capability registered/updated","cap_id":"modbus_rtu_over_tcp.write_register","agent_id":"edgex-node-001","category":"device","source":"native-ean","v1_purged":0}
{"level":"info","ts":1785239791.6658823,"logger":"discovery","caller":"ean/discovery.go:555","msg":"capability registered/updated","cap_id":"iec60870_5_104.list_points","agent_id":"edgex-node-001","category":"device","source":"native-ean","v1_purged":0}
{"level":"info","ts":1785239791.6658823,"logger":"discovery","caller":"ean/discovery.go:555","msg":"capability registered/updated","cap_id":"mitsubishi_slmp.list_points","agent_id":"edgex-node-001","category":"device","source":"native-ean","v1_purged":0}
{"level":"info","ts":1785239791.6658823,"logger":"discovery","caller":"ean/discovery.go:555","msg":"capability registered/updated","cap_id":"ai.doc_parse","agent_id":"edgex-node-001","category":"ai","source":"native-ean","v1_purged":0}
{"level":"info","ts":1785239791.6658823,"logger":"discovery","caller":"ean/discovery.go:555","msg":"capability registered/updated","cap_id":"knxnet_ip.scan_devices","agent_id":"edgex-node-001","category":"device","source":"native-ean","v1_purged":0}
{"level":"info","ts":1785239791.6658823,"logger":"discovery","caller":"ean/discovery.go:555","msg":"capability registered/updated","cap_id":"dlt645.list_points","agent_id":"edgex-node-001","category":"device","source":"native-ean","v1_purged":0}
{"level":"info","ts":1785239791.6658823,"logger":"discovery","caller":"ean/discovery.go:555","msg":"capability registered/updated","cap_id":"profinet_io.scan_devices","agent_id":"edgex-node-001","category":"device","source":"native-ean","v1_purged":0}
{"level":"info","ts":1785239791.6658823,"logger":"discovery","caller":"ean/discovery.go:555","msg":"capability registered/updated","cap_id":"modbus_tcp.read_holding_register","agent_id":"edgex-node-001","category":"device","source":"native-ean","v1_purged":0}
{"level":"info","ts":1785239791.6658823,"logger":"discovery","caller":"ean/discovery.go:555","msg":"capability registered/updated","cap_id":"ethercat.list_points","agent_id":"edgex-node-001","category":"device","source":"native-ean","v1_purged":0}
{"level":"info","ts":1785239791.6658823,"logger":"discovery","caller":"ean/discovery.go:555","msg":"capability registered/updated","cap_id":"ai.protocol_reverse","agent_id":"edgex-node-001","category":"ai","source":"native-ean","v1_purged":0}
{"level":"warn","ts":1785239793.6798666,"logger":"heartbeat","caller":"ean/heartbeat.go:151","msg":"heartbeat sequence regression detected","agent_id":"edgex-node-001","old_seq":46,"new_seq":0}
19:57:15 | 200 |    317.0426ms | 192.168.3.104 | GET | /assets/MiddlewareView-CZWeLcmU.css | -
19:57:15 | 200 |    322.3282ms | 192.168.3.104 | GET | /assets/MiddlewareView-CWNPTPlK.js | -
19:57:15 | 200 |    312.4347ms | 192.168.3.104 | GET | /assets/pen-line-g-hQ1FCx.js | -
19:57:15 | 200 |    312.0041ms | 192.168.3.104 | GET | /assets/chevron-right-KA9BphiB.js | -
19:57:15 | 200 |    312.0041ms | 192.168.3.104 | GET | /assets/x-CdKhCtXo.js | -
19:57:15 | 200 |    312.0041ms | 192.168.3.104 | GET | /assets/trash-2-olT5Uxiw.js | -
19:57:20 | 200 |      1.0426ms | 192.168.3.104 | GET | /ean/invoke | -
19:57:20 | 200 |      2.3255ms | 192.168.3.104 | GET | /assets/index-BZD-x6EL.js | -
19:57:20 | 200 |      1.5871ms | 192.168.3.104 | GET | /assets/index-BPFfLRj9.css | -
19:57:20 | 200 |      1.1265ms | 192.168.3.104 | GET | /assets/AppLayout-daCLpQdO.js | -
19:57:20 | 200 |       535.3µs | 192.168.3.104 | GET | /assets/createLucideIcon-SqSpPtos.js | -
19:57:20 | 200 |      1.0661ms | 192.168.3.104 | GET | /assets/settings-BG1CyT9q.js | -
19:57:20 | 200 |      1.0661ms | 192.168.3.104 | GET | /assets/radio-BeSx8z7b.js | -
19:57:20 | 200 |      1.5876ms | 192.168.3.104 | GET | /assets/alert-triangle-BPRG5AlS.js | -
19:57:20 | 200 |      1.5876ms | 192.168.3.104 | GET | /assets/server-BXYHohtb.js | -
19:57:20 | 200 |      1.0592ms | 192.168.3.104 | GET | /assets/AppLayout-DftCHNXw.css | -
19:57:20 | 200 |      1.0592ms | 192.168.3.104 | GET | /assets/terminal-Bes_IGk2.js | -
19:57:20 | 200 |      1.0629ms | 192.168.3.104 | GET | /assets/zap-BFfvCY_r.js | -
19:57:20 | 200 |      1.0605ms | 192.168.3.104 | GET | /assets/book-open-CwzEcCwA.js | -
19:57:20 | 200 |      1.0501ms | 192.168.3.104 | GET | /assets/battery-charging-C3k-rw0y.js | -
19:57:20 | 200 |      1.0501ms | 192.168.3.104 | GET | /assets/network-D1SJL59w.js | -
19:57:20 | 200 |      1.1849ms | 192.168.3.104 | GET | /assets/activity-DQoZicmM.js | -
19:57:20 | 200 |      1.7336ms | 192.168.3.104 | GET | /assets/receipt-XGcc9LkW.js | -
19:57:20 | 200 |      2.2781ms | 192.168.3.104 | GET | /assets/cable-ClHbGlsD.js | -
19:57:20 | 200 |      1.0739ms | 192.168.3.104 | GET | /assets/blocks-DYx4XiMu.js | -
19:57:20 | 200 |      1.0739ms | 192.168.3.104 | GET | /assets/bar-chart-3-lRVOFk1g.js | -
19:57:20 | 200 |      1.6725ms | 192.168.3.104 | GET | /assets/sparkles-Unl6tyIu.js | -
19:57:20 | 200 |      1.0474ms | 192.168.3.104 | GET | /assets/cpu-WSFW8qjC.js | -
19:57:20 | 200 |       1.643ms | 192.168.3.104 | GET | /assets/search-mKgMt7db.js | -
19:57:20 | 200 |      2.8585ms | 192.168.3.104 | GET | /assets/chevron-down-CAbjaKhY.js | -
19:57:20 | 200 |      2.8585ms | 192.168.3.104 | GET | /assets/workflow-Og1IFJb3.js | -
19:57:20 | 200 |      2.8585ms | 192.168.3.104 | GET | /assets/file-code-2-BOfLgvLv.js | -
19:57:20 | 200 |       3.464ms | 192.168.3.104 | GET | /assets/EanInvokeView-nY5f9JZd.js | -
19:57:20 | 200 |      1.0912ms | 192.168.3.104 | GET | /assets/_plugin-vue_export-helper-DlAUqK2U.js | -
19:57:20 | 200 |      3.1297ms | 192.168.3.104 | GET | /assets/ean-D62P5W2n.js | -
19:57:20 | 200 |      2.1613ms | 192.168.3.104 | GET | /assets/alert-circle-g7QL8JNF.js | -
19:57:20 | 200 |      2.7664ms | 192.168.3.104 | GET | /assets/EanDisabledBanner.vue_vue_type_script_setup_true_lang-B2bbIgRH.js | -
19:57:20 | 200 |       3.295ms | 192.168.3.104 | GET | /assets/clock-DPagkX9Q.js | -
19:57:20 | 200 |      2.1657ms | 192.168.3.104 | GET | /assets/play-_0mNxVsL.js | -
19:57:20 | 200 |      1.1265ms | 192.168.3.104 | GET | /assets/check-circle-D6D9Rqhs.js | -
19:57:20 | 200 |      1.0613ms | 192.168.3.104 | GET | /assets/shield-BJhT6SM2.js | -
19:57:20 | 200 |      1.2267ms | 192.168.3.104 | GET | /assets/refresh-cw-pIOy2Tz8.js | -
19:57:20 | 200 |      1.0591ms | 192.168.3.104 | GET | /vite.svg | -
19:57:20 | 101 |      1.1632ms | 127.0.0.1 | GET | /ws | -
{"level":"info","ts":1785239841.3316586,"caller":"ws/hub.go:127","msg":"WebSocket client connected","remote":"127.0.0.1:23998"}
19:57:21 | 204 |            0s | 127.0.0.1 | OPTIONS | /api/ean/health | -
19:57:21 | 204 |            0s | 127.0.0.1 | OPTIONS | /api/ean/agents | -
19:57:21 | 204 |            0s | 127.0.0.1 | OPTIONS | /api/ean/audit | -
19:57:21 | 200 |      1.5284ms | 127.0.0.1 | GET | /api/ean/health | -
19:57:21 | 200 |      2.1309ms | 127.0.0.1 | GET | /api/ean/audit | -
19:57:21 | 200 |      2.4267ms | 127.0.0.1 | GET | /api/ean/agents | -
19:57:22 | 200 |      4.9387ms | 192.168.3.104 | GET | /assets/MiddlewareView--RaunH1e.js | -
19:57:22 | 200 |      6.4891ms | 192.168.3.104 | GET | /assets/chevron-right-hMQoKXPr.js | -
19:57:22 | 200 |      6.7206ms | 192.168.3.104 | GET | /assets/trash-2-DPelQMTT.js | -
19:57:22 | 200 |      7.7496ms | 192.168.3.104 | GET | /assets/StatusBadge.vue_vue_type_script_setup_true_lang-C7nEKuvR.js | -
19:57:22 | 200 |      9.5516ms | 192.168.3.104 | GET | /assets/x-DhxJ282u.js | -
19:57:22 | 200 |       9.038ms | 192.168.3.104 | GET | /assets/pen-line-Bu3y4qXn.js | -
19:57:22 | 204 |            0s | 127.0.0.1 | OPTIONS | /api/middlewares | -
19:57:22 | 200 |      2.8941ms | 127.0.0.1 | GET | /api/middlewares | -
{"level":"info","ts":1785239851.6801362,"logger":"discovery","caller":"ean/discovery.go:555","msg":"capability registered/updated","cap_id":"ai.doc_parse","agent_id":"edgex-node-001","category":"ai","source":"native-ean","v1_purged":0}
{"level":"info","ts":1785239851.6807425,"logger":"discovery","caller":"ean/discovery.go:555","msg":"capability registered/updated","cap_id":"knxnet_ip.scan_devices","agent_id":"edgex-node-001","category":"device","source":"native-ean","v1_purged":0}
{"level":"info","ts":1785239851.6807425,"logger":"discovery","caller":"ean/discovery.go:555","msg":"capability registered/updated","cap_id":"dlt645.list_points","agent_id":"edgex-node-001","category":"device","source":"native-ean","v1_purged":0}
{"level":"info","ts":1785239851.6807425,"logger":"discovery","caller":"ean/discovery.go:555","msg":"capability registered/updated","cap_id":"profinet_io.scan_devices","agent_id":"edgex-node-001","category":"device","source":"native-ean","v1_purged":0}
{"level":"info","ts":1785239851.6807425,"logger":"discovery","caller":"ean/discovery.go:555","msg":"capability registered/updated","cap_id":"modbus_tcp.read_holding_register","agent_id":"edgex-node-001","category":"device","source":"native-ean","v1_purged":0}
{"level":"info","ts":1785239851.6807425,"logger":"discovery","caller":"ean/discovery.go:555","msg":"capability registered/updated","cap_id":"ethercat.list_points","agent_id":"edgex-node-001","category":"device","source":"native-ean","v1_purged":0}
{"level":"info","ts":1785239851.6807425,"logger":"discovery","caller":"ean/discovery.go:555","msg":"capability registered/updated","cap_id":"ai.protocol_reverse","agent_id":"edgex-node-001","category":"ai","source":"native-ean","v1_purged":0}
{"level":"info","ts":1785239851.6807425,"logger":"discovery","caller":"ean/discovery.go:555","msg":"capability registered/updated","cap_id":"modbus_rtu.write_register","agent_id":"edgex-node-001","category":"device","source":"native-ean","v1_purged":0}
{"level":"info","ts":1785239851.6807425,"logger":"discovery","caller":"ean/discovery.go:555","msg":"capability registered/updated","cap_id":"modbus_rtu.list_points","agent_id":"edgex-node-001","category":"device","source":"native-ean","v1_purged":0}
{"level":"info","ts":1785239851.6807425,"logger":"discovery","caller":"ean/discovery.go:555","msg":"capability registered/updated","cap_id":"bacnet_ip.scan_devices","agent_id":"edgex-node-001","category":"device","source":"native-ean","v1_purged":0}
{"level":"info","ts":1785239851.6807425,"logger":"discovery","caller":"ean/discovery.go:555","msg":"capability registered/updated","cap_id":"opc_ua.read_holding_register","agent_id":"edgex-node-001","category":"device","source":"native-ean","v1_purged":0}
{"level":"info","ts":1785239851.6807425,"logger":"discovery","caller":"ean/discovery.go:555","msg":"capability registered/updated","cap_id":"snmp.read_holding_register","agent_id":"edgex-node-001","category":"device","source":"native-ean","v1_purged":0}
{"level":"info","ts":1785239851.6807425,"logger":"discovery","caller":"ean/discovery.go:555","msg":"capability registered/updated","cap_id":"profinet_io.read_holding_register","agent_id":"edgex-node-001","category":"device","source":"native-ean","v1_purged":0}
{"level":"info","ts":1785239851.6807425,"logger":"discovery","caller":"ean/discovery.go:555","msg":"capability registered/updated","cap_id":"bacnet_ip.read_holding_register","agent_id":"edgex-node-001","category":"device","source":"native-ean","v1_purged":0}
{"level":"info","ts":1785239851.6807425,"logger":"discovery","caller":"ean/discovery.go:555","msg":"capability registered/updated","cap_id":"omron_fins.scan_devices","agent_id":"edgex-node-001","category":"device","source":"native-ean","v1_purged":0}
{"level":"info","ts":1785239851.6807425,"logger":"discovery","caller":"ean/discovery.go:555","msg":"capability registered/updated","cap_id":"snmp.scan_devices","agent_id":"edgex-node-001","category":"device","source":"native-ean","v1_purged":0}
{"level":"info","ts":1785239851.6807425,"logger":"discovery","caller":"ean/discovery.go:555","msg":"capability registered/updated","cap_id":"system.diagnostics","agent_id":"edgex-node-001","category":"system","source":"native-ean","v1_purged":0}
{"level":"info","ts":1785239851.6807425,"logger":"discovery","caller":"ean/discovery.go:555","msg":"capability registered/updated","cap_id":"modbus_tcp.scan_devices","agent_id":"edgex-node-001","category":"device","source":"native-ean","v1_purged":0}
{"level":"info","ts":1785239851.6807425,"logger":"discovery","caller":"ean/discovery.go:555","msg":"capability registered/updated","cap_id":"bacnet_ip.list_points","agent_id":"edgex-node-001","category":"device","source":"native-ean","v1_purged":0}
{"level":"info","ts":1785239851.6807425,"logger":"discovery","caller":"ean/discovery.go:555","msg":"capability registered/updated","cap_id":"iec60870_5_104.read_holding_register","agent_id":"edgex-node-001","category":"device","source":"native-ean","v1_purged":0}
{"level":"info","ts":1785239851.6812913,"logger":"discovery","caller":"ean/discovery.go:555","msg":"capability registered/updated","cap_id":"iec60870_5_104.scan_devices","agent_id":"edgex-node-001","category":"device","source":"native-ean","v1_purged":0}
{"level":"info","ts":1785239851.6812913,"logger":"discovery","caller":"ean/discovery.go:555","msg":"capability registered/updated","cap_id":"ethercat.scan_devices","agent_id":"edgex-node-001","category":"device","source":"native-ean","v1_purged":0}
{"level":"info","ts":1785239851.6815119,"logger":"discovery","caller":"ean/discovery.go:555","msg":"capability registered/updated","cap_id":"dlt645.scan_devices","agent_id":"edgex-node-001","category":"device","source":"native-ean","v1_purged":0}
{"level":"info","ts":1785239851.6815119,"logger":"discovery","caller":"ean/discovery.go:555","msg":"capability registered/updated","cap_id":"modbus_rtu.read_holding_register","agent_id":"edgex-node-001","category":"device","source":"native-ean","v1_purged":0}
{"level":"info","ts":1785239851.6815119,"logger":"discovery","caller":"ean/discovery.go:555","msg":"capability registered/updated","cap_id":"modbus_rtu_over_tcp.list_points","agent_id":"edgex-node-001","category":"device","source":"native-ean","v1_purged":0}
{"level":"info","ts":1785239851.6815119,"logger":"discovery","caller":"ean/discovery.go:555","msg":"capability registered/updated","cap_id":"opc_ua.scan_devices","agent_id":"edgex-node-001","category":"device","source":"native-ean","v1_purged":0}
{"level":"info","ts":1785239851.6815119,"logger":"discovery","caller":"ean/discovery.go:555","msg":"capability registered/updated","cap_id":"opc_ua.list_points","agent_id":"edgex-node-001","category":"device","source":"native-ean","v1_purged":0}
{"level":"info","ts":1785239851.6815119,"logger":"discovery","caller":"ean/discovery.go:555","msg":"capability registered/updated","cap_id":"s7.read_holding_register","agent_id":"edgex-node-001","category":"device","source":"native-ean","v1_purged":0}
{"level":"info","ts":1785239851.6815119,"logger":"discovery","caller":"ean/discovery.go:555","msg":"capability registered/updated","cap_id":"omron_fins.list_points","agent_id":"edgex-node-001","category":"device","source":"native-ean","v1_purged":0}
{"level":"info","ts":1785239851.6815119,"logger":"discovery","caller":"ean/discovery.go:555","msg":"capability registered/updated","cap_id":"dlt645.read_holding_register","agent_id":"edgex-node-001","category":"device","source":"native-ean","v1_purged":0}
{"level":"info","ts":1785239851.6815119,"logger":"discovery","caller":"ean/discovery.go:555","msg":"capability registered/updated","cap_id":"profinet_io.list_points","agent_id":"edgex-node-001","category":"device","source":"native-ean","v1_purged":0}
{"level":"info","ts":1785239851.6815119,"logger":"discovery","caller":"ean/discovery.go:555","msg":"capability registered/updated","cap_id":"ethercat.read_holding_register","agent_id":"edgex-node-001","category":"device","source":"native-ean","v1_purged":0}
{"level":"info","ts":1785239851.6815119,"logger":"discovery","caller":"ean/discovery.go:555","msg":"capability registered/updated","cap_id":"modbus_tcp.list_points","agent_id":"edgex-node-001","category":"device","source":"native-ean","v1_purged":0}
{"level":"info","ts":1785239851.6820312,"logger":"discovery","caller":"ean/discovery.go:555","msg":"capability registered/updated","cap_id":"ethernet_ip.scan_devices","agent_id":"edgex-node-001","category":"device","source":"native-ean","v1_purged":0}
{"level":"info","ts":1785239851.6820312,"logger":"discovery","caller":"ean/discovery.go:555","msg":"capability registered/updated","cap_id":"omron_fins.write_register","agent_id":"edgex-node-001","category":"device","source":"native-ean","v1_purged":0}
{"level":"info","ts":1785239851.6820872,"logger":"discovery","caller":"ean/discovery.go:555","msg":"capability registered/updated","cap_id":"modbus_rtu_over_tcp.read_holding_register","agent_id":"edgex-node-001","category":"device","source":"native-ean","v1_purged":0}
{"level":"info","ts":1785239851.6820872,"logger":"discovery","caller":"ean/discovery.go:555","msg":"capability registered/updated","cap_id":"knxnet_ip.list_points","agent_id":"edgex-node-001","category":"device","source":"native-ean","v1_purged":0}
{"level":"info","ts":1785239851.6820872,"logger":"discovery","caller":"ean/discovery.go:555","msg":"capability registered/updated","cap_id":"modbus_tcp.write_register","agent_id":"edgex-node-001","category":"device","source":"native-ean","v1_purged":0}
{"level":"info","ts":1785239851.6820872,"logger":"discovery","caller":"ean/discovery.go:555","msg":"capability registered/updated","cap_id":"omron_fins.read_holding_register","agent_id":"edgex-node-001","category":"device","source":"native-ean","v1_purged":0}
{"level":"info","ts":1785239851.6826763,"logger":"discovery","caller":"ean/discovery.go:555","msg":"capability registered/updated","cap_id":"dlt645.write_register","agent_id":"edgex-node-001","category":"device","source":"native-ean","v1_purged":0}
{"level":"info","ts":1785239851.6826763,"logger":"discovery","caller":"ean/discovery.go:555","msg":"capability registered/updated","cap_id":"mitsubishi_slmp.read_holding_register","agent_id":"edgex-node-001","category":"device","source":"native-ean","v1_purged":0}
{"level":"info","ts":1785239851.6826763,"logger":"discovery","caller":"ean/discovery.go:555","msg":"capability registered/updated","cap_id":"iec60870_5_104.write_register","agent_id":"edgex-node-001","category":"device","source":"native-ean","v1_purged":0}
{"level":"info","ts":1785239851.6826763,"logger":"discovery","caller":"ean/discovery.go:555","msg":"capability registered/updated","cap_id":"ethercat.write_register","agent_id":"edgex-node-001","category":"device","source":"native-ean","v1_purged":0}
{"level":"info","ts":1785239851.6826763,"logger":"discovery","caller":"ean/discovery.go:555","msg":"capability registered/updated","cap_id":"modbus_rtu_over_tcp.scan_devices","agent_id":"edgex-node-001","category":"device","source":"native-ean","v1_purged":0}
{"level":"info","ts":1785239851.6826763,"logger":"discovery","caller":"ean/discovery.go:555","msg":"capability registered/updated","cap_id":"s7.list_points","agent_id":"edgex-node-001","category":"device","source":"native-ean","v1_purged":0}
{"level":"info","ts":1785239851.6826763,"logger":"discovery","caller":"ean/discovery.go:555","msg":"capability registered/updated","cap_id":"mitsubishi_slmp.write_register","agent_id":"edgex-node-001","category":"device","source":"native-ean","v1_purged":0}
{"level":"info","ts":1785239851.6826763,"logger":"discovery","caller":"ean/discovery.go:555","msg":"capability registered/updated","cap_id":"profinet_io.write_register","agent_id":"edgex-node-001","category":"device","source":"native-ean","v1_purged":0}
{"level":"info","ts":1785239851.683196,"logger":"discovery","caller":"ean/discovery.go:555","msg":"capability registered/updated","cap_id":"mitsubishi_slmp.scan_devices","agent_id":"edgex-node-001","category":"device","source":"native-ean","v1_purged":0}
{"level":"info","ts":1785239851.683196,"logger":"discovery","caller":"ean/discovery.go:555","msg":"capability registered/updated","cap_id":"bacnet_ip.write_register","agent_id":"edgex-node-001","category":"device","source":"native-ean","v1_purged":0}
{"level":"info","ts":1785239851.683196,"logger":"discovery","caller":"ean/discovery.go:555","msg":"capability registered/updated","cap_id":"s7.write_register","agent_id":"edgex-node-001","category":"device","source":"native-ean","v1_purged":0}
{"level":"info","ts":1785239851.683196,"logger":"discovery","caller":"ean/discovery.go:555","msg":"capability registered/updated","cap_id":"s7.scan_devices","agent_id":"edgex-node-001","category":"device","source":"native-ean","v1_purged":0}
{"level":"info","ts":1785239851.683196,"logger":"discovery","caller":"ean/discovery.go:555","msg":"capability registered/updated","cap_id":"opc_ua.write_register","agent_id":"edgex-node-001","category":"device","source":"native-ean","v1_purged":0}
{"level":"info","ts":1785239851.683196,"logger":"discovery","caller":"ean/discovery.go:555","msg":"capability registered/updated","cap_id":"knxnet_ip.read_holding_register","agent_id":"edgex-node-001","category":"device","source":"native-ean","v1_purged":0}
{"level":"info","ts":1785239851.683196,"logger":"discovery","caller":"ean/discovery.go:555","msg":"capability registered/updated","cap_id":"ethernet_ip.list_points","agent_id":"edgex-node-001","category":"device","source":"native-ean","v1_purged":0}
{"level":"info","ts":1785239851.683196,"logger":"discovery","caller":"ean/discovery.go:555","msg":"capability registered/updated","cap_id":"modbus_rtu.scan_devices","agent_id":"edgex-node-001","category":"device","source":"native-ean","v1_purged":0}
{"level":"info","ts":1785239851.683196,"logger":"discovery","caller":"ean/discovery.go:555","msg":"capability registered/updated","cap_id":"ethernet_ip.read_holding_register","agent_id":"edgex-node-001","category":"device","source":"native-ean","v1_purged":0}
{"level":"info","ts":1785239851.683196,"logger":"discovery","caller":"ean/discovery.go:555","msg":"capability registered/updated","cap_id":"ethernet_ip.write_register","agent_id":"edgex-node-001","category":"device","source":"native-ean","v1_purged":0}
{"level":"info","ts":1785239851.683196,"logger":"discovery","caller":"ean/discovery.go:555","msg":"capability registered/updated","cap_id":"knxnet_ip.write_register","agent_id":"edgex-node-001","category":"device","source":"native-ean","v1_purged":0}
{"level":"info","ts":1785239851.683196,"logger":"discovery","caller":"ean/discovery.go:555","msg":"capability registered/updated","cap_id":"snmp.write_register","agent_id":"edgex-node-001","category":"device","source":"native-ean","v1_purged":0}
{"level":"info","ts":1785239851.683196,"logger":"discovery","caller":"ean/discovery.go:555","msg":"capability registered/updated","cap_id":"snmp.list_points","agent_id":"edgex-node-001","category":"device","source":"native-ean","v1_purged":0}
{"level":"info","ts":1785239851.683196,"logger":"discovery","caller":"ean/discovery.go:555","msg":"capability registered/updated","cap_id":"modbus_rtu_over_tcp.write_register","agent_id":"edgex-node-001","category":"device","source":"native-ean","v1_purged":0}
{"level":"info","ts":1785239851.683196,"logger":"discovery","caller":"ean/discovery.go:555","msg":"capability registered/updated","cap_id":"iec60870_5_104.list_points","agent_id":"edgex-node-001","category":"device","source":"native-ean","v1_purged":0}
{"level":"info","ts":1785239851.683196,"logger":"discovery","caller":"ean/discovery.go:555","msg":"capability registered/updated","cap_id":"mitsubishi_slmp.list_points","agent_id":"edgex-node-001","category":"device","source":"native-ean","v1_purged":0}
{"level":"warn","ts":1785239853.6808453,"logger":"heartbeat","caller":"ean/heartbeat.go:151","msg":"heartbeat sequence regression detected","agent_id":"edgex-node-001","old_seq":47,"new_seq":0}
{"level":"info","ts":1785239860.6828594,"logger":"ean-bus","caller":"ean/bus.go:601","msg":"主动发现查询已发布","topic":"$edgeos/discovery/query"}
{"level":"info","ts":1785239860.7048702,"logger":"discovery","caller":"ean/discovery.go:216","msg":"agent updated via discovery response","agent_id":"edgex-node-001","kind":"device","source":"native-ean"}
{"level":"info","ts":1785239860.7048702,"logger":"heartbeat","caller":"ean/heartbeat.go:283","msg":"heartbeat interval updated","agent_id":"edgex-node-001","interval_sec":60}
{"level":"info","ts":1785239860.7048702,"logger":"discovery","caller":"ean/discovery.go:555","msg":"capability registered/updated","cap_id":"modbus_tcp.scan_devices","agent_id":"edgex-node-001","category":"device","source":"native-ean","v1_purged":0}
{"level":"info","ts":1785239860.705378,"logger":"discovery","caller":"ean/discovery.go:555","msg":"capability registered/updated","cap_id":"bacnet_ip.list_points","agent_id":"edgex-node-001","category":"device","source":"native-ean","v1_purged":0}
{"level":"info","ts":1785239860.705378,"logger":"discovery","caller":"ean/discovery.go:555","msg":"capability registered/updated","cap_id":"iec60870_5_104.read_holding_register","agent_id":"edgex-node-001","category":"device","source":"native-ean","v1_purged":0}
{"level":"info","ts":1785239860.705378,"logger":"discovery","caller":"ean/discovery.go:555","msg":"capability registered/updated","cap_id":"iec60870_5_104.scan_devices","agent_id":"edgex-node-001","category":"device","source":"native-ean","v1_purged":0}
{"level":"info","ts":1785239860.705378,"logger":"discovery","caller":"ean/discovery.go:555","msg":"capability registered/updated","cap_id":"ethercat.scan_devices","agent_id":"edgex-node-001","category":"device","source":"native-ean","v1_purged":0}
{"level":"info","ts":1785239860.705378,"logger":"discovery","caller":"ean/discovery.go:555","msg":"capability registered/updated","cap_id":"dlt645.scan_devices","agent_id":"edgex-node-001","category":"device","source":"native-ean","v1_purged":0}
{"level":"info","ts":1785239860.705378,"logger":"discovery","caller":"ean/discovery.go:555","msg":"capability registered/updated","cap_id":"modbus_rtu.read_holding_register","agent_id":"edgex-node-001","category":"device","source":"native-ean","v1_purged":0}
{"level":"info","ts":1785239860.705378,"logger":"discovery","caller":"ean/discovery.go:555","msg":"capability registered/updated","cap_id":"modbus_rtu_over_tcp.list_points","agent_id":"edgex-node-001","category":"device","source":"native-ean","v1_purged":0}
{"level":"info","ts":1785239860.705378,"logger":"discovery","caller":"ean/discovery.go:555","msg":"capability registered/updated","cap_id":"opc_ua.scan_devices","agent_id":"edgex-node-001","category":"device","source":"native-ean","v1_purged":0}
{"level":"info","ts":1785239860.705378,"logger":"discovery","caller":"ean/discovery.go:555","msg":"capability registered/updated","cap_id":"opc_ua.list_points","agent_id":"edgex-node-001","category":"device","source":"native-ean","v1_purged":0}
{"level":"info","ts":1785239860.705378,"logger":"discovery","caller":"ean/discovery.go:555","msg":"capability registered/updated","cap_id":"s7.read_holding_register","agent_id":"edgex-node-001","category":"device","source":"native-ean","v1_purged":0}
{"level":"info","ts":1785239860.705378,"logger":"discovery","caller":"ean/discovery.go:555","msg":"capability registered/updated","cap_id":"omron_fins.list_points","agent_id":"edgex-node-001","category":"device","source":"native-ean","v1_purged":0}
{"level":"info","ts":1785239860.705378,"logger":"discovery","caller":"ean/discovery.go:555","msg":"capability registered/updated","cap_id":"dlt645.read_holding_register","agent_id":"edgex-node-001","category":"device","source":"native-ean","v1_purged":0}
{"level":"info","ts":1785239860.705907,"logger":"discovery","caller":"ean/discovery.go:555","msg":"capability registered/updated","cap_id":"profinet_io.list_points","agent_id":"edgex-node-001","category":"device","source":"native-ean","v1_purged":0}
{"level":"info","ts":1785239860.7059634,"logger":"discovery","caller":"ean/discovery.go:555","msg":"capability registered/updated","cap_id":"ethercat.read_holding_register","agent_id":"edgex-node-001","category":"device","source":"native-ean","v1_purged":0}
{"level":"info","ts":1785239860.7059634,"logger":"discovery","caller":"ean/discovery.go:555","msg":"capability registered/updated","cap_id":"modbus_tcp.list_points","agent_id":"edgex-node-001","category":"device","source":"native-ean","v1_purged":0}
{"level":"info","ts":1785239860.7060177,"logger":"discovery","caller":"ean/discovery.go:555","msg":"capability registered/updated","cap_id":"ethernet_ip.scan_devices","agent_id":"edgex-node-001","category":"device","source":"native-ean","v1_purged":0}
{"level":"info","ts":1785239860.7060177,"logger":"discovery","caller":"ean/discovery.go:555","msg":"capability registered/updated","cap_id":"omron_fins.write_register","agent_id":"edgex-node-001","category":"device","source":"native-ean","v1_purged":0}
{"level":"info","ts":1785239860.7060177,"logger":"discovery","caller":"ean/discovery.go:555","msg":"capability registered/updated","cap_id":"modbus_rtu_over_tcp.read_holding_register","agent_id":"edgex-node-001","category":"device","source":"native-ean","v1_purged":0}
{"level":"info","ts":1785239860.7060177,"logger":"discovery","caller":"ean/discovery.go:555","msg":"capability registered/updated","cap_id":"knxnet_ip.list_points","agent_id":"edgex-node-001","category":"device","source":"native-ean","v1_purged":0}
{"level":"info","ts":1785239860.7060177,"logger":"discovery","caller":"ean/discovery.go:555","msg":"capability registered/updated","cap_id":"modbus_tcp.write_register","agent_id":"edgex-node-001","category":"device","source":"native-ean","v1_purged":0}
{"level":"info","ts":1785239860.7060177,"logger":"discovery","caller":"ean/discovery.go:555","msg":"capability registered/updated","cap_id":"omron_fins.read_holding_register","agent_id":"edgex-node-001","category":"device","source":"native-ean","v1_purged":0}
{"level":"info","ts":1785239860.7060177,"logger":"discovery","caller":"ean/discovery.go:555","msg":"capability registered/updated","cap_id":"dlt645.write_register","agent_id":"edgex-node-001","category":"device","source":"native-ean","v1_purged":0}
{"level":"info","ts":1785239860.7060177,"logger":"discovery","caller":"ean/discovery.go:555","msg":"capability registered/updated","cap_id":"mitsubishi_slmp.read_holding_register","agent_id":"edgex-node-001","category":"device","source":"native-ean","v1_purged":0}
{"level":"info","ts":1785239860.7060177,"logger":"discovery","caller":"ean/discovery.go:555","msg":"capability registered/updated","cap_id":"iec60870_5_104.write_register","agent_id":"edgex-node-001","category":"device","source":"native-ean","v1_purged":0}
{"level":"info","ts":1785239860.7060177,"logger":"discovery","caller":"ean/discovery.go:555","msg":"capability registered/updated","cap_id":"ethercat.write_register","agent_id":"edgex-node-001","category":"device","source":"native-ean","v1_purged":0}
{"level":"info","ts":1785239860.7060177,"logger":"discovery","caller":"ean/discovery.go:555","msg":"capability registered/updated","cap_id":"modbus_rtu_over_tcp.scan_devices","agent_id":"edgex-node-001","category":"device","source":"native-ean","v1_purged":0}
{"level":"info","ts":1785239860.7060177,"logger":"discovery","caller":"ean/discovery.go:555","msg":"capability registered/updated","cap_id":"s7.list_points","agent_id":"edgex-node-001","category":"device","source":"native-ean","v1_purged":0}
{"level":"info","ts":1785239860.7065315,"logger":"discovery","caller":"ean/discovery.go:555","msg":"capability registered/updated","cap_id":"mitsubishi_slmp.write_register","agent_id":"edgex-node-001","category":"device","source":"native-ean","v1_purged":0}
{"level":"info","ts":1785239860.7065315,"logger":"discovery","caller":"ean/discovery.go:555","msg":"capability registered/updated","cap_id":"profinet_io.write_register","agent_id":"edgex-node-001","category":"device","source":"native-ean","v1_purged":0}
{"level":"info","ts":1785239860.70659,"logger":"discovery","caller":"ean/discovery.go:555","msg":"capability registered/updated","cap_id":"mitsubishi_slmp.scan_devices","agent_id":"edgex-node-001","category":"device","source":"native-ean","v1_purged":0}
{"level":"info","ts":1785239860.70659,"logger":"discovery","caller":"ean/discovery.go:555","msg":"capability registered/updated","cap_id":"bacnet_ip.write_register","agent_id":"edgex-node-001","category":"device","source":"native-ean","v1_purged":0}
{"level":"info","ts":1785239860.70659,"logger":"discovery","caller":"ean/discovery.go:555","msg":"capability registered/updated","cap_id":"s7.write_register","agent_id":"edgex-node-001","category":"device","source":"native-ean","v1_purged":0}
{"level":"info","ts":1785239860.70659,"logger":"discovery","caller":"ean/discovery.go:555","msg":"capability registered/updated","cap_id":"s7.scan_devices","agent_id":"edgex-node-001","category":"device","source":"native-ean","v1_purged":0}
{"level":"info","ts":1785239860.70659,"logger":"discovery","caller":"ean/discovery.go:555","msg":"capability registered/updated","cap_id":"opc_ua.write_register","agent_id":"edgex-node-001","category":"device","source":"native-ean","v1_purged":0}
{"level":"info","ts":1785239860.70659,"logger":"discovery","caller":"ean/discovery.go:555","msg":"capability registered/updated","cap_id":"knxnet_ip.read_holding_register","agent_id":"edgex-node-001","category":"device","source":"native-ean","v1_purged":0}
{"level":"info","ts":1785239860.70659,"logger":"discovery","caller":"ean/discovery.go:555","msg":"capability registered/updated","cap_id":"ethernet_ip.list_points","agent_id":"edgex-node-001","category":"device","source":"native-ean","v1_purged":0}
{"level":"info","ts":1785239860.70659,"logger":"discovery","caller":"ean/discovery.go:555","msg":"capability registered/updated","cap_id":"modbus_rtu.scan_devices","agent_id":"edgex-node-001","category":"device","source":"native-ean","v1_purged":0}
{"level":"info","ts":1785239860.7071197,"logger":"discovery","caller":"ean/discovery.go:555","msg":"capability registered/updated","cap_id":"ethernet_ip.read_holding_register","agent_id":"edgex-node-001","category":"device","source":"native-ean","v1_purged":0}
{"level":"info","ts":1785239860.7071197,"logger":"discovery","caller":"ean/discovery.go:555","msg":"capability registered/updated","cap_id":"ethernet_ip.write_register","agent_id":"edgex-node-001","category":"device","source":"native-ean","v1_purged":0}
{"level":"info","ts":1785239860.7071197,"logger":"discovery","caller":"ean/discovery.go:555","msg":"capability registered/updated","cap_id":"knxnet_ip.write_register","agent_id":"edgex-node-001","category":"device","source":"native-ean","v1_purged":0}
{"level":"info","ts":1785239860.7071197,"logger":"discovery","caller":"ean/discovery.go:555","msg":"capability registered/updated","cap_id":"snmp.write_register","agent_id":"edgex-node-001","category":"device","source":"native-ean","v1_purged":0}
{"level":"info","ts":1785239860.707606,"logger":"discovery","caller":"ean/discovery.go:555","msg":"capability registered/updated","cap_id":"snmp.list_points","agent_id":"edgex-node-001","category":"device","source":"native-ean","v1_purged":0}
{"level":"info","ts":1785239860.707606,"logger":"discovery","caller":"ean/discovery.go:555","msg":"capability registered/updated","cap_id":"modbus_rtu_over_tcp.write_register","agent_id":"edgex-node-001","category":"device","source":"native-ean","v1_purged":0}
{"level":"info","ts":1785239860.707606,"logger":"discovery","caller":"ean/discovery.go:555","msg":"capability registered/updated","cap_id":"iec60870_5_104.list_points","agent_id":"edgex-node-001","category":"device","source":"native-ean","v1_purged":0}
{"level":"info","ts":1785239860.708036,"logger":"discovery","caller":"ean/discovery.go:555","msg":"capability registered/updated","cap_id":"mitsubishi_slmp.list_points","agent_id":"edgex-node-001","category":"device","source":"native-ean","v1_purged":0}
{"level":"info","ts":1785239860.708036,"logger":"discovery","caller":"ean/discovery.go:555","msg":"capability registered/updated","cap_id":"ai.doc_parse","agent_id":"edgex-node-001","category":"ai","source":"native-ean","v1_purged":0}
{"level":"info","ts":1785239860.708036,"logger":"discovery","caller":"ean/discovery.go:555","msg":"capability registered/updated","cap_id":"knxnet_ip.scan_devices","agent_id":"edgex-node-001","category":"device","source":"native-ean","v1_purged":0}
{"level":"info","ts":1785239860.708036,"logger":"discovery","caller":"ean/discovery.go:555","msg":"capability registered/updated","cap_id":"dlt645.list_points","agent_id":"edgex-node-001","category":"device","source":"native-ean","v1_purged":0}
{"level":"info","ts":1785239860.708036,"logger":"discovery","caller":"ean/discovery.go:555","msg":"capability registered/updated","cap_id":"profinet_io.scan_devices","agent_id":"edgex-node-001","category":"device","source":"native-ean","v1_purged":0}
{"level":"info","ts":1785239860.708036,"logger":"discovery","caller":"ean/discovery.go:555","msg":"capability registered/updated","cap_id":"modbus_tcp.read_holding_register","agent_id":"edgex-node-001","category":"device","source":"native-ean","v1_purged":0}
{"level":"info","ts":1785239860.709035,"logger":"discovery","caller":"ean/discovery.go:555","msg":"capability registered/updated","cap_id":"ethercat.list_points","agent_id":"edgex-node-001","category":"device","source":"native-ean","v1_purged":0}
{"level":"info","ts":1785239860.709582,"logger":"discovery","caller":"ean/discovery.go:555","msg":"capability registered/updated","cap_id":"ai.protocol_reverse","agent_id":"edgex-node-001","category":"ai","source":"native-ean","v1_purged":0}
{"level":"info","ts":1785239860.7096539,"logger":"discovery","caller":"ean/discovery.go:555","msg":"capability registered/updated","cap_id":"modbus_rtu.write_register","agent_id":"edgex-node-001","category":"device","source":"native-ean","v1_purged":0}
{"level":"info","ts":1785239860.7096539,"logger":"discovery","caller":"ean/discovery.go:555","msg":"capability registered/updated","cap_id":"modbus_rtu.list_points","agent_id":"edgex-node-001","category":"device","source":"native-ean","v1_purged":0}
{"level":"info","ts":1785239860.709729,"logger":"discovery","caller":"ean/discovery.go:555","msg":"capability registered/updated","cap_id":"bacnet_ip.scan_devices","agent_id":"edgex-node-001","category":"device","source":"native-ean","v1_purged":0}
{"level":"info","ts":1785239860.709729,"logger":"discovery","caller":"ean/discovery.go:555","msg":"capability registered/updated","cap_id":"opc_ua.read_holding_register","agent_id":"edgex-node-001","category":"device","source":"native-ean","v1_purged":0}
{"level":"info","ts":1785239860.709729,"logger":"discovery","caller":"ean/discovery.go:555","msg":"capability registered/updated","cap_id":"snmp.read_holding_register","agent_id":"edgex-node-001","category":"device","source":"native-ean","v1_purged":0}
{"level":"info","ts":1785239860.709729,"logger":"discovery","caller":"ean/discovery.go:555","msg":"capability registered/updated","cap_id":"profinet_io.read_holding_register","agent_id":"edgex-node-001","category":"device","source":"native-ean","v1_purged":0}
{"level":"info","ts":1785239860.709729,"logger":"discovery","caller":"ean/discovery.go:555","msg":"capability registered/updated","cap_id":"bacnet_ip.read_holding_register","agent_id":"edgex-node-001","category":"device","source":"native-ean","v1_purged":0}
{"level":"info","ts":1785239860.709729,"logger":"discovery","caller":"ean/discovery.go:555","msg":"capability registered/updated","cap_id":"omron_fins.scan_devices","agent_id":"edgex-node-001","category":"device","source":"native-ean","v1_purged":0}
{"level":"info","ts":1785239860.709729,"logger":"discovery","caller":"ean/discovery.go:555","msg":"capability registered/updated","cap_id":"snmp.scan_devices","agent_id":"edgex-node-001","category":"device","source":"native-ean","v1_purged":0}
{"level":"info","ts":1785239860.709729,"logger":"discovery","caller":"ean/discovery.go:555","msg":"capability registered/updated","cap_id":"system.diagnostics","agent_id":"edgex-node-001","category":"system","source":"native-ean","v1_purged":0}
{"level":"info","ts":1785239860.709729,"logger":"discovery","caller":"ean/discovery.go:236","msg":"discovery response capabilities indexed","count":63,"transport":"mqtt"}
{"level":"info","ts":1785239911.6759953,"logger":"discovery","caller":"ean/discovery.go:555","msg":"capability registered/updated","cap_id":"knxnet_ip.scan_devices","agent_id":"edgex-node-001","category":"device","source":"native-ean","v1_purged":0}
{"level":"info","ts":1785239911.6765418,"logger":"discovery","caller":"ean/discovery.go:555","msg":"capability registered/updated","cap_id":"dlt645.list_points","agent_id":"edgex-node-001","category":"device","source":"native-ean","v1_purged":0}
{"level":"info","ts":1785239911.6765418,"logger":"discovery","caller":"ean/discovery.go:555","msg":"capability registered/updated","cap_id":"profinet_io.scan_devices","agent_id":"edgex-node-001","category":"device","source":"native-ean","v1_purged":0}
{"level":"info","ts":1785239911.6765418,"logger":"discovery","caller":"ean/discovery.go:555","msg":"capability registered/updated","cap_id":"modbus_tcp.read_holding_register","agent_id":"edgex-node-001","category":"device","source":"native-ean","v1_purged":0}
{"level":"info","ts":1785239911.6765418,"logger":"discovery","caller":"ean/discovery.go:555","msg":"capability registered/updated","cap_id":"ethercat.list_points","agent_id":"edgex-node-001","category":"device","source":"native-ean","v1_purged":0}
{"level":"info","ts":1785239911.6765418,"logger":"discovery","caller":"ean/discovery.go:555","msg":"capability registered/updated","cap_id":"ai.protocol_reverse","agent_id":"edgex-node-001","category":"ai","source":"native-ean","v1_purged":0}
{"level":"info","ts":1785239911.6765418,"logger":"discovery","caller":"ean/discovery.go:555","msg":"capability registered/updated","cap_id":"modbus_rtu.write_register","agent_id":"edgex-node-001","category":"device","source":"native-ean","v1_purged":0}
{"level":"info","ts":1785239911.6765418,"logger":"discovery","caller":"ean/discovery.go:555","msg":"capability registered/updated","cap_id":"modbus_rtu.list_points","agent_id":"edgex-node-001","category":"device","source":"native-ean","v1_purged":0}
{"level":"info","ts":1785239911.6765418,"logger":"discovery","caller":"ean/discovery.go:555","msg":"capability registered/updated","cap_id":"bacnet_ip.scan_devices","agent_id":"edgex-node-001","category":"device","source":"native-ean","v1_purged":0}
{"level":"info","ts":1785239911.6765418,"logger":"discovery","caller":"ean/discovery.go:555","msg":"capability registered/updated","cap_id":"opc_ua.read_holding_register","agent_id":"edgex-node-001","category":"device","source":"native-ean","v1_purged":0}
{"level":"info","ts":1785239911.6765418,"logger":"discovery","caller":"ean/discovery.go:555","msg":"capability registered/updated","cap_id":"snmp.read_holding_register","agent_id":"edgex-node-001","category":"device","source":"native-ean","v1_purged":0}
{"level":"info","ts":1785239911.6765418,"logger":"discovery","caller":"ean/discovery.go:555","msg":"capability registered/updated","cap_id":"profinet_io.read_holding_register","agent_id":"edgex-node-001","category":"device","source":"native-ean","v1_purged":0}
{"level":"info","ts":1785239911.6765418,"logger":"discovery","caller":"ean/discovery.go:555","msg":"capability registered/updated","cap_id":"bacnet_ip.read_holding_register","agent_id":"edgex-node-001","category":"device","source":"native-ean","v1_purged":0}
{"level":"info","ts":1785239911.6765418,"logger":"discovery","caller":"ean/discovery.go:555","msg":"capability registered/updated","cap_id":"omron_fins.scan_devices","agent_id":"edgex-node-001","category":"device","source":"native-ean","v1_purged":0}
{"level":"info","ts":1785239911.6765418,"logger":"discovery","caller":"ean/discovery.go:555","msg":"capability registered/updated","cap_id":"snmp.scan_devices","agent_id":"edgex-node-001","category":"device","source":"native-ean","v1_purged":0}
{"level":"info","ts":1785239911.6765418,"logger":"discovery","caller":"ean/discovery.go:555","msg":"capability registered/updated","cap_id":"system.diagnostics","agent_id":"edgex-node-001","category":"system","source":"native-ean","v1_purged":0}
{"level":"info","ts":1785239911.6765418,"logger":"discovery","caller":"ean/discovery.go:555","msg":"capability registered/updated","cap_id":"modbus_tcp.scan_devices","agent_id":"edgex-node-001","category":"device","source":"native-ean","v1_purged":0}
{"level":"info","ts":1785239911.6765418,"logger":"discovery","caller":"ean/discovery.go:555","msg":"capability registered/updated","cap_id":"bacnet_ip.list_points","agent_id":"edgex-node-001","category":"device","source":"native-ean","v1_purged":0}
{"level":"info","ts":1785239911.6765418,"logger":"discovery","caller":"ean/discovery.go:555","msg":"capability registered/updated","cap_id":"iec60870_5_104.read_holding_register","agent_id":"edgex-node-001","category":"device","source":"native-ean","v1_purged":0}
{"level":"info","ts":1785239911.6771042,"logger":"discovery","caller":"ean/discovery.go:555","msg":"capability registered/updated","cap_id":"iec60870_5_104.scan_devices","agent_id":"edgex-node-001","category":"device","source":"native-ean","v1_purged":0}
{"level":"info","ts":1785239911.6771042,"logger":"discovery","caller":"ean/discovery.go:555","msg":"capability registered/updated","cap_id":"ethercat.scan_devices","agent_id":"edgex-node-001","category":"device","source":"native-ean","v1_purged":0}
{"level":"info","ts":1785239911.6771648,"logger":"discovery","caller":"ean/discovery.go:555","msg":"capability registered/updated","cap_id":"dlt645.scan_devices","agent_id":"edgex-node-001","category":"device","source":"native-ean","v1_purged":0}
{"level":"info","ts":1785239911.6771648,"logger":"discovery","caller":"ean/discovery.go:555","msg":"capability registered/updated","cap_id":"modbus_rtu.read_holding_register","agent_id":"edgex-node-001","category":"device","source":"native-ean","v1_purged":0}
{"level":"info","ts":1785239911.6771648,"logger":"discovery","caller":"ean/discovery.go:555","msg":"capability registered/updated","cap_id":"modbus_rtu_over_tcp.list_points","agent_id":"edgex-node-001","category":"device","source":"native-ean","v1_purged":0}
{"level":"info","ts":1785239911.6772406,"logger":"discovery","caller":"ean/discovery.go:555","msg":"capability registered/updated","cap_id":"opc_ua.scan_devices","agent_id":"edgex-node-001","category":"device","source":"native-ean","v1_purged":0}
{"level":"info","ts":1785239911.6773133,"logger":"discovery","caller":"ean/discovery.go:555","msg":"capability registered/updated","cap_id":"opc_ua.list_points","agent_id":"edgex-node-001","category":"device","source":"native-ean","v1_purged":0}
{"level":"info","ts":1785239911.6773133,"logger":"discovery","caller":"ean/discovery.go:555","msg":"capability registered/updated","cap_id":"s7.read_holding_register","agent_id":"edgex-node-001","category":"device","source":"native-ean","v1_purged":0}
{"level":"info","ts":1785239911.6773849,"logger":"discovery","caller":"ean/discovery.go:555","msg":"capability registered/updated","cap_id":"omron_fins.list_points","agent_id":"edgex-node-001","category":"device","source":"native-ean","v1_purged":0}
{"level":"info","ts":1785239911.6773849,"logger":"discovery","caller":"ean/discovery.go:555","msg":"capability registered/updated","cap_id":"dlt645.read_holding_register","agent_id":"edgex-node-001","category":"device","source":"native-ean","v1_purged":0}
{"level":"info","ts":1785239911.6774423,"logger":"discovery","caller":"ean/discovery.go:555","msg":"capability registered/updated","cap_id":"profinet_io.list_points","agent_id":"edgex-node-001","category":"device","source":"native-ean","v1_purged":0}
{"level":"info","ts":1785239911.6774423,"logger":"discovery","caller":"ean/discovery.go:555","msg":"capability registered/updated","cap_id":"ethercat.read_holding_register","agent_id":"edgex-node-001","category":"device","source":"native-ean","v1_purged":0}
{"level":"info","ts":1785239911.6774423,"logger":"discovery","caller":"ean/discovery.go:555","msg":"capability registered/updated","cap_id":"modbus_tcp.list_points","agent_id":"edgex-node-001","category":"device","source":"native-ean","v1_purged":0}
{"level":"info","ts":1785239911.6774423,"logger":"discovery","caller":"ean/discovery.go:555","msg":"capability registered/updated","cap_id":"ethernet_ip.scan_devices","agent_id":"edgex-node-001","category":"device","source":"native-ean","v1_purged":0}
{"level":"info","ts":1785239911.6774423,"logger":"discovery","caller":"ean/discovery.go:555","msg":"capability registered/updated","cap_id":"omron_fins.write_register","agent_id":"edgex-node-001","category":"device","source":"native-ean","v1_purged":0}
{"level":"info","ts":1785239911.6774423,"logger":"discovery","caller":"ean/discovery.go:555","msg":"capability registered/updated","cap_id":"modbus_rtu_over_tcp.read_holding_register","agent_id":"edgex-node-001","category":"device","source":"native-ean","v1_purged":0}
{"level":"info","ts":1785239911.6774423,"logger":"discovery","caller":"ean/discovery.go:555","msg":"capability registered/updated","cap_id":"knxnet_ip.list_points","agent_id":"edgex-node-001","category":"device","source":"native-ean","v1_purged":0}
{"level":"info","ts":1785239911.6774423,"logger":"discovery","caller":"ean/discovery.go:555","msg":"capability registered/updated","cap_id":"modbus_tcp.write_register","agent_id":"edgex-node-001","category":"device","source":"native-ean","v1_purged":0}
{"level":"info","ts":1785239911.6774423,"logger":"discovery","caller":"ean/discovery.go:555","msg":"capability registered/updated","cap_id":"omron_fins.read_holding_register","agent_id":"edgex-node-001","category":"device","source":"native-ean","v1_purged":0}
{"level":"info","ts":1785239911.6774423,"logger":"discovery","caller":"ean/discovery.go:555","msg":"capability registered/updated","cap_id":"dlt645.write_register","agent_id":"edgex-node-001","category":"device","source":"native-ean","v1_purged":0}
{"level":"info","ts":1785239911.6774423,"logger":"discovery","caller":"ean/discovery.go:555","msg":"capability registered/updated","cap_id":"mitsubishi_slmp.read_holding_register","agent_id":"edgex-node-001","category":"device","source":"native-ean","v1_purged":0}
{"level":"info","ts":1785239911.6774423,"logger":"discovery","caller":"ean/discovery.go:555","msg":"capability registered/updated","cap_id":"iec60870_5_104.write_register","agent_id":"edgex-node-001","category":"device","source":"native-ean","v1_purged":0}
{"level":"info","ts":1785239911.6774423,"logger":"discovery","caller":"ean/discovery.go:555","msg":"capability registered/updated","cap_id":"ethercat.write_register","agent_id":"edgex-node-001","category":"device","source":"native-ean","v1_purged":0}
{"level":"info","ts":1785239911.6774423,"logger":"discovery","caller":"ean/discovery.go:555","msg":"capability registered/updated","cap_id":"modbus_rtu_over_tcp.scan_devices","agent_id":"edgex-node-001","category":"device","source":"native-ean","v1_purged":0}
{"level":"info","ts":1785239911.6774423,"logger":"discovery","caller":"ean/discovery.go:555","msg":"capability registered/updated","cap_id":"s7.list_points","agent_id":"edgex-node-001","category":"device","source":"native-ean","v1_purged":0}
{"level":"info","ts":1785239911.6779592,"logger":"discovery","caller":"ean/discovery.go:555","msg":"capability registered/updated","cap_id":"mitsubishi_slmp.write_register","agent_id":"edgex-node-001","category":"device","source":"native-ean","v1_purged":0}
{"level":"info","ts":1785239911.6780148,"logger":"discovery","caller":"ean/discovery.go:555","msg":"capability registered/updated","cap_id":"profinet_io.write_register","agent_id":"edgex-node-001","category":"device","source":"native-ean","v1_purged":0}
{"level":"info","ts":1785239911.6780148,"logger":"discovery","caller":"ean/discovery.go:555","msg":"capability registered/updated","cap_id":"mitsubishi_slmp.scan_devices","agent_id":"edgex-node-001","category":"device","source":"native-ean","v1_purged":0}
{"level":"info","ts":1785239911.6780148,"logger":"discovery","caller":"ean/discovery.go:555","msg":"capability registered/updated","cap_id":"bacnet_ip.write_register","agent_id":"edgex-node-001","category":"device","source":"native-ean","v1_purged":0}
{"level":"info","ts":1785239911.6780148,"logger":"discovery","caller":"ean/discovery.go:555","msg":"capability registered/updated","cap_id":"s7.write_register","agent_id":"edgex-node-001","category":"device","source":"native-ean","v1_purged":0}
{"level":"info","ts":1785239911.6780148,"logger":"discovery","caller":"ean/discovery.go:555","msg":"capability registered/updated","cap_id":"s7.scan_devices","agent_id":"edgex-node-001","category":"device","source":"native-ean","v1_purged":0}
{"level":"info","ts":1785239911.6780148,"logger":"discovery","caller":"ean/discovery.go:555","msg":"capability registered/updated","cap_id":"opc_ua.write_register","agent_id":"edgex-node-001","category":"device","source":"native-ean","v1_purged":0}
{"level":"info","ts":1785239911.6780148,"logger":"discovery","caller":"ean/discovery.go:555","msg":"capability registered/updated","cap_id":"knxnet_ip.read_holding_register","agent_id":"edgex-node-001","category":"device","source":"native-ean","v1_purged":0}
{"level":"info","ts":1785239911.6780148,"logger":"discovery","caller":"ean/discovery.go:555","msg":"capability registered/updated","cap_id":"ethernet_ip.list_points","agent_id":"edgex-node-001","category":"device","source":"native-ean","v1_purged":0}
{"level":"info","ts":1785239911.6780148,"logger":"discovery","caller":"ean/discovery.go:555","msg":"capability registered/updated","cap_id":"modbus_rtu.scan_devices","agent_id":"edgex-node-001","category":"device","source":"native-ean","v1_purged":0}
{"level":"info","ts":1785239911.6780148,"logger":"discovery","caller":"ean/discovery.go:555","msg":"capability registered/updated","cap_id":"ethernet_ip.read_holding_register","agent_id":"edgex-node-001","category":"device","source":"native-ean","v1_purged":0}
{"level":"info","ts":1785239911.6780148,"logger":"discovery","caller":"ean/discovery.go:555","msg":"capability registered/updated","cap_id":"ethernet_ip.write_register","agent_id":"edgex-node-001","category":"device","source":"native-ean","v1_purged":0}
{"level":"info","ts":1785239911.6780148,"logger":"discovery","caller":"ean/discovery.go:555","msg":"capability registered/updated","cap_id":"knxnet_ip.write_register","agent_id":"edgex-node-001","category":"device","source":"native-ean","v1_purged":0}
{"level":"info","ts":1785239911.6780148,"logger":"discovery","caller":"ean/discovery.go:555","msg":"capability registered/updated","cap_id":"snmp.write_register","agent_id":"edgex-node-001","category":"device","source":"native-ean","v1_purged":0}
{"level":"info","ts":1785239911.6780148,"logger":"discovery","caller":"ean/discovery.go:555","msg":"capability registered/updated","cap_id":"snmp.list_points","agent_id":"edgex-node-001","category":"device","source":"native-ean","v1_purged":0}
{"level":"info","ts":1785239911.6785386,"logger":"discovery","caller":"ean/discovery.go:555","msg":"capability registered/updated","cap_id":"modbus_rtu_over_tcp.write_register","agent_id":"edgex-node-001","category":"device","source":"native-ean","v1_purged":0}
{"level":"info","ts":1785239911.678595,"logger":"discovery","caller":"ean/discovery.go:555","msg":"capability registered/updated","cap_id":"iec60870_5_104.list_points","agent_id":"edgex-node-001","category":"device","source":"native-ean","v1_purged":0}
{"level":"info","ts":1785239911.678595,"logger":"discovery","caller":"ean/discovery.go:555","msg":"capability registered/updated","cap_id":"mitsubishi_slmp.list_points","agent_id":"edgex-node-001","category":"device","source":"native-ean","v1_purged":0}
{"level":"info","ts":1785239911.678595,"logger":"discovery","caller":"ean/discovery.go:555","msg":"capability registered/updated","cap_id":"ai.doc_parse","agent_id":"edgex-node-001","category":"ai","source":"native-ean","v1_purged":0}
{"level":"warn","ts":1785239913.680193,"logger":"heartbeat","caller":"ean/heartbeat.go:151","msg":"heartbeat sequence regression detected","agent_id":"edgex-node-001","old_seq":48,"new_seq":0}
{"level":"info","ts":1785239971.6665616,"logger":"discovery","caller":"ean/discovery.go:555","msg":"capability registered/updated","cap_id":"modbus_rtu.write_register","agent_id":"edgex-node-001","category":"device","source":"native-ean","v1_purged":0}
{"level":"info","ts":1785239971.6670825,"logger":"discovery","caller":"ean/discovery.go:555","msg":"capability registered/updated","cap_id":"modbus_rtu.list_points","agent_id":"edgex-node-001","category":"device","source":"native-ean","v1_purged":0}
{"level":"info","ts":1785239971.6670825,"logger":"discovery","caller":"ean/discovery.go:555","msg":"capability registered/updated","cap_id":"bacnet_ip.scan_devices","agent_id":"edgex-node-001","category":"device","source":"native-ean","v1_purged":0}
{"level":"info","ts":1785239971.6675792,"logger":"discovery","caller":"ean/discovery.go:555","msg":"capability registered/updated","cap_id":"opc_ua.read_holding_register","agent_id":"edgex-node-001","category":"device","source":"native-ean","v1_purged":0}
{"level":"info","ts":1785239971.6675792,"logger":"discovery","caller":"ean/discovery.go:555","msg":"capability registered/updated","cap_id":"snmp.read_holding_register","agent_id":"edgex-node-001","category":"device","source":"native-ean","v1_purged":0}
{"level":"info","ts":1785239971.6675792,"logger":"discovery","caller":"ean/discovery.go:555","msg":"capability registered/updated","cap_id":"profinet_io.read_holding_register","agent_id":"edgex-node-001","category":"device","source":"native-ean","v1_purged":0}
{"level":"info","ts":1785239971.6675792,"logger":"discovery","caller":"ean/discovery.go:555","msg":"capability registered/updated","cap_id":"bacnet_ip.read_holding_register","agent_id":"edgex-node-001","category":"device","source":"native-ean","v1_purged":0}
{"level":"info","ts":1785239971.6675792,"logger":"discovery","caller":"ean/discovery.go:555","msg":"capability registered/updated","cap_id":"omron_fins.scan_devices","agent_id":"edgex-node-001","category":"device","source":"native-ean","v1_purged":0}
{"level":"info","ts":1785239971.6675792,"logger":"discovery","caller":"ean/discovery.go:555","msg":"capability registered/updated","cap_id":"snmp.scan_devices","agent_id":"edgex-node-001","category":"device","source":"native-ean","v1_purged":0}
{"level":"info","ts":1785239971.6675792,"logger":"discovery","caller":"ean/discovery.go:555","msg":"capability registered/updated","cap_id":"system.diagnostics","agent_id":"edgex-node-001","category":"system","source":"native-ean","v1_purged":0}
{"level":"info","ts":1785239971.6675792,"logger":"discovery","caller":"ean/discovery.go:555","msg":"capability registered/updated","cap_id":"modbus_tcp.scan_devices","agent_id":"edgex-node-001","category":"device","source":"native-ean","v1_purged":0}
{"level":"info","ts":1785239971.6675792,"logger":"discovery","caller":"ean/discovery.go:555","msg":"capability registered/updated","cap_id":"bacnet_ip.list_points","agent_id":"edgex-node-001","category":"device","source":"native-ean","v1_purged":0}
{"level":"info","ts":1785239971.6675792,"logger":"discovery","caller":"ean/discovery.go:555","msg":"capability registered/updated","cap_id":"iec60870_5_104.read_holding_register","agent_id":"edgex-node-001","category":"device","source":"native-ean","v1_purged":0}
{"level":"info","ts":1785239971.6680834,"logger":"discovery","caller":"ean/discovery.go:555","msg":"capability registered/updated","cap_id":"iec60870_5_104.scan_devices","agent_id":"edgex-node-001","category":"device","source":"native-ean","v1_purged":0}
{"level":"info","ts":1785239971.6680834,"logger":"discovery","caller":"ean/discovery.go:555","msg":"capability registered/updated","cap_id":"ethercat.scan_devices","agent_id":"edgex-node-001","category":"device","source":"native-ean","v1_purged":0}
{"level":"info","ts":1785239971.6680834,"logger":"discovery","caller":"ean/discovery.go:555","msg":"capability registered/updated","cap_id":"dlt645.scan_devices","agent_id":"edgex-node-001","category":"device","source":"native-ean","v1_purged":0}
{"level":"info","ts":1785239971.6680834,"logger":"discovery","caller":"ean/discovery.go:555","msg":"capability registered/updated","cap_id":"modbus_rtu.read_holding_register","agent_id":"edgex-node-001","category":"device","source":"native-ean","v1_purged":0}
{"level":"info","ts":1785239971.6680834,"logger":"discovery","caller":"ean/discovery.go:555","msg":"capability registered/updated","cap_id":"modbus_rtu_over_tcp.list_points","agent_id":"edgex-node-001","category":"device","source":"native-ean","v1_purged":0}
{"level":"info","ts":1785239971.6680834,"logger":"discovery","caller":"ean/discovery.go:555","msg":"capability registered/updated","cap_id":"opc_ua.scan_devices","agent_id":"edgex-node-001","category":"device","source":"native-ean","v1_purged":0}
{"level":"info","ts":1785239971.6680834,"logger":"discovery","caller":"ean/discovery.go:555","msg":"capability registered/updated","cap_id":"opc_ua.list_points","agent_id":"edgex-node-001","category":"device","source":"native-ean","v1_purged":0}
{"level":"info","ts":1785239971.6680834,"logger":"discovery","caller":"ean/discovery.go:555","msg":"capability registered/updated","cap_id":"s7.read_holding_register","agent_id":"edgex-node-001","category":"device","source":"native-ean","v1_purged":0}
{"level":"info","ts":1785239971.6680834,"logger":"discovery","caller":"ean/discovery.go:555","msg":"capability registered/updated","cap_id":"omron_fins.list_points","agent_id":"edgex-node-001","category":"device","source":"native-ean","v1_purged":0}
{"level":"info","ts":1785239971.6680834,"logger":"discovery","caller":"ean/discovery.go:555","msg":"capability registered/updated","cap_id":"dlt645.read_holding_register","agent_id":"edgex-node-001","category":"device","source":"native-ean","v1_purged":0}
{"level":"info","ts":1785239971.6680834,"logger":"discovery","caller":"ean/discovery.go:555","msg":"capability registered/updated","cap_id":"profinet_io.list_points","agent_id":"edgex-node-001","category":"device","source":"native-ean","v1_purged":0}
{"level":"info","ts":1785239971.6680834,"logger":"discovery","caller":"ean/discovery.go:555","msg":"capability registered/updated","cap_id":"ethercat.read_holding_register","agent_id":"edgex-node-001","category":"device","source":"native-ean","v1_purged":0}
{"level":"info","ts":1785239971.6680834,"logger":"discovery","caller":"ean/discovery.go:555","msg":"capability registered/updated","cap_id":"modbus_tcp.list_points","agent_id":"edgex-node-001","category":"device","source":"native-ean","v1_purged":0}
{"level":"info","ts":1785239971.6680834,"logger":"discovery","caller":"ean/discovery.go:555","msg":"capability registered/updated","cap_id":"ethernet_ip.scan_devices","agent_id":"edgex-node-001","category":"device","source":"native-ean","v1_purged":0}
{"level":"info","ts":1785239971.6680834,"logger":"discovery","caller":"ean/discovery.go:555","msg":"capability registered/updated","cap_id":"omron_fins.write_register","agent_id":"edgex-node-001","category":"device","source":"native-ean","v1_purged":0}
{"level":"info","ts":1785239971.6680834,"logger":"discovery","caller":"ean/discovery.go:555","msg":"capability registered/updated","cap_id":"modbus_rtu_over_tcp.read_holding_register","agent_id":"edgex-node-001","category":"device","source":"native-ean","v1_purged":0}
{"level":"info","ts":1785239971.6680834,"logger":"discovery","caller":"ean/discovery.go:555","msg":"capability registered/updated","cap_id":"knxnet_ip.list_points","agent_id":"edgex-node-001","category":"device","source":"native-ean","v1_purged":0}
{"level":"info","ts":1785239971.6680834,"logger":"discovery","caller":"ean/discovery.go:555","msg":"capability registered/updated","cap_id":"modbus_tcp.write_register","agent_id":"edgex-node-001","category":"device","source":"native-ean","v1_purged":0}
{"level":"info","ts":1785239971.6680834,"logger":"discovery","caller":"ean/discovery.go:555","msg":"capability registered/updated","cap_id":"omron_fins.read_holding_register","agent_id":"edgex-node-001","category":"device","source":"native-ean","v1_purged":0}
{"level":"info","ts":1785239971.6680834,"logger":"discovery","caller":"ean/discovery.go:555","msg":"capability registered/updated","cap_id":"dlt645.write_register","agent_id":"edgex-node-001","category":"device","source":"native-ean","v1_purged":0}
{"level":"info","ts":1785239971.6680834,"logger":"discovery","caller":"ean/discovery.go:555","msg":"capability registered/updated","cap_id":"mitsubishi_slmp.read_holding_register","agent_id":"edgex-node-001","category":"device","source":"native-ean","v1_purged":0}
{"level":"info","ts":1785239971.6680834,"logger":"discovery","caller":"ean/discovery.go:555","msg":"capability registered/updated","cap_id":"iec60870_5_104.write_register","agent_id":"edgex-node-001","category":"device","source":"native-ean","v1_purged":0}
{"level":"info","ts":1785239971.6680834,"logger":"discovery","caller":"ean/discovery.go:555","msg":"capability registered/updated","cap_id":"ethercat.write_register","agent_id":"edgex-node-001","category":"device","source":"native-ean","v1_purged":0}
{"level":"info","ts":1785239971.6680834,"logger":"discovery","caller":"ean/discovery.go:555","msg":"capability registered/updated","cap_id":"modbus_rtu_over_tcp.scan_devices","agent_id":"edgex-node-001","category":"device","source":"native-ean","v1_purged":0}
{"level":"info","ts":1785239971.6680834,"logger":"discovery","caller":"ean/discovery.go:555","msg":"capability registered/updated","cap_id":"s7.list_points","agent_id":"edgex-node-001","category":"device","source":"native-ean","v1_purged":0}
{"level":"info","ts":1785239971.6680834,"logger":"discovery","caller":"ean/discovery.go:555","msg":"capability registered/updated","cap_id":"mitsubishi_slmp.write_register","agent_id":"edgex-node-001","category":"device","source":"native-ean","v1_purged":0}
{"level":"info","ts":1785239971.6685994,"logger":"discovery","caller":"ean/discovery.go:555","msg":"capability registered/updated","cap_id":"profinet_io.write_register","agent_id":"edgex-node-001","category":"device","source":"native-ean","v1_purged":0}
{"level":"info","ts":1785239971.6685994,"logger":"discovery","caller":"ean/discovery.go:555","msg":"capability registered/updated","cap_id":"mitsubishi_slmp.scan_devices","agent_id":"edgex-node-001","category":"device","source":"native-ean","v1_purged":0}
{"level":"info","ts":1785239971.6685994,"logger":"discovery","caller":"ean/discovery.go:555","msg":"capability registered/updated","cap_id":"bacnet_ip.write_register","agent_id":"edgex-node-001","category":"device","source":"native-ean","v1_purged":0}
{"level":"info","ts":1785239971.6685994,"logger":"discovery","caller":"ean/discovery.go:555","msg":"capability registered/updated","cap_id":"s7.write_register","agent_id":"edgex-node-001","category":"device","source":"native-ean","v1_purged":0}
{"level":"info","ts":1785239971.6685994,"logger":"discovery","caller":"ean/discovery.go:555","msg":"capability registered/updated","cap_id":"s7.scan_devices","agent_id":"edgex-node-001","category":"device","source":"native-ean","v1_purged":0}
{"level":"info","ts":1785239971.6685994,"logger":"discovery","caller":"ean/discovery.go:555","msg":"capability registered/updated","cap_id":"opc_ua.write_register","agent_id":"edgex-node-001","category":"device","source":"native-ean","v1_purged":0}
{"level":"info","ts":1785239971.6685994,"logger":"discovery","caller":"ean/discovery.go:555","msg":"capability registered/updated","cap_id":"knxnet_ip.read_holding_register","agent_id":"edgex-node-001","category":"device","source":"native-ean","v1_purged":0}
{"level":"info","ts":1785239971.6685994,"logger":"discovery","caller":"ean/discovery.go:555","msg":"capability registered/updated","cap_id":"ethernet_ip.list_points","agent_id":"edgex-node-001","category":"device","source":"native-ean","v1_purged":0}
{"level":"info","ts":1785239971.6685994,"logger":"discovery","caller":"ean/discovery.go:555","msg":"capability registered/updated","cap_id":"modbus_rtu.scan_devices","agent_id":"edgex-node-001","category":"device","source":"native-ean","v1_purged":0}
{"level":"info","ts":1785239971.6685994,"logger":"discovery","caller":"ean/discovery.go:555","msg":"capability registered/updated","cap_id":"ethernet_ip.read_holding_register","agent_id":"edgex-node-001","category":"device","source":"native-ean","v1_purged":0}
{"level":"info","ts":1785239971.6685994,"logger":"discovery","caller":"ean/discovery.go:555","msg":"capability registered/updated","cap_id":"ethernet_ip.write_register","agent_id":"edgex-node-001","category":"device","source":"native-ean","v1_purged":0}
{"level":"info","ts":1785239971.6685994,"logger":"discovery","caller":"ean/discovery.go:555","msg":"capability registered/updated","cap_id":"knxnet_ip.write_register","agent_id":"edgex-node-001","category":"device","source":"native-ean","v1_purged":0}
{"level":"info","ts":1785239971.6685994,"logger":"discovery","caller":"ean/discovery.go:555","msg":"capability registered/updated","cap_id":"snmp.write_register","agent_id":"edgex-node-001","category":"device","source":"native-ean","v1_purged":0}
{"level":"info","ts":1785239971.6685994,"logger":"discovery","caller":"ean/discovery.go:555","msg":"capability registered/updated","cap_id":"snmp.list_points","agent_id":"edgex-node-001","category":"device","source":"native-ean","v1_purged":0}
{"level":"info","ts":1785239971.6685994,"logger":"discovery","caller":"ean/discovery.go:555","msg":"capability registered/updated","cap_id":"modbus_rtu_over_tcp.write_register","agent_id":"edgex-node-001","category":"device","source":"native-ean","v1_purged":0}
{"level":"info","ts":1785239971.6685994,"logger":"discovery","caller":"ean/discovery.go:555","msg":"capability registered/updated","cap_id":"iec60870_5_104.list_points","agent_id":"edgex-node-001","category":"device","source":"native-ean","v1_purged":0}
{"level":"info","ts":1785239971.6685994,"logger":"discovery","caller":"ean/discovery.go:555","msg":"capability registered/updated","cap_id":"mitsubishi_slmp.list_points","agent_id":"edgex-node-001","category":"device","source":"native-ean","v1_purged":0}
{"level":"info","ts":1785239971.6685994,"logger":"discovery","caller":"ean/discovery.go:555","msg":"capability registered/updated","cap_id":"ai.doc_parse","agent_id":"edgex-node-001","category":"ai","source":"native-ean","v1_purged":0}
{"level":"info","ts":1785239971.6685994,"logger":"discovery","caller":"ean/discovery.go:555","msg":"capability registered/updated","cap_id":"knxnet_ip.scan_devices","agent_id":"edgex-node-001","category":"device","source":"native-ean","v1_purged":0}
{"level":"info","ts":1785239971.6685994,"logger":"discovery","caller":"ean/discovery.go:555","msg":"capability registered/updated","cap_id":"dlt645.list_points","agent_id":"edgex-node-001","category":"device","source":"native-ean","v1_purged":0}
{"level":"info","ts":1785239971.6685994,"logger":"discovery","caller":"ean/discovery.go:555","msg":"capability registered/updated","cap_id":"profinet_io.scan_devices","agent_id":"edgex-node-001","category":"device","source":"native-ean","v1_purged":0}
{"level":"info","ts":1785239971.6691391,"logger":"discovery","caller":"ean/discovery.go:555","msg":"capability registered/updated","cap_id":"modbus_tcp.read_holding_register","agent_id":"edgex-node-001","category":"device","source":"native-ean","v1_purged":0}
{"level":"info","ts":1785239971.6691391,"logger":"discovery","caller":"ean/discovery.go:555","msg":"capability registered/updated","cap_id":"ethercat.list_points","agent_id":"edgex-node-001","category":"device","source":"native-ean","v1_purged":0}
{"level":"info","ts":1785239971.6691391,"logger":"discovery","caller":"ean/discovery.go:555","msg":"capability registered/updated","cap_id":"ai.protocol_reverse","agent_id":"edgex-node-001","category":"ai","source":"native-ean","v1_purged":0}
{"level":"warn","ts":1785239973.6798236,"logger":"heartbeat","caller":"ean/heartbeat.go:151","msg":"heartbeat sequence regression detected","agent_id":"edgex-node-001","old_seq":49,"new_seq":0}
{"level":"info","ts":1785240031.66065,"logger":"discovery","caller":"ean/discovery.go:555","msg":"capability registered/updated","cap_id":"iec60870_5_104.write_register","agent_id":"edgex-node-001","category":"device","source":"native-ean","v1_purged":0}
{"level":"info","ts":1785240031.66065,"logger":"discovery","caller":"ean/discovery.go:555","msg":"capability registered/updated","cap_id":"ethercat.write_register","agent_id":"edgex-node-001","category":"device","source":"native-ean","v1_purged":0}
{"level":"info","ts":1785240031.66065,"logger":"discovery","caller":"ean/discovery.go:555","msg":"capability registered/updated","cap_id":"modbus_rtu_over_tcp.scan_devices","agent_id":"edgex-node-001","category":"device","source":"native-ean","v1_purged":0}
{"level":"info","ts":1785240031.66065,"logger":"discovery","caller":"ean/discovery.go:555","msg":"capability registered/updated","cap_id":"s7.list_points","agent_id":"edgex-node-001","category":"device","source":"native-ean","v1_purged":0}
{"level":"info","ts":1785240031.66065,"logger":"discovery","caller":"ean/discovery.go:555","msg":"capability registered/updated","cap_id":"mitsubishi_slmp.write_register","agent_id":"edgex-node-001","category":"device","source":"native-ean","v1_purged":0}
{"level":"info","ts":1785240031.66065,"logger":"discovery","caller":"ean/discovery.go:555","msg":"capability registered/updated","cap_id":"profinet_io.write_register","agent_id":"edgex-node-001","category":"device","source":"native-ean","v1_purged":0}
{"level":"info","ts":1785240031.66065,"logger":"discovery","caller":"ean/discovery.go:555","msg":"capability registered/updated","cap_id":"mitsubishi_slmp.scan_devices","agent_id":"edgex-node-001","category":"device","source":"native-ean","v1_purged":0}
{"level":"info","ts":1785240031.66065,"logger":"discovery","caller":"ean/discovery.go:555","msg":"capability registered/updated","cap_id":"bacnet_ip.write_register","agent_id":"edgex-node-001","category":"device","source":"native-ean","v1_purged":0}
{"level":"info","ts":1785240031.66065,"logger":"discovery","caller":"ean/discovery.go:555","msg":"capability registered/updated","cap_id":"s7.write_register","agent_id":"edgex-node-001","category":"device","source":"native-ean","v1_purged":0}
{"level":"info","ts":1785240031.66065,"logger":"discovery","caller":"ean/discovery.go:555","msg":"capability registered/updated","cap_id":"s7.scan_devices","agent_id":"edgex-node-001","category":"device","source":"native-ean","v1_purged":0}
{"level":"info","ts":1785240031.66065,"logger":"discovery","caller":"ean/discovery.go:555","msg":"capability registered/updated","cap_id":"opc_ua.write_register","agent_id":"edgex-node-001","category":"device","source":"native-ean","v1_purged":0}
{"level":"info","ts":1785240031.66065,"logger":"discovery","caller":"ean/discovery.go:555","msg":"capability registered/updated","cap_id":"knxnet_ip.read_holding_register","agent_id":"edgex-node-001","category":"device","source":"native-ean","v1_purged":0}
{"level":"info","ts":1785240031.66065,"logger":"discovery","caller":"ean/discovery.go:555","msg":"capability registered/updated","cap_id":"ethernet_ip.list_points","agent_id":"edgex-node-001","category":"device","source":"native-ean","v1_purged":0}
{"level":"info","ts":1785240031.66065,"logger":"discovery","caller":"ean/discovery.go:555","msg":"capability registered/updated","cap_id":"modbus_rtu.scan_devices","agent_id":"edgex-node-001","category":"device","source":"native-ean","v1_purged":0}
{"level":"info","ts":1785240031.66065,"logger":"discovery","caller":"ean/discovery.go:555","msg":"capability registered/updated","cap_id":"ethernet_ip.read_holding_register","agent_id":"edgex-node-001","category":"device","source":"native-ean","v1_purged":0}
{"level":"info","ts":1785240031.66065,"logger":"discovery","caller":"ean/discovery.go:555","msg":"capability registered/updated","cap_id":"ethernet_ip.write_register","agent_id":"edgex-node-001","category":"device","source":"native-ean","v1_purged":0}
{"level":"info","ts":1785240031.66065,"logger":"discovery","caller":"ean/discovery.go:555","msg":"capability registered/updated","cap_id":"knxnet_ip.write_register","agent_id":"edgex-node-001","category":"device","source":"native-ean","v1_purged":0}
{"level":"info","ts":1785240031.66065,"logger":"discovery","caller":"ean/discovery.go:555","msg":"capability registered/updated","cap_id":"snmp.write_register","agent_id":"edgex-node-001","category":"device","source":"native-ean","v1_purged":0}
{"level":"info","ts":1785240031.66065,"logger":"discovery","caller":"ean/discovery.go:555","msg":"capability registered/updated","cap_id":"snmp.list_points","agent_id":"edgex-node-001","category":"device","source":"native-ean","v1_purged":0}
{"level":"info","ts":1785240031.66065,"logger":"discovery","caller":"ean/discovery.go:555","msg":"capability registered/updated","cap_id":"modbus_rtu_over_tcp.write_register","agent_id":"edgex-node-001","category":"device","source":"native-ean","v1_purged":0}
{"level":"info","ts":1785240031.66065,"logger":"discovery","caller":"ean/discovery.go:555","msg":"capability registered/updated","cap_id":"iec60870_5_104.list_points","agent_id":"edgex-node-001","category":"device","source":"native-ean","v1_purged":0}
{"level":"info","ts":1785240031.66065,"logger":"discovery","caller":"ean/discovery.go:555","msg":"capability registered/updated","cap_id":"mitsubishi_slmp.list_points","agent_id":"edgex-node-001","category":"device","source":"native-ean","v1_purged":0}
{"level":"info","ts":1785240031.66065,"logger":"discovery","caller":"ean/discovery.go:555","msg":"capability registered/updated","cap_id":"ai.doc_parse","agent_id":"edgex-node-001","category":"ai","source":"native-ean","v1_purged":0}
{"level":"info","ts":1785240031.66065,"logger":"discovery","caller":"ean/discovery.go:555","msg":"capability registered/updated","cap_id":"knxnet_ip.scan_devices","agent_id":"edgex-node-001","category":"device","source":"native-ean","v1_purged":0}
{"level":"info","ts":1785240031.66065,"logger":"discovery","caller":"ean/discovery.go:555","msg":"capability registered/updated","cap_id":"dlt645.list_points","agent_id":"edgex-node-001","category":"device","source":"native-ean","v1_purged":0}
{"level":"info","ts":1785240031.66065,"logger":"discovery","caller":"ean/discovery.go:555","msg":"capability registered/updated","cap_id":"profinet_io.scan_devices","agent_id":"edgex-node-001","category":"device","source":"native-ean","v1_purged":0}
{"level":"info","ts":1785240031.66065,"logger":"discovery","caller":"ean/discovery.go:555","msg":"capability registered/updated","cap_id":"modbus_tcp.read_holding_register","agent_id":"edgex-node-001","category":"device","source":"native-ean","v1_purged":0}
{"level":"info","ts":1785240031.66065,"logger":"discovery","caller":"ean/discovery.go:555","msg":"capability registered/updated","cap_id":"ethercat.list_points","agent_id":"edgex-node-001","category":"device","source":"native-ean","v1_purged":0}
{"level":"info","ts":1785240031.66065,"logger":"discovery","caller":"ean/discovery.go:555","msg":"capability registered/updated","cap_id":"ai.protocol_reverse","agent_id":"edgex-node-001","category":"ai","source":"native-ean","v1_purged":0}
{"level":"info","ts":1785240031.66065,"logger":"discovery","caller":"ean/discovery.go:555","msg":"capability registered/updated","cap_id":"modbus_rtu.write_register","agent_id":"edgex-node-001","category":"device","source":"native-ean","v1_purged":0}
{"level":"info","ts":1785240031.66065,"logger":"discovery","caller":"ean/discovery.go:555","msg":"capability registered/updated","cap_id":"modbus_rtu.list_points","agent_id":"edgex-node-001","category":"device","source":"native-ean","v1_purged":0}
{"level":"info","ts":1785240031.66065,"logger":"discovery","caller":"ean/discovery.go:555","msg":"capability registered/updated","cap_id":"bacnet_ip.scan_devices","agent_id":"edgex-node-001","category":"device","source":"native-ean","v1_purged":0}
{"level":"info","ts":1785240031.66065,"logger":"discovery","caller":"ean/discovery.go:555","msg":"capability registered/updated","cap_id":"opc_ua.read_holding_register","agent_id":"edgex-node-001","category":"device","source":"native-ean","v1_purged":0}
{"level":"info","ts":1785240031.66065,"logger":"discovery","caller":"ean/discovery.go:555","msg":"capability registered/updated","cap_id":"snmp.read_holding_register","agent_id":"edgex-node-001","category":"device","source":"native-ean","v1_purged":0}
{"level":"info","ts":1785240031.66065,"logger":"discovery","caller":"ean/discovery.go:555","msg":"capability registered/updated","cap_id":"profinet_io.read_holding_register","agent_id":"edgex-node-001","category":"device","source":"native-ean","v1_purged":0}
{"level":"info","ts":1785240031.66065,"logger":"discovery","caller":"ean/discovery.go:555","msg":"capability registered/updated","cap_id":"bacnet_ip.read_holding_register","agent_id":"edgex-node-001","category":"device","source":"native-ean","v1_purged":0}
{"level":"info","ts":1785240031.66065,"logger":"discovery","caller":"ean/discovery.go:555","msg":"capability registered/updated","cap_id":"omron_fins.scan_devices","agent_id":"edgex-node-001","category":"device","source":"native-ean","v1_purged":0}
{"level":"info","ts":1785240031.66065,"logger":"discovery","caller":"ean/discovery.go:555","msg":"capability registered/updated","cap_id":"snmp.scan_devices","agent_id":"edgex-node-001","category":"device","source":"native-ean","v1_purged":0}
{"level":"info","ts":1785240031.66065,"logger":"discovery","caller":"ean/discovery.go:555","msg":"capability registered/updated","cap_id":"system.diagnostics","agent_id":"edgex-node-001","category":"system","source":"native-ean","v1_purged":0}
{"level":"info","ts":1785240031.66065,"logger":"discovery","caller":"ean/discovery.go:555","msg":"capability registered/updated","cap_id":"modbus_tcp.scan_devices","agent_id":"edgex-node-001","category":"device","source":"native-ean","v1_purged":0}
{"level":"info","ts":1785240031.66065,"logger":"discovery","caller":"ean/discovery.go:555","msg":"capability registered/updated","cap_id":"bacnet_ip.list_points","agent_id":"edgex-node-001","category":"device","source":"native-ean","v1_purged":0}
{"level":"info","ts":1785240031.66065,"logger":"discovery","caller":"ean/discovery.go:555","msg":"capability registered/updated","cap_id":"iec60870_5_104.read_holding_register","agent_id":"edgex-node-001","category":"device","source":"native-ean","v1_purged":0}
{"level":"info","ts":1785240031.66065,"logger":"discovery","caller":"ean/discovery.go:555","msg":"capability registered/updated","cap_id":"iec60870_5_104.scan_devices","agent_id":"edgex-node-001","category":"device","source":"native-ean","v1_purged":0}
{"level":"info","ts":1785240031.66065,"logger":"discovery","caller":"ean/discovery.go:555","msg":"capability registered/updated","cap_id":"ethercat.scan_devices","agent_id":"edgex-node-001","category":"device","source":"native-ean","v1_purged":0}
{"level":"info","ts":1785240031.66065,"logger":"discovery","caller":"ean/discovery.go:555","msg":"capability registered/updated","cap_id":"dlt645.scan_devices","agent_id":"edgex-node-001","category":"device","source":"native-ean","v1_purged":0}
{"level":"info","ts":1785240031.66065,"logger":"discovery","caller":"ean/discovery.go:555","msg":"capability registered/updated","cap_id":"modbus_rtu.read_holding_register","agent_id":"edgex-node-001","category":"device","source":"native-ean","v1_purged":0}
{"level":"info","ts":1785240031.66065,"logger":"discovery","caller":"ean/discovery.go:555","msg":"capability registered/updated","cap_id":"modbus_rtu_over_tcp.list_points","agent_id":"edgex-node-001","category":"device","source":"native-ean","v1_purged":0}
{"level":"info","ts":1785240031.66065,"logger":"discovery","caller":"ean/discovery.go:555","msg":"capability registered/updated","cap_id":"opc_ua.scan_devices","agent_id":"edgex-node-001","category":"device","source":"native-ean","v1_purged":0}
{"level":"info","ts":1785240031.66065,"logger":"discovery","caller":"ean/discovery.go:555","msg":"capability registered/updated","cap_id":"opc_ua.list_points","agent_id":"edgex-node-001","category":"device","source":"native-ean","v1_purged":0}
{"level":"info","ts":1785240031.66065,"logger":"discovery","caller":"ean/discovery.go:555","msg":"capability registered/updated","cap_id":"s7.read_holding_register","agent_id":"edgex-node-001","category":"device","source":"native-ean","v1_purged":0}
{"level":"info","ts":1785240031.66065,"logger":"discovery","caller":"ean/discovery.go:555","msg":"capability registered/updated","cap_id":"omron_fins.list_points","agent_id":"edgex-node-001","category":"device","source":"native-ean","v1_purged":0}
{"level":"info","ts":1785240031.66065,"logger":"discovery","caller":"ean/discovery.go:555","msg":"capability registered/updated","cap_id":"dlt645.read_holding_register","agent_id":"edgex-node-001","category":"device","source":"native-ean","v1_purged":0}
{"level":"info","ts":1785240031.66065,"logger":"discovery","caller":"ean/discovery.go:555","msg":"capability registered/updated","cap_id":"profinet_io.list_points","agent_id":"edgex-node-001","category":"device","source":"native-ean","v1_purged":0}
{"level":"info","ts":1785240031.66065,"logger":"discovery","caller":"ean/discovery.go:555","msg":"capability registered/updated","cap_id":"ethercat.read_holding_register","agent_id":"edgex-node-001","category":"device","source":"native-ean","v1_purged":0}
{"level":"info","ts":1785240031.66065,"logger":"discovery","caller":"ean/discovery.go:555","msg":"capability registered/updated","cap_id":"modbus_tcp.list_points","agent_id":"edgex-node-001","category":"device","source":"native-ean","v1_purged":0}
{"level":"info","ts":1785240031.66065,"logger":"discovery","caller":"ean/discovery.go:555","msg":"capability registered/updated","cap_id":"ethernet_ip.scan_devices","agent_id":"edgex-node-001","category":"device","source":"native-ean","v1_purged":0}
{"level":"info","ts":1785240031.66065,"logger":"discovery","caller":"ean/discovery.go:555","msg":"capability registered/updated","cap_id":"omron_fins.write_register","agent_id":"edgex-node-001","category":"device","source":"native-ean","v1_purged":0}
{"level":"info","ts":1785240031.66065,"logger":"discovery","caller":"ean/discovery.go:555","msg":"capability registered/updated","cap_id":"modbus_rtu_over_tcp.read_holding_register","agent_id":"edgex-node-001","category":"device","source":"native-ean","v1_purged":0}
{"level":"info","ts":1785240031.66065,"logger":"discovery","caller":"ean/discovery.go:555","msg":"capability registered/updated","cap_id":"knxnet_ip.list_points","agent_id":"edgex-node-001","category":"device","source":"native-ean","v1_purged":0}
{"level":"info","ts":1785240031.66065,"logger":"discovery","caller":"ean/discovery.go:555","msg":"capability registered/updated","cap_id":"modbus_tcp.write_register","agent_id":"edgex-node-001","category":"device","source":"native-ean","v1_purged":0}
{"level":"info","ts":1785240031.66065,"logger":"discovery","caller":"ean/discovery.go:555","msg":"capability registered/updated","cap_id":"omron_fins.read_holding_register","agent_id":"edgex-node-001","category":"device","source":"native-ean","v1_purged":0}
{"level":"info","ts":1785240031.66065,"logger":"discovery","caller":"ean/discovery.go:555","msg":"capability registered/updated","cap_id":"dlt645.write_register","agent_id":"edgex-node-001","category":"device","source":"native-ean","v1_purged":0}
{"level":"info","ts":1785240031.66065,"logger":"discovery","caller":"ean/discovery.go:555","msg":"capability registered/updated","cap_id":"mitsubishi_slmp.read_holding_register","agent_id":"edgex-node-001","category":"device","source":"native-ean","v1_purged":0}
{"level":"warn","ts":1785240033.6800308,"logger":"heartbeat","caller":"ean/heartbeat.go:151","msg":"heartbeat sequence regression detected","agent_id":"edgex-node-001","old_seq":50,"new_seq":0}
{"level":"info","ts":1785240091.6620264,"logger":"discovery","caller":"ean/discovery.go:555","msg":"capability registered/updated","cap_id":"dlt645.scan_devices","agent_id":"edgex-node-001","category":"device","source":"native-ean","v1_purged":0}
{"level":"info","ts":1785240091.6620264,"logger":"discovery","caller":"ean/discovery.go:555","msg":"capability registered/updated","cap_id":"modbus_rtu.read_holding_register","agent_id":"edgex-node-001","category":"device","source":"native-ean","v1_purged":0}
{"level":"info","ts":1785240091.6620264,"logger":"discovery","caller":"ean/discovery.go:555","msg":"capability registered/updated","cap_id":"modbus_rtu_over_tcp.list_points","agent_id":"edgex-node-001","category":"device","source":"native-ean","v1_purged":0}
{"level":"info","ts":1785240091.6620264,"logger":"discovery","caller":"ean/discovery.go:555","msg":"capability registered/updated","cap_id":"opc_ua.scan_devices","agent_id":"edgex-node-001","category":"device","source":"native-ean","v1_purged":0}
{"level":"info","ts":1785240091.6620264,"logger":"discovery","caller":"ean/discovery.go:555","msg":"capability registered/updated","cap_id":"opc_ua.list_points","agent_id":"edgex-node-001","category":"device","source":"native-ean","v1_purged":0}
{"level":"info","ts":1785240091.6620264,"logger":"discovery","caller":"ean/discovery.go:555","msg":"capability registered/updated","cap_id":"s7.read_holding_register","agent_id":"edgex-node-001","category":"device","source":"native-ean","v1_purged":0}
{"level":"info","ts":1785240091.6620264,"logger":"discovery","caller":"ean/discovery.go:555","msg":"capability registered/updated","cap_id":"omron_fins.list_points","agent_id":"edgex-node-001","category":"device","source":"native-ean","v1_purged":0}
{"level":"info","ts":1785240091.6620264,"logger":"discovery","caller":"ean/discovery.go:555","msg":"capability registered/updated","cap_id":"dlt645.read_holding_register","agent_id":"edgex-node-001","category":"device","source":"native-ean","v1_purged":0}
{"level":"info","ts":1785240091.6620264,"logger":"discovery","caller":"ean/discovery.go:555","msg":"capability registered/updated","cap_id":"profinet_io.list_points","agent_id":"edgex-node-001","category":"device","source":"native-ean","v1_purged":0}
{"level":"info","ts":1785240091.6620264,"logger":"discovery","caller":"ean/discovery.go:555","msg":"capability registered/updated","cap_id":"ethercat.read_holding_register","agent_id":"edgex-node-001","category":"device","source":"native-ean","v1_purged":0}
{"level":"info","ts":1785240091.6620264,"logger":"discovery","caller":"ean/discovery.go:555","msg":"capability registered/updated","cap_id":"modbus_tcp.list_points","agent_id":"edgex-node-001","category":"device","source":"native-ean","v1_purged":0}
{"level":"info","ts":1785240091.6620264,"logger":"discovery","caller":"ean/discovery.go:555","msg":"capability registered/updated","cap_id":"ethernet_ip.scan_devices","agent_id":"edgex-node-001","category":"device","source":"native-ean","v1_purged":0}
{"level":"info","ts":1785240091.6620264,"logger":"discovery","caller":"ean/discovery.go:555","msg":"capability registered/updated","cap_id":"omron_fins.write_register","agent_id":"edgex-node-001","category":"device","source":"native-ean","v1_purged":0}
{"level":"info","ts":1785240091.6620264,"logger":"discovery","caller":"ean/discovery.go:555","msg":"capability registered/updated","cap_id":"modbus_rtu_over_tcp.read_holding_register","agent_id":"edgex-node-001","category":"device","source":"native-ean","v1_purged":0}
{"level":"info","ts":1785240091.6620264,"logger":"discovery","caller":"ean/discovery.go:555","msg":"capability registered/updated","cap_id":"knxnet_ip.list_points","agent_id":"edgex-node-001","category":"device","source":"native-ean","v1_purged":0}
{"level":"info","ts":1785240091.6620264,"logger":"discovery","caller":"ean/discovery.go:555","msg":"capability registered/updated","cap_id":"modbus_tcp.write_register","agent_id":"edgex-node-001","category":"device","source":"native-ean","v1_purged":0}
{"level":"info","ts":1785240091.6620264,"logger":"discovery","caller":"ean/discovery.go:555","msg":"capability registered/updated","cap_id":"omron_fins.read_holding_register","agent_id":"edgex-node-001","category":"device","source":"native-ean","v1_purged":0}
{"level":"info","ts":1785240091.6620264,"logger":"discovery","caller":"ean/discovery.go:555","msg":"capability registered/updated","cap_id":"dlt645.write_register","agent_id":"edgex-node-001","category":"device","source":"native-ean","v1_purged":0}
{"level":"info","ts":1785240091.6620264,"logger":"discovery","caller":"ean/discovery.go:555","msg":"capability registered/updated","cap_id":"mitsubishi_slmp.read_holding_register","agent_id":"edgex-node-001","category":"device","source":"native-ean","v1_purged":0}
{"level":"info","ts":1785240091.6620264,"logger":"discovery","caller":"ean/discovery.go:555","msg":"capability registered/updated","cap_id":"iec60870_5_104.write_register","agent_id":"edgex-node-001","category":"device","source":"native-ean","v1_purged":0}
{"level":"info","ts":1785240091.6620264,"logger":"discovery","caller":"ean/discovery.go:555","msg":"capability registered/updated","cap_id":"ethercat.write_register","agent_id":"edgex-node-001","category":"device","source":"native-ean","v1_purged":0}
{"level":"info","ts":1785240091.6620264,"logger":"discovery","caller":"ean/discovery.go:555","msg":"capability registered/updated","cap_id":"modbus_rtu_over_tcp.scan_devices","agent_id":"edgex-node-001","category":"device","source":"native-ean","v1_purged":0}
{"level":"info","ts":1785240091.6620264,"logger":"discovery","caller":"ean/discovery.go:555","msg":"capability registered/updated","cap_id":"s7.list_points","agent_id":"edgex-node-001","category":"device","source":"native-ean","v1_purged":0}
{"level":"info","ts":1785240091.6620264,"logger":"discovery","caller":"ean/discovery.go:555","msg":"capability registered/updated","cap_id":"mitsubishi_slmp.write_register","agent_id":"edgex-node-001","category":"device","source":"native-ean","v1_purged":0}
{"level":"info","ts":1785240091.6620264,"logger":"discovery","caller":"ean/discovery.go:555","msg":"capability registered/updated","cap_id":"profinet_io.write_register","agent_id":"edgex-node-001","category":"device","source":"native-ean","v1_purged":0}
{"level":"info","ts":1785240091.6620264,"logger":"discovery","caller":"ean/discovery.go:555","msg":"capability registered/updated","cap_id":"mitsubishi_slmp.scan_devices","agent_id":"edgex-node-001","category":"device","source":"native-ean","v1_purged":0}
{"level":"info","ts":1785240091.6620264,"logger":"discovery","caller":"ean/discovery.go:555","msg":"capability registered/updated","cap_id":"bacnet_ip.write_register","agent_id":"edgex-node-001","category":"device","source":"native-ean","v1_purged":0}
{"level":"info","ts":1785240091.6620264,"logger":"discovery","caller":"ean/discovery.go:555","msg":"capability registered/updated","cap_id":"s7.write_register","agent_id":"edgex-node-001","category":"device","source":"native-ean","v1_purged":0}
{"level":"info","ts":1785240091.6620264,"logger":"discovery","caller":"ean/discovery.go:555","msg":"capability registered/updated","cap_id":"s7.scan_devices","agent_id":"edgex-node-001","category":"device","source":"native-ean","v1_purged":0}
{"level":"info","ts":1785240091.6620264,"logger":"discovery","caller":"ean/discovery.go:555","msg":"capability registered/updated","cap_id":"opc_ua.write_register","agent_id":"edgex-node-001","category":"device","source":"native-ean","v1_purged":0}
{"level":"info","ts":1785240091.6620264,"logger":"discovery","caller":"ean/discovery.go:555","msg":"capability registered/updated","cap_id":"knxnet_ip.read_holding_register","agent_id":"edgex-node-001","category":"device","source":"native-ean","v1_purged":0}
{"level":"info","ts":1785240091.6620264,"logger":"discovery","caller":"ean/discovery.go:555","msg":"capability registered/updated","cap_id":"ethernet_ip.list_points","agent_id":"edgex-node-001","category":"device","source":"native-ean","v1_purged":0}
{"level":"info","ts":1785240091.6620264,"logger":"discovery","caller":"ean/discovery.go:555","msg":"capability registered/updated","cap_id":"modbus_rtu.scan_devices","agent_id":"edgex-node-001","category":"device","source":"native-ean","v1_purged":0}
{"level":"info","ts":1785240091.6620264,"logger":"discovery","caller":"ean/discovery.go:555","msg":"capability registered/updated","cap_id":"ethernet_ip.read_holding_register","agent_id":"edgex-node-001","category":"device","source":"native-ean","v1_purged":0}
{"level":"info","ts":1785240091.6620264,"logger":"discovery","caller":"ean/discovery.go:555","msg":"capability registered/updated","cap_id":"ethernet_ip.write_register","agent_id":"edgex-node-001","category":"device","source":"native-ean","v1_purged":0}
{"level":"info","ts":1785240091.6625335,"logger":"discovery","caller":"ean/discovery.go:555","msg":"capability registered/updated","cap_id":"knxnet_ip.write_register","agent_id":"edgex-node-001","category":"device","source":"native-ean","v1_purged":0}
{"level":"info","ts":1785240091.6625335,"logger":"discovery","caller":"ean/discovery.go:555","msg":"capability registered/updated","cap_id":"snmp.write_register","agent_id":"edgex-node-001","category":"device","source":"native-ean","v1_purged":0}
{"level":"info","ts":1785240091.6625335,"logger":"discovery","caller":"ean/discovery.go:555","msg":"capability registered/updated","cap_id":"snmp.list_points","agent_id":"edgex-node-001","category":"device","source":"native-ean","v1_purged":0}
{"level":"info","ts":1785240091.6625335,"logger":"discovery","caller":"ean/discovery.go:555","msg":"capability registered/updated","cap_id":"modbus_rtu_over_tcp.write_register","agent_id":"edgex-node-001","category":"device","source":"native-ean","v1_purged":0}
{"level":"info","ts":1785240091.6625335,"logger":"discovery","caller":"ean/discovery.go:555","msg":"capability registered/updated","cap_id":"iec60870_5_104.list_points","agent_id":"edgex-node-001","category":"device","source":"native-ean","v1_purged":0}
{"level":"info","ts":1785240091.6625335,"logger":"discovery","caller":"ean/discovery.go:555","msg":"capability registered/updated","cap_id":"mitsubishi_slmp.list_points","agent_id":"edgex-node-001","category":"device","source":"native-ean","v1_purged":0}
{"level":"info","ts":1785240091.6625335,"logger":"discovery","caller":"ean/discovery.go:555","msg":"capability registered/updated","cap_id":"ai.doc_parse","agent_id":"edgex-node-001","category":"ai","source":"native-ean","v1_purged":0}
{"level":"info","ts":1785240091.6625335,"logger":"discovery","caller":"ean/discovery.go:555","msg":"capability registered/updated","cap_id":"knxnet_ip.scan_devices","agent_id":"edgex-node-001","category":"device","source":"native-ean","v1_purged":0}
{"level":"info","ts":1785240091.6625335,"logger":"discovery","caller":"ean/discovery.go:555","msg":"capability registered/updated","cap_id":"dlt645.list_points","agent_id":"edgex-node-001","category":"device","source":"native-ean","v1_purged":0}
{"level":"info","ts":1785240091.6625335,"logger":"discovery","caller":"ean/discovery.go:555","msg":"capability registered/updated","cap_id":"profinet_io.scan_devices","agent_id":"edgex-node-001","category":"device","source":"native-ean","v1_purged":0}
{"level":"info","ts":1785240091.6625335,"logger":"discovery","caller":"ean/discovery.go:555","msg":"capability registered/updated","cap_id":"modbus_tcp.read_holding_register","agent_id":"edgex-node-001","category":"device","source":"native-ean","v1_purged":0}
{"level":"info","ts":1785240091.6625335,"logger":"discovery","caller":"ean/discovery.go:555","msg":"capability registered/updated","cap_id":"ethercat.list_points","agent_id":"edgex-node-001","category":"device","source":"native-ean","v1_purged":0}
{"level":"info","ts":1785240091.6625335,"logger":"discovery","caller":"ean/discovery.go:555","msg":"capability registered/updated","cap_id":"ai.protocol_reverse","agent_id":"edgex-node-001","category":"ai","source":"native-ean","v1_purged":0}
{"level":"info","ts":1785240091.6625335,"logger":"discovery","caller":"ean/discovery.go:555","msg":"capability registered/updated","cap_id":"modbus_rtu.write_register","agent_id":"edgex-node-001","category":"device","source":"native-ean","v1_purged":0}
{"level":"info","ts":1785240091.6625335,"logger":"discovery","caller":"ean/discovery.go:555","msg":"capability registered/updated","cap_id":"modbus_rtu.list_points","agent_id":"edgex-node-001","category":"device","source":"native-ean","v1_purged":0}
{"level":"info","ts":1785240091.6625335,"logger":"discovery","caller":"ean/discovery.go:555","msg":"capability registered/updated","cap_id":"bacnet_ip.scan_devices","agent_id":"edgex-node-001","category":"device","source":"native-ean","v1_purged":0}
{"level":"info","ts":1785240091.6625335,"logger":"discovery","caller":"ean/discovery.go:555","msg":"capability registered/updated","cap_id":"opc_ua.read_holding_register","agent_id":"edgex-node-001","category":"device","source":"native-ean","v1_purged":0}
{"level":"info","ts":1785240091.6625335,"logger":"discovery","caller":"ean/discovery.go:555","msg":"capability registered/updated","cap_id":"snmp.read_holding_register","agent_id":"edgex-node-001","category":"device","source":"native-ean","v1_purged":0}
{"level":"info","ts":1785240091.6625335,"logger":"discovery","caller":"ean/discovery.go:555","msg":"capability registered/updated","cap_id":"profinet_io.read_holding_register","agent_id":"edgex-node-001","category":"device","source":"native-ean","v1_purged":0}
{"level":"info","ts":1785240091.6625335,"logger":"discovery","caller":"ean/discovery.go:555","msg":"capability registered/updated","cap_id":"bacnet_ip.read_holding_register","agent_id":"edgex-node-001","category":"device","source":"native-ean","v1_purged":0}
{"level":"info","ts":1785240091.6625335,"logger":"discovery","caller":"ean/discovery.go:555","msg":"capability registered/updated","cap_id":"omron_fins.scan_devices","agent_id":"edgex-node-001","category":"device","source":"native-ean","v1_purged":0}
{"level":"info","ts":1785240091.6625335,"logger":"discovery","caller":"ean/discovery.go:555","msg":"capability registered/updated","cap_id":"snmp.scan_devices","agent_id":"edgex-node-001","category":"device","source":"native-ean","v1_purged":0}
{"level":"info","ts":1785240091.6625335,"logger":"discovery","caller":"ean/discovery.go:555","msg":"capability registered/updated","cap_id":"system.diagnostics","agent_id":"edgex-node-001","category":"system","source":"native-ean","v1_purged":0}
{"level":"info","ts":1785240091.6625335,"logger":"discovery","caller":"ean/discovery.go:555","msg":"capability registered/updated","cap_id":"modbus_tcp.scan_devices","agent_id":"edgex-node-001","category":"device","source":"native-ean","v1_purged":0}
{"level":"info","ts":1785240091.6625335,"logger":"discovery","caller":"ean/discovery.go:555","msg":"capability registered/updated","cap_id":"bacnet_ip.list_points","agent_id":"edgex-node-001","category":"device","source":"native-ean","v1_purged":0}
{"level":"info","ts":1785240091.6625335,"logger":"discovery","caller":"ean/discovery.go:555","msg":"capability registered/updated","cap_id":"iec60870_5_104.read_holding_register","agent_id":"edgex-node-001","category":"device","source":"native-ean","v1_purged":0}
{"level":"info","ts":1785240091.6625335,"logger":"discovery","caller":"ean/discovery.go:555","msg":"capability registered/updated","cap_id":"iec60870_5_104.scan_devices","agent_id":"edgex-node-001","category":"device","source":"native-ean","v1_purged":0}
{"level":"info","ts":1785240091.6625335,"logger":"discovery","caller":"ean/discovery.go:555","msg":"capability registered/updated","cap_id":"ethercat.scan_devices","agent_id":"edgex-node-001","category":"device","source":"native-ean","v1_purged":0}
{"level":"warn","ts":1785240093.6802123,"logger":"heartbeat","caller":"ean/heartbeat.go:151","msg":"heartbeat sequence regression detected","agent_id":"edgex-node-001","old_seq":51,"new_seq":0}
{"level":"info","ts":1785240151.6626372,"logger":"discovery","caller":"ean/discovery.go:555","msg":"capability registered/updated","cap_id":"modbus_rtu_over_tcp.write_register","agent_id":"edgex-node-001","category":"device","source":"native-ean","v1_purged":0}
{"level":"info","ts":1785240151.6626372,"logger":"discovery","caller":"ean/discovery.go:555","msg":"capability registered/updated","cap_id":"iec60870_5_104.list_points","agent_id":"edgex-node-001","category":"device","source":"native-ean","v1_purged":0}
{"level":"info","ts":1785240151.6626372,"logger":"discovery","caller":"ean/discovery.go:555","msg":"capability registered/updated","cap_id":"mitsubishi_slmp.list_points","agent_id":"edgex-node-001","category":"device","source":"native-ean","v1_purged":0}
{"level":"info","ts":1785240151.6626372,"logger":"discovery","caller":"ean/discovery.go:555","msg":"capability registered/updated","cap_id":"ai.doc_parse","agent_id":"edgex-node-001","category":"ai","source":"native-ean","v1_purged":0}
{"level":"info","ts":1785240151.6626372,"logger":"discovery","caller":"ean/discovery.go:555","msg":"capability registered/updated","cap_id":"knxnet_ip.scan_devices","agent_id":"edgex-node-001","category":"device","source":"native-ean","v1_purged":0}
{"level":"info","ts":1785240151.6626372,"logger":"discovery","caller":"ean/discovery.go:555","msg":"capability registered/updated","cap_id":"dlt645.list_points","agent_id":"edgex-node-001","category":"device","source":"native-ean","v1_purged":0}
{"level":"info","ts":1785240151.6626372,"logger":"discovery","caller":"ean/discovery.go:555","msg":"capability registered/updated","cap_id":"profinet_io.scan_devices","agent_id":"edgex-node-001","category":"device","source":"native-ean","v1_purged":0}
{"level":"info","ts":1785240151.6626372,"logger":"discovery","caller":"ean/discovery.go:555","msg":"capability registered/updated","cap_id":"modbus_tcp.read_holding_register","agent_id":"edgex-node-001","category":"device","source":"native-ean","v1_purged":0}
{"level":"info","ts":1785240151.6626372,"logger":"discovery","caller":"ean/discovery.go:555","msg":"capability registered/updated","cap_id":"ethercat.list_points","agent_id":"edgex-node-001","category":"device","source":"native-ean","v1_purged":0}
{"level":"info","ts":1785240151.6626372,"logger":"discovery","caller":"ean/discovery.go:555","msg":"capability registered/updated","cap_id":"ai.protocol_reverse","agent_id":"edgex-node-001","category":"ai","source":"native-ean","v1_purged":0}
{"level":"info","ts":1785240151.6626372,"logger":"discovery","caller":"ean/discovery.go:555","msg":"capability registered/updated","cap_id":"modbus_rtu.write_register","agent_id":"edgex-node-001","category":"device","source":"native-ean","v1_purged":0}
{"level":"info","ts":1785240151.6626372,"logger":"discovery","caller":"ean/discovery.go:555","msg":"capability registered/updated","cap_id":"modbus_rtu.list_points","agent_id":"edgex-node-001","category":"device","source":"native-ean","v1_purged":0}
{"level":"info","ts":1785240151.6626372,"logger":"discovery","caller":"ean/discovery.go:555","msg":"capability registered/updated","cap_id":"bacnet_ip.scan_devices","agent_id":"edgex-node-001","category":"device","source":"native-ean","v1_purged":0}
{"level":"info","ts":1785240151.6626372,"logger":"discovery","caller":"ean/discovery.go:555","msg":"capability registered/updated","cap_id":"opc_ua.read_holding_register","agent_id":"edgex-node-001","category":"device","source":"native-ean","v1_purged":0}
{"level":"info","ts":1785240151.6626372,"logger":"discovery","caller":"ean/discovery.go:555","msg":"capability registered/updated","cap_id":"snmp.read_holding_register","agent_id":"edgex-node-001","category":"device","source":"native-ean","v1_purged":0}
{"level":"info","ts":1785240151.6626372,"logger":"discovery","caller":"ean/discovery.go:555","msg":"capability registered/updated","cap_id":"profinet_io.read_holding_register","agent_id":"edgex-node-001","category":"device","source":"native-ean","v1_purged":0}
{"level":"info","ts":1785240151.6626372,"logger":"discovery","caller":"ean/discovery.go:555","msg":"capability registered/updated","cap_id":"bacnet_ip.read_holding_register","agent_id":"edgex-node-001","category":"device","source":"native-ean","v1_purged":0}
{"level":"info","ts":1785240151.6626372,"logger":"discovery","caller":"ean/discovery.go:555","msg":"capability registered/updated","cap_id":"omron_fins.scan_devices","agent_id":"edgex-node-001","category":"device","source":"native-ean","v1_purged":0}
{"level":"info","ts":1785240151.6626372,"logger":"discovery","caller":"ean/discovery.go:555","msg":"capability registered/updated","cap_id":"snmp.scan_devices","agent_id":"edgex-node-001","category":"device","source":"native-ean","v1_purged":0}
{"level":"info","ts":1785240151.6626372,"logger":"discovery","caller":"ean/discovery.go:555","msg":"capability registered/updated","cap_id":"system.diagnostics","agent_id":"edgex-node-001","category":"system","source":"native-ean","v1_purged":0}
{"level":"info","ts":1785240151.6626372,"logger":"discovery","caller":"ean/discovery.go:555","msg":"capability registered/updated","cap_id":"modbus_tcp.scan_devices","agent_id":"edgex-node-001","category":"device","source":"native-ean","v1_purged":0}
{"level":"info","ts":1785240151.6626372,"logger":"discovery","caller":"ean/discovery.go:555","msg":"capability registered/updated","cap_id":"bacnet_ip.list_points","agent_id":"edgex-node-001","category":"device","source":"native-ean","v1_purged":0}
{"level":"info","ts":1785240151.6626372,"logger":"discovery","caller":"ean/discovery.go:555","msg":"capability registered/updated","cap_id":"iec60870_5_104.read_holding_register","agent_id":"edgex-node-001","category":"device","source":"native-ean","v1_purged":0}
{"level":"info","ts":1785240151.6626372,"logger":"discovery","caller":"ean/discovery.go:555","msg":"capability registered/updated","cap_id":"iec60870_5_104.scan_devices","agent_id":"edgex-node-001","category":"device","source":"native-ean","v1_purged":0}
{"level":"info","ts":1785240151.6626372,"logger":"discovery","caller":"ean/discovery.go:555","msg":"capability registered/updated","cap_id":"ethercat.scan_devices","agent_id":"edgex-node-001","category":"device","source":"native-ean","v1_purged":0}
{"level":"info","ts":1785240151.6626372,"logger":"discovery","caller":"ean/discovery.go:555","msg":"capability registered/updated","cap_id":"dlt645.scan_devices","agent_id":"edgex-node-001","category":"device","source":"native-ean","v1_purged":0}
{"level":"info","ts":1785240151.6626372,"logger":"discovery","caller":"ean/discovery.go:555","msg":"capability registered/updated","cap_id":"modbus_rtu.read_holding_register","agent_id":"edgex-node-001","category":"device","source":"native-ean","v1_purged":0}
{"level":"info","ts":1785240151.6626372,"logger":"discovery","caller":"ean/discovery.go:555","msg":"capability registered/updated","cap_id":"modbus_rtu_over_tcp.list_points","agent_id":"edgex-node-001","category":"device","source":"native-ean","v1_purged":0}
{"level":"info","ts":1785240151.6626372,"logger":"discovery","caller":"ean/discovery.go:555","msg":"capability registered/updated","cap_id":"opc_ua.scan_devices","agent_id":"edgex-node-001","category":"device","source":"native-ean","v1_purged":0}
{"level":"info","ts":1785240151.6626372,"logger":"discovery","caller":"ean/discovery.go:555","msg":"capability registered/updated","cap_id":"opc_ua.list_points","agent_id":"edgex-node-001","category":"device","source":"native-ean","v1_purged":0}
{"level":"info","ts":1785240151.6626372,"logger":"discovery","caller":"ean/discovery.go:555","msg":"capability registered/updated","cap_id":"s7.read_holding_register","agent_id":"edgex-node-001","category":"device","source":"native-ean","v1_purged":0}
{"level":"info","ts":1785240151.6626372,"logger":"discovery","caller":"ean/discovery.go:555","msg":"capability registered/updated","cap_id":"omron_fins.list_points","agent_id":"edgex-node-001","category":"device","source":"native-ean","v1_purged":0}
{"level":"info","ts":1785240151.6626372,"logger":"discovery","caller":"ean/discovery.go:555","msg":"capability registered/updated","cap_id":"dlt645.read_holding_register","agent_id":"edgex-node-001","category":"device","source":"native-ean","v1_purged":0}
{"level":"info","ts":1785240151.6626372,"logger":"discovery","caller":"ean/discovery.go:555","msg":"capability registered/updated","cap_id":"profinet_io.list_points","agent_id":"edgex-node-001","category":"device","source":"native-ean","v1_purged":0}
{"level":"info","ts":1785240151.6626372,"logger":"discovery","caller":"ean/discovery.go:555","msg":"capability registered/updated","cap_id":"ethercat.read_holding_register","agent_id":"edgex-node-001","category":"device","source":"native-ean","v1_purged":0}
{"level":"info","ts":1785240151.6626372,"logger":"discovery","caller":"ean/discovery.go:555","msg":"capability registered/updated","cap_id":"modbus_tcp.list_points","agent_id":"edgex-node-001","category":"device","source":"native-ean","v1_purged":0}
{"level":"info","ts":1785240151.6626372,"logger":"discovery","caller":"ean/discovery.go:555","msg":"capability registered/updated","cap_id":"ethernet_ip.scan_devices","agent_id":"edgex-node-001","category":"device","source":"native-ean","v1_purged":0}
{"level":"info","ts":1785240151.6626372,"logger":"discovery","caller":"ean/discovery.go:555","msg":"capability registered/updated","cap_id":"omron_fins.write_register","agent_id":"edgex-node-001","category":"device","source":"native-ean","v1_purged":0}
{"level":"info","ts":1785240151.6626372,"logger":"discovery","caller":"ean/discovery.go:555","msg":"capability registered/updated","cap_id":"modbus_rtu_over_tcp.read_holding_register","agent_id":"edgex-node-001","category":"device","source":"native-ean","v1_purged":0}
{"level":"info","ts":1785240151.6626372,"logger":"discovery","caller":"ean/discovery.go:555","msg":"capability registered/updated","cap_id":"knxnet_ip.list_points","agent_id":"edgex-node-001","category":"device","source":"native-ean","v1_purged":0}
{"level":"info","ts":1785240151.6626372,"logger":"discovery","caller":"ean/discovery.go:555","msg":"capability registered/updated","cap_id":"modbus_tcp.write_register","agent_id":"edgex-node-001","category":"device","source":"native-ean","v1_purged":0}
{"level":"info","ts":1785240151.6626372,"logger":"discovery","caller":"ean/discovery.go:555","msg":"capability registered/updated","cap_id":"omron_fins.read_holding_register","agent_id":"edgex-node-001","category":"device","source":"native-ean","v1_purged":0}
{"level":"info","ts":1785240151.6626372,"logger":"discovery","caller":"ean/discovery.go:555","msg":"capability registered/updated","cap_id":"dlt645.write_register","agent_id":"edgex-node-001","category":"device","source":"native-ean","v1_purged":0}
{"level":"info","ts":1785240151.6626372,"logger":"discovery","caller":"ean/discovery.go:555","msg":"capability registered/updated","cap_id":"mitsubishi_slmp.read_holding_register","agent_id":"edgex-node-001","category":"device","source":"native-ean","v1_purged":0}
{"level":"info","ts":1785240151.6626372,"logger":"discovery","caller":"ean/discovery.go:555","msg":"capability registered/updated","cap_id":"iec60870_5_104.write_register","agent_id":"edgex-node-001","category":"device","source":"native-ean","v1_purged":0}
{"level":"info","ts":1785240151.6626372,"logger":"discovery","caller":"ean/discovery.go:555","msg":"capability registered/updated","cap_id":"ethercat.write_register","agent_id":"edgex-node-001","category":"device","source":"native-ean","v1_purged":0}
{"level":"info","ts":1785240151.6626372,"logger":"discovery","caller":"ean/discovery.go:555","msg":"capability registered/updated","cap_id":"modbus_rtu_over_tcp.scan_devices","agent_id":"edgex-node-001","category":"device","source":"native-ean","v1_purged":0}
{"level":"info","ts":1785240151.6626372,"logger":"discovery","caller":"ean/discovery.go:555","msg":"capability registered/updated","cap_id":"s7.list_points","agent_id":"edgex-node-001","category":"device","source":"native-ean","v1_purged":0}
{"level":"info","ts":1785240151.6626372,"logger":"discovery","caller":"ean/discovery.go:555","msg":"capability registered/updated","cap_id":"mitsubishi_slmp.write_register","agent_id":"edgex-node-001","category":"device","source":"native-ean","v1_purged":0}
{"level":"info","ts":1785240151.6626372,"logger":"discovery","caller":"ean/discovery.go:555","msg":"capability registered/updated","cap_id":"profinet_io.write_register","agent_id":"edgex-node-001","category":"device","source":"native-ean","v1_purged":0}
{"level":"info","ts":1785240151.6626372,"logger":"discovery","caller":"ean/discovery.go:555","msg":"capability registered/updated","cap_id":"mitsubishi_slmp.scan_devices","agent_id":"edgex-node-001","category":"device","source":"native-ean","v1_purged":0}
{"level":"info","ts":1785240151.6626372,"logger":"discovery","caller":"ean/discovery.go:555","msg":"capability registered/updated","cap_id":"bacnet_ip.write_register","agent_id":"edgex-node-001","category":"device","source":"native-ean","v1_purged":0}
{"level":"info","ts":1785240151.6626372,"logger":"discovery","caller":"ean/discovery.go:555","msg":"capability registered/updated","cap_id":"s7.write_register","agent_id":"edgex-node-001","category":"device","source":"native-ean","v1_purged":0}
{"level":"info","ts":1785240151.6626372,"logger":"discovery","caller":"ean/discovery.go:555","msg":"capability registered/updated","cap_id":"s7.scan_devices","agent_id":"edgex-node-001","category":"device","source":"native-ean","v1_purged":0}
{"level":"info","ts":1785240151.6626372,"logger":"discovery","caller":"ean/discovery.go:555","msg":"capability registered/updated","cap_id":"opc_ua.write_register","agent_id":"edgex-node-001","category":"device","source":"native-ean","v1_purged":0}
{"level":"info","ts":1785240151.6626372,"logger":"discovery","caller":"ean/discovery.go:555","msg":"capability registered/updated","cap_id":"knxnet_ip.read_holding_register","agent_id":"edgex-node-001","category":"device","source":"native-ean","v1_purged":0}
{"level":"info","ts":1785240151.6626372,"logger":"discovery","caller":"ean/discovery.go:555","msg":"capability registered/updated","cap_id":"ethernet_ip.list_points","agent_id":"edgex-node-001","category":"device","source":"native-ean","v1_purged":0}
{"level":"info","ts":1785240151.6626372,"logger":"discovery","caller":"ean/discovery.go:555","msg":"capability registered/updated","cap_id":"modbus_rtu.scan_devices","agent_id":"edgex-node-001","category":"device","source":"native-ean","v1_purged":0}
{"level":"info","ts":1785240151.6626372,"logger":"discovery","caller":"ean/discovery.go:555","msg":"capability registered/updated","cap_id":"ethernet_ip.read_holding_register","agent_id":"edgex-node-001","category":"device","source":"native-ean","v1_purged":0}
{"level":"info","ts":1785240151.6626372,"logger":"discovery","caller":"ean/discovery.go:555","msg":"capability registered/updated","cap_id":"ethernet_ip.write_register","agent_id":"edgex-node-001","category":"device","source":"native-ean","v1_purged":0}
{"level":"info","ts":1785240151.6626372,"logger":"discovery","caller":"ean/discovery.go:555","msg":"capability registered/updated","cap_id":"knxnet_ip.write_register","agent_id":"edgex-node-001","category":"device","source":"native-ean","v1_purged":0}
{"level":"info","ts":1785240151.6626372,"logger":"discovery","caller":"ean/discovery.go:555","msg":"capability registered/updated","cap_id":"snmp.write_register","agent_id":"edgex-node-001","category":"device","source":"native-ean","v1_purged":0}
{"level":"info","ts":1785240151.6626372,"logger":"discovery","caller":"ean/discovery.go:555","msg":"capability registered/updated","cap_id":"snmp.list_points","agent_id":"edgex-node-001","category":"device","source":"native-ean","v1_purged":0}
{"level":"warn","ts":1785240153.6799347,"logger":"heartbeat","caller":"ean/heartbeat.go:151","msg":"heartbeat sequence regression detected","agent_id":"edgex-node-001","old_seq":52,"new_seq":0}
{"level":"info","ts":1785240160.6853676,"logger":"ean-bus","caller":"ean/bus.go:601","msg":"主动发现查询已发布","topic":"$edgeos/discovery/query"}
{"level":"info","ts":1785240160.7046447,"logger":"discovery","caller":"ean/discovery.go:216","msg":"agent updated via discovery response","agent_id":"edgex-node-001","kind":"device","source":"native-ean"}
{"level":"info","ts":1785240160.7046447,"logger":"heartbeat","caller":"ean/heartbeat.go:283","msg":"heartbeat interval updated","agent_id":"edgex-node-001","interval_sec":60}
{"level":"info","ts":1785240160.7046447,"logger":"discovery","caller":"ean/discovery.go:555","msg":"capability registered/updated","cap_id":"bacnet_ip.list_points","agent_id":"edgex-node-001","category":"device","source":"native-ean","v1_purged":0}
{"level":"info","ts":1785240160.7046447,"logger":"discovery","caller":"ean/discovery.go:555","msg":"capability registered/updated","cap_id":"iec60870_5_104.read_holding_register","agent_id":"edgex-node-001","category":"device","source":"native-ean","v1_purged":0}
{"level":"info","ts":1785240160.7046447,"logger":"discovery","caller":"ean/discovery.go:555","msg":"capability registered/updated","cap_id":"iec60870_5_104.scan_devices","agent_id":"edgex-node-001","category":"device","source":"native-ean","v1_purged":0}
{"level":"info","ts":1785240160.7046447,"logger":"discovery","caller":"ean/discovery.go:555","msg":"capability registered/updated","cap_id":"ethercat.scan_devices","agent_id":"edgex-node-001","category":"device","source":"native-ean","v1_purged":0}
{"level":"info","ts":1785240160.7046447,"logger":"discovery","caller":"ean/discovery.go:555","msg":"capability registered/updated","cap_id":"dlt645.scan_devices","agent_id":"edgex-node-001","category":"device","source":"native-ean","v1_purged":0}
{"level":"info","ts":1785240160.7051706,"logger":"discovery","caller":"ean/discovery.go:555","msg":"capability registered/updated","cap_id":"modbus_rtu.read_holding_register","agent_id":"edgex-node-001","category":"device","source":"native-ean","v1_purged":0}
{"level":"info","ts":1785240160.7051706,"logger":"discovery","caller":"ean/discovery.go:555","msg":"capability registered/updated","cap_id":"modbus_rtu_over_tcp.list_points","agent_id":"edgex-node-001","category":"device","source":"native-ean","v1_purged":0}
{"level":"info","ts":1785240160.7051706,"logger":"discovery","caller":"ean/discovery.go:555","msg":"capability registered/updated","cap_id":"opc_ua.scan_devices","agent_id":"edgex-node-001","category":"device","source":"native-ean","v1_purged":0}
{"level":"info","ts":1785240160.7052238,"logger":"discovery","caller":"ean/discovery.go:555","msg":"capability registered/updated","cap_id":"opc_ua.list_points","agent_id":"edgex-node-001","category":"device","source":"native-ean","v1_purged":0}
{"level":"info","ts":1785240160.7052238,"logger":"discovery","caller":"ean/discovery.go:555","msg":"capability registered/updated","cap_id":"s7.read_holding_register","agent_id":"edgex-node-001","category":"device","source":"native-ean","v1_purged":0}
{"level":"info","ts":1785240160.7052238,"logger":"discovery","caller":"ean/discovery.go:555","msg":"capability registered/updated","cap_id":"omron_fins.list_points","agent_id":"edgex-node-001","category":"device","source":"native-ean","v1_purged":0}
{"level":"info","ts":1785240160.7052238,"logger":"discovery","caller":"ean/discovery.go:555","msg":"capability registered/updated","cap_id":"dlt645.read_holding_register","agent_id":"edgex-node-001","category":"device","source":"native-ean","v1_purged":0}
{"level":"info","ts":1785240160.7052238,"logger":"discovery","caller":"ean/discovery.go:555","msg":"capability registered/updated","cap_id":"profinet_io.list_points","agent_id":"edgex-node-001","category":"device","source":"native-ean","v1_purged":0}
{"level":"info","ts":1785240160.7052238,"logger":"discovery","caller":"ean/discovery.go:555","msg":"capability registered/updated","cap_id":"ethercat.read_holding_register","agent_id":"edgex-node-001","category":"device","source":"native-ean","v1_purged":0}
{"level":"info","ts":1785240160.7053585,"logger":"discovery","caller":"ean/discovery.go:555","msg":"capability registered/updated","cap_id":"modbus_tcp.list_points","agent_id":"edgex-node-001","category":"device","source":"native-ean","v1_purged":0}
{"level":"info","ts":1785240160.7053585,"logger":"discovery","caller":"ean/discovery.go:555","msg":"capability registered/updated","cap_id":"ethernet_ip.scan_devices","agent_id":"edgex-node-001","category":"device","source":"native-ean","v1_purged":0}
{"level":"info","ts":1785240160.7053585,"logger":"discovery","caller":"ean/discovery.go:555","msg":"capability registered/updated","cap_id":"omron_fins.write_register","agent_id":"edgex-node-001","category":"device","source":"native-ean","v1_purged":0}
{"level":"info","ts":1785240160.705441,"logger":"discovery","caller":"ean/discovery.go:555","msg":"capability registered/updated","cap_id":"modbus_rtu_over_tcp.read_holding_register","agent_id":"edgex-node-001","category":"device","source":"native-ean","v1_purged":0}
{"level":"info","ts":1785240160.705441,"logger":"discovery","caller":"ean/discovery.go:555","msg":"capability registered/updated","cap_id":"knxnet_ip.list_points","agent_id":"edgex-node-001","category":"device","source":"native-ean","v1_purged":0}
{"level":"info","ts":1785240160.705441,"logger":"discovery","caller":"ean/discovery.go:555","msg":"capability registered/updated","cap_id":"modbus_tcp.write_register","agent_id":"edgex-node-001","category":"device","source":"native-ean","v1_purged":0}
{"level":"info","ts":1785240160.705441,"logger":"discovery","caller":"ean/discovery.go:555","msg":"capability registered/updated","cap_id":"omron_fins.read_holding_register","agent_id":"edgex-node-001","category":"device","source":"native-ean","v1_purged":0}
{"level":"info","ts":1785240160.7055285,"logger":"discovery","caller":"ean/discovery.go:555","msg":"capability registered/updated","cap_id":"dlt645.write_register","agent_id":"edgex-node-001","category":"device","source":"native-ean","v1_purged":0}
{"level":"info","ts":1785240160.7055285,"logger":"discovery","caller":"ean/discovery.go:555","msg":"capability registered/updated","cap_id":"mitsubishi_slmp.read_holding_register","agent_id":"edgex-node-001","category":"device","source":"native-ean","v1_purged":0}
{"level":"info","ts":1785240160.7055285,"logger":"discovery","caller":"ean/discovery.go:555","msg":"capability registered/updated","cap_id":"iec60870_5_104.write_register","agent_id":"edgex-node-001","category":"device","source":"native-ean","v1_purged":0}
{"level":"info","ts":1785240160.7055285,"logger":"discovery","caller":"ean/discovery.go:555","msg":"capability registered/updated","cap_id":"ethercat.write_register","agent_id":"edgex-node-001","category":"device","source":"native-ean","v1_purged":0}
{"level":"info","ts":1785240160.7056057,"logger":"discovery","caller":"ean/discovery.go:555","msg":"capability registered/updated","cap_id":"modbus_rtu_over_tcp.scan_devices","agent_id":"edgex-node-001","category":"device","source":"native-ean","v1_purged":0}
{"level":"info","ts":1785240160.7056057,"logger":"discovery","caller":"ean/discovery.go:555","msg":"capability registered/updated","cap_id":"s7.list_points","agent_id":"edgex-node-001","category":"device","source":"native-ean","v1_purged":0}
{"level":"info","ts":1785240160.7056057,"logger":"discovery","caller":"ean/discovery.go:555","msg":"capability registered/updated","cap_id":"mitsubishi_slmp.write_register","agent_id":"edgex-node-001","category":"device","source":"native-ean","v1_purged":0}
{"level":"info","ts":1785240160.7056057,"logger":"discovery","caller":"ean/discovery.go:555","msg":"capability registered/updated","cap_id":"profinet_io.write_register","agent_id":"edgex-node-001","category":"device","source":"native-ean","v1_purged":0}
{"level":"info","ts":1785240160.7056057,"logger":"discovery","caller":"ean/discovery.go:555","msg":"capability registered/updated","cap_id":"mitsubishi_slmp.scan_devices","agent_id":"edgex-node-001","category":"device","source":"native-ean","v1_purged":0}
{"level":"info","ts":1785240160.7056057,"logger":"discovery","caller":"ean/discovery.go:555","msg":"capability registered/updated","cap_id":"bacnet_ip.write_register","agent_id":"edgex-node-001","category":"device","source":"native-ean","v1_purged":0}
{"level":"info","ts":1785240160.7056057,"logger":"discovery","caller":"ean/discovery.go:555","msg":"capability registered/updated","cap_id":"s7.write_register","agent_id":"edgex-node-001","category":"device","source":"native-ean","v1_purged":0}
{"level":"info","ts":1785240160.7056057,"logger":"discovery","caller":"ean/discovery.go:555","msg":"capability registered/updated","cap_id":"s7.scan_devices","agent_id":"edgex-node-001","category":"device","source":"native-ean","v1_purged":0}
{"level":"info","ts":1785240160.7057712,"logger":"discovery","caller":"ean/discovery.go:555","msg":"capability registered/updated","cap_id":"opc_ua.write_register","agent_id":"edgex-node-001","category":"device","source":"native-ean","v1_purged":0}
{"level":"info","ts":1785240160.7057712,"logger":"discovery","caller":"ean/discovery.go:555","msg":"capability registered/updated","cap_id":"knxnet_ip.read_holding_register","agent_id":"edgex-node-001","category":"device","source":"native-ean","v1_purged":0}
{"level":"info","ts":1785240160.7057712,"logger":"discovery","caller":"ean/discovery.go:555","msg":"capability registered/updated","cap_id":"ethernet_ip.list_points","agent_id":"edgex-node-001","category":"device","source":"native-ean","v1_purged":0}
{"level":"info","ts":1785240160.7058227,"logger":"discovery","caller":"ean/discovery.go:555","msg":"capability registered/updated","cap_id":"modbus_rtu.scan_devices","agent_id":"edgex-node-001","category":"device","source":"native-ean","v1_purged":0}
{"level":"info","ts":1785240160.7058227,"logger":"discovery","caller":"ean/discovery.go:555","msg":"capability registered/updated","cap_id":"ethernet_ip.read_holding_register","agent_id":"edgex-node-001","category":"device","source":"native-ean","v1_purged":0}
{"level":"info","ts":1785240160.7058227,"logger":"discovery","caller":"ean/discovery.go:555","msg":"capability registered/updated","cap_id":"ethernet_ip.write_register","agent_id":"edgex-node-001","category":"device","source":"native-ean","v1_purged":0}
{"level":"info","ts":1785240160.705899,"logger":"discovery","caller":"ean/discovery.go:555","msg":"capability registered/updated","cap_id":"knxnet_ip.write_register","agent_id":"edgex-node-001","category":"device","source":"native-ean","v1_purged":0}
{"level":"info","ts":1785240160.705899,"logger":"discovery","caller":"ean/discovery.go:555","msg":"capability registered/updated","cap_id":"snmp.write_register","agent_id":"edgex-node-001","category":"device","source":"native-ean","v1_purged":0}
{"level":"info","ts":1785240160.705899,"logger":"discovery","caller":"ean/discovery.go:555","msg":"capability registered/updated","cap_id":"snmp.list_points","agent_id":"edgex-node-001","category":"device","source":"native-ean","v1_purged":0}
{"level":"info","ts":1785240160.7059622,"logger":"discovery","caller":"ean/discovery.go:555","msg":"capability registered/updated","cap_id":"modbus_rtu_over_tcp.write_register","agent_id":"edgex-node-001","category":"device","source":"native-ean","v1_purged":0}
{"level":"info","ts":1785240160.7059622,"logger":"discovery","caller":"ean/discovery.go:555","msg":"capability registered/updated","cap_id":"iec60870_5_104.list_points","agent_id":"edgex-node-001","category":"device","source":"native-ean","v1_purged":0}
{"level":"info","ts":1785240160.7059622,"logger":"discovery","caller":"ean/discovery.go:555","msg":"capability registered/updated","cap_id":"mitsubishi_slmp.list_points","agent_id":"edgex-node-001","category":"device","source":"native-ean","v1_purged":0}
{"level":"info","ts":1785240160.7059622,"logger":"discovery","caller":"ean/discovery.go:555","msg":"capability registered/updated","cap_id":"ai.doc_parse","agent_id":"edgex-node-001","category":"ai","source":"native-ean","v1_purged":0}
{"level":"info","ts":1785240160.7059622,"logger":"discovery","caller":"ean/discovery.go:555","msg":"capability registered/updated","cap_id":"knxnet_ip.scan_devices","agent_id":"edgex-node-001","category":"device","source":"native-ean","v1_purged":0}
{"level":"info","ts":1785240160.7059622,"logger":"discovery","caller":"ean/discovery.go:555","msg":"capability registered/updated","cap_id":"dlt645.list_points","agent_id":"edgex-node-001","category":"device","source":"native-ean","v1_purged":0}
{"level":"info","ts":1785240160.7059622,"logger":"discovery","caller":"ean/discovery.go:555","msg":"capability registered/updated","cap_id":"profinet_io.scan_devices","agent_id":"edgex-node-001","category":"device","source":"native-ean","v1_purged":0}
{"level":"info","ts":1785240160.7059622,"logger":"discovery","caller":"ean/discovery.go:555","msg":"capability registered/updated","cap_id":"modbus_tcp.read_holding_register","agent_id":"edgex-node-001","category":"device","source":"native-ean","v1_purged":0}
{"level":"info","ts":1785240160.7059622,"logger":"discovery","caller":"ean/discovery.go:555","msg":"capability registered/updated","cap_id":"ethercat.list_points","agent_id":"edgex-node-001","category":"device","source":"native-ean","v1_purged":0}
{"level":"info","ts":1785240160.7059622,"logger":"discovery","caller":"ean/discovery.go:555","msg":"capability registered/updated","cap_id":"ai.protocol_reverse","agent_id":"edgex-node-001","category":"ai","source":"native-ean","v1_purged":0}
{"level":"info","ts":1785240160.7059622,"logger":"discovery","caller":"ean/discovery.go:555","msg":"capability registered/updated","cap_id":"modbus_rtu.write_register","agent_id":"edgex-node-001","category":"device","source":"native-ean","v1_purged":0}
{"level":"info","ts":1785240160.7059622,"logger":"discovery","caller":"ean/discovery.go:555","msg":"capability registered/updated","cap_id":"modbus_rtu.list_points","agent_id":"edgex-node-001","category":"device","source":"native-ean","v1_purged":0}
{"level":"info","ts":1785240160.7059622,"logger":"discovery","caller":"ean/discovery.go:555","msg":"capability registered/updated","cap_id":"bacnet_ip.scan_devices","agent_id":"edgex-node-001","category":"device","source":"native-ean","v1_purged":0}
{"level":"info","ts":1785240160.7059622,"logger":"discovery","caller":"ean/discovery.go:555","msg":"capability registered/updated","cap_id":"opc_ua.read_holding_register","agent_id":"edgex-node-001","category":"device","source":"native-ean","v1_purged":0}
{"level":"info","ts":1785240160.7059622,"logger":"discovery","caller":"ean/discovery.go:555","msg":"capability registered/updated","cap_id":"snmp.read_holding_register","agent_id":"edgex-node-001","category":"device","source":"native-ean","v1_purged":0}
{"level":"info","ts":1785240160.7059622,"logger":"discovery","caller":"ean/discovery.go:555","msg":"capability registered/updated","cap_id":"profinet_io.read_holding_register","agent_id":"edgex-node-001","category":"device","source":"native-ean","v1_purged":0}
{"level":"info","ts":1785240160.7059622,"logger":"discovery","caller":"ean/discovery.go:555","msg":"capability registered/updated","cap_id":"bacnet_ip.read_holding_register","agent_id":"edgex-node-001","category":"device","source":"native-ean","v1_purged":0}
{"level":"info","ts":1785240160.7059622,"logger":"discovery","caller":"ean/discovery.go:555","msg":"capability registered/updated","cap_id":"omron_fins.scan_devices","agent_id":"edgex-node-001","category":"device","source":"native-ean","v1_purged":0}
{"level":"info","ts":1785240160.7059622,"logger":"discovery","caller":"ean/discovery.go:555","msg":"capability registered/updated","cap_id":"snmp.scan_devices","agent_id":"edgex-node-001","category":"device","source":"native-ean","v1_purged":0}
{"level":"info","ts":1785240160.7059622,"logger":"discovery","caller":"ean/discovery.go:555","msg":"capability registered/updated","cap_id":"system.diagnostics","agent_id":"edgex-node-001","category":"system","source":"native-ean","v1_purged":0}
{"level":"info","ts":1785240160.7059622,"logger":"discovery","caller":"ean/discovery.go:555","msg":"capability registered/updated","cap_id":"modbus_tcp.scan_devices","agent_id":"edgex-node-001","category":"device","source":"native-ean","v1_purged":0}
{"level":"info","ts":1785240160.7059622,"logger":"discovery","caller":"ean/discovery.go:236","msg":"discovery response capabilities indexed","count":63,"transport":"mqtt"}
20:02:46 | 101 |       687.2µs | 127.0.0.1 | GET | /ws | -
{"level":"info","ts":1785240167.0994158,"caller":"ws/hub.go:127","msg":"WebSocket client connected","remote":"127.0.0.1:32986"}
20:02:46 | 101 |       855.1µs | 127.0.0.1 | GET | /ws | -
{"level":"info","ts":1785240167.1443043,"caller":"ws/hub.go:127","msg":"WebSocket client connected","remote":"127.0.0.1:5707"}
20:02:47 | 204 |            0s | 127.0.0.1 | OPTIONS | /api/dashboard/stats | -
20:02:47 | 204 |            0s | 127.0.0.1 | OPTIONS | /api/nodes | -
20:02:47 | 204 |            0s | 127.0.0.1 | OPTIONS | /api/middlewares | -
20:02:47 | 204 |            0s | 127.0.0.1 | OPTIONS | /api/alerts | -
20:02:47 | 204 |            0s | 127.0.0.1 | OPTIONS | /api/ean/health | -
20:02:47 | 200 |      2.9514ms | 127.0.0.1 | GET | /api/dashboard/stats | -
20:02:47 | 200 |       1.865ms | 127.0.0.1 | GET | /api/nodes | -
20:02:47 | 200 |      1.6626ms | 127.0.0.1 | GET | /api/middlewares | -
20:02:47 | 200 |      1.9718ms | 127.0.0.1 | GET | /api/ean/health | -
20:02:47 | 200 |      2.3622ms | 127.0.0.1 | GET | /api/alerts | -
{"level":"info","ts":1785240211.6637504,"logger":"discovery","caller":"ean/discovery.go:555","msg":"capability registered/updated","cap_id":"ethercat.list_points","agent_id":"edgex-node-001","category":"device","source":"native-ean","v1_purged":0}
{"level":"info","ts":1785240211.6643264,"logger":"discovery","caller":"ean/discovery.go:555","msg":"capability registered/updated","cap_id":"ai.protocol_reverse","agent_id":"edgex-node-001","category":"ai","source":"native-ean","v1_purged":0}
{"level":"info","ts":1785240211.6643264,"logger":"discovery","caller":"ean/discovery.go:555","msg":"capability registered/updated","cap_id":"modbus_rtu.write_register","agent_id":"edgex-node-001","category":"device","source":"native-ean","v1_purged":0}
{"level":"info","ts":1785240211.6643264,"logger":"discovery","caller":"ean/discovery.go:555","msg":"capability registered/updated","cap_id":"modbus_rtu.list_points","agent_id":"edgex-node-001","category":"device","source":"native-ean","v1_purged":0}
{"level":"info","ts":1785240211.6643264,"logger":"discovery","caller":"ean/discovery.go:555","msg":"capability registered/updated","cap_id":"bacnet_ip.scan_devices","agent_id":"edgex-node-001","category":"device","source":"native-ean","v1_purged":0}
{"level":"info","ts":1785240211.6643264,"logger":"discovery","caller":"ean/discovery.go:555","msg":"capability registered/updated","cap_id":"opc_ua.read_holding_register","agent_id":"edgex-node-001","category":"device","source":"native-ean","v1_purged":0}
{"level":"info","ts":1785240211.6643264,"logger":"discovery","caller":"ean/discovery.go:555","msg":"capability registered/updated","cap_id":"snmp.read_holding_register","agent_id":"edgex-node-001","category":"device","source":"native-ean","v1_purged":0}
{"level":"info","ts":1785240211.6643264,"logger":"discovery","caller":"ean/discovery.go:555","msg":"capability registered/updated","cap_id":"profinet_io.read_holding_register","agent_id":"edgex-node-001","category":"device","source":"native-ean","v1_purged":0}
{"level":"info","ts":1785240211.6643264,"logger":"discovery","caller":"ean/discovery.go:555","msg":"capability registered/updated","cap_id":"bacnet_ip.read_holding_register","agent_id":"edgex-node-001","category":"device","source":"native-ean","v1_purged":0}
{"level":"info","ts":1785240211.6643264,"logger":"discovery","caller":"ean/discovery.go:555","msg":"capability registered/updated","cap_id":"omron_fins.scan_devices","agent_id":"edgex-node-001","category":"device","source":"native-ean","v1_purged":0}
{"level":"info","ts":1785240211.6643264,"logger":"discovery","caller":"ean/discovery.go:555","msg":"capability registered/updated","cap_id":"snmp.scan_devices","agent_id":"edgex-node-001","category":"device","source":"native-ean","v1_purged":0}
{"level":"info","ts":1785240211.6643264,"logger":"discovery","caller":"ean/discovery.go:555","msg":"capability registered/updated","cap_id":"system.diagnostics","agent_id":"edgex-node-001","category":"system","source":"native-ean","v1_purged":0}
{"level":"info","ts":1785240211.6643264,"logger":"discovery","caller":"ean/discovery.go:555","msg":"capability registered/updated","cap_id":"modbus_tcp.scan_devices","agent_id":"edgex-node-001","category":"device","source":"native-ean","v1_purged":0}
{"level":"info","ts":1785240211.6643264,"logger":"discovery","caller":"ean/discovery.go:555","msg":"capability registered/updated","cap_id":"bacnet_ip.list_points","agent_id":"edgex-node-001","category":"device","source":"native-ean","v1_purged":0}
{"level":"info","ts":1785240211.6643264,"logger":"discovery","caller":"ean/discovery.go:555","msg":"capability registered/updated","cap_id":"iec60870_5_104.read_holding_register","agent_id":"edgex-node-001","category":"device","source":"native-ean","v1_purged":0}
{"level":"info","ts":1785240211.6643264,"logger":"discovery","caller":"ean/discovery.go:555","msg":"capability registered/updated","cap_id":"iec60870_5_104.scan_devices","agent_id":"edgex-node-001","category":"device","source":"native-ean","v1_purged":0}
{"level":"info","ts":1785240211.6643264,"logger":"discovery","caller":"ean/discovery.go:555","msg":"capability registered/updated","cap_id":"ethercat.scan_devices","agent_id":"edgex-node-001","category":"device","source":"native-ean","v1_purged":0}
{"level":"info","ts":1785240211.6643264,"logger":"discovery","caller":"ean/discovery.go:555","msg":"capability registered/updated","cap_id":"dlt645.scan_devices","agent_id":"edgex-node-001","category":"device","source":"native-ean","v1_purged":0}
{"level":"info","ts":1785240211.6643264,"logger":"discovery","caller":"ean/discovery.go:555","msg":"capability registered/updated","cap_id":"modbus_rtu.read_holding_register","agent_id":"edgex-node-001","category":"device","source":"native-ean","v1_purged":0}
{"level":"info","ts":1785240211.6643264,"logger":"discovery","caller":"ean/discovery.go:555","msg":"capability registered/updated","cap_id":"modbus_rtu_over_tcp.list_points","agent_id":"edgex-node-001","category":"device","source":"native-ean","v1_purged":0}
{"level":"info","ts":1785240211.6643264,"logger":"discovery","caller":"ean/discovery.go:555","msg":"capability registered/updated","cap_id":"opc_ua.scan_devices","agent_id":"edgex-node-001","category":"device","source":"native-ean","v1_purged":0}
{"level":"info","ts":1785240211.6643264,"logger":"discovery","caller":"ean/discovery.go:555","msg":"capability registered/updated","cap_id":"opc_ua.list_points","agent_id":"edgex-node-001","category":"device","source":"native-ean","v1_purged":0}
{"level":"info","ts":1785240211.6643264,"logger":"discovery","caller":"ean/discovery.go:555","msg":"capability registered/updated","cap_id":"s7.read_holding_register","agent_id":"edgex-node-001","category":"device","source":"native-ean","v1_purged":0}
{"level":"info","ts":1785240211.6643264,"logger":"discovery","caller":"ean/discovery.go:555","msg":"capability registered/updated","cap_id":"omron_fins.list_points","agent_id":"edgex-node-001","category":"device","source":"native-ean","v1_purged":0}
{"level":"info","ts":1785240211.6643264,"logger":"discovery","caller":"ean/discovery.go:555","msg":"capability registered/updated","cap_id":"dlt645.read_holding_register","agent_id":"edgex-node-001","category":"device","source":"native-ean","v1_purged":0}
{"level":"info","ts":1785240211.6643264,"logger":"discovery","caller":"ean/discovery.go:555","msg":"capability registered/updated","cap_id":"profinet_io.list_points","agent_id":"edgex-node-001","category":"device","source":"native-ean","v1_purged":0}
{"level":"info","ts":1785240211.6643264,"logger":"discovery","caller":"ean/discovery.go:555","msg":"capability registered/updated","cap_id":"ethercat.read_holding_register","agent_id":"edgex-node-001","category":"device","source":"native-ean","v1_purged":0}
{"level":"info","ts":1785240211.6643264,"logger":"discovery","caller":"ean/discovery.go:555","msg":"capability registered/updated","cap_id":"modbus_tcp.list_points","agent_id":"edgex-node-001","category":"device","source":"native-ean","v1_purged":0}
{"level":"info","ts":1785240211.6643264,"logger":"discovery","caller":"ean/discovery.go:555","msg":"capability registered/updated","cap_id":"ethernet_ip.scan_devices","agent_id":"edgex-node-001","category":"device","source":"native-ean","v1_purged":0}
{"level":"info","ts":1785240211.6643264,"logger":"discovery","caller":"ean/discovery.go:555","msg":"capability registered/updated","cap_id":"omron_fins.write_register","agent_id":"edgex-node-001","category":"device","source":"native-ean","v1_purged":0}
{"level":"info","ts":1785240211.6643264,"logger":"discovery","caller":"ean/discovery.go:555","msg":"capability registered/updated","cap_id":"modbus_rtu_over_tcp.read_holding_register","agent_id":"edgex-node-001","category":"device","source":"native-ean","v1_purged":0}
{"level":"info","ts":1785240211.6643264,"logger":"discovery","caller":"ean/discovery.go:555","msg":"capability registered/updated","cap_id":"knxnet_ip.list_points","agent_id":"edgex-node-001","category":"device","source":"native-ean","v1_purged":0}
{"level":"info","ts":1785240211.6643264,"logger":"discovery","caller":"ean/discovery.go:555","msg":"capability registered/updated","cap_id":"modbus_tcp.write_register","agent_id":"edgex-node-001","category":"device","source":"native-ean","v1_purged":0}
{"level":"info","ts":1785240211.6643264,"logger":"discovery","caller":"ean/discovery.go:555","msg":"capability registered/updated","cap_id":"omron_fins.read_holding_register","agent_id":"edgex-node-001","category":"device","source":"native-ean","v1_purged":0}
{"level":"info","ts":1785240211.6643264,"logger":"discovery","caller":"ean/discovery.go:555","msg":"capability registered/updated","cap_id":"dlt645.write_register","agent_id":"edgex-node-001","category":"device","source":"native-ean","v1_purged":0}
{"level":"info","ts":1785240211.6643264,"logger":"discovery","caller":"ean/discovery.go:555","msg":"capability registered/updated","cap_id":"mitsubishi_slmp.read_holding_register","agent_id":"edgex-node-001","category":"device","source":"native-ean","v1_purged":0}
{"level":"info","ts":1785240211.6643264,"logger":"discovery","caller":"ean/discovery.go:555","msg":"capability registered/updated","cap_id":"iec60870_5_104.write_register","agent_id":"edgex-node-001","category":"device","source":"native-ean","v1_purged":0}
{"level":"info","ts":1785240211.6643264,"logger":"discovery","caller":"ean/discovery.go:555","msg":"capability registered/updated","cap_id":"ethercat.write_register","agent_id":"edgex-node-001","category":"device","source":"native-ean","v1_purged":0}
{"level":"info","ts":1785240211.6643264,"logger":"discovery","caller":"ean/discovery.go:555","msg":"capability registered/updated","cap_id":"modbus_rtu_over_tcp.scan_devices","agent_id":"edgex-node-001","category":"device","source":"native-ean","v1_purged":0}
{"level":"info","ts":1785240211.6643264,"logger":"discovery","caller":"ean/discovery.go:555","msg":"capability registered/updated","cap_id":"s7.list_points","agent_id":"edgex-node-001","category":"device","source":"native-ean","v1_purged":0}
{"level":"info","ts":1785240211.6643264,"logger":"discovery","caller":"ean/discovery.go:555","msg":"capability registered/updated","cap_id":"mitsubishi_slmp.write_register","agent_id":"edgex-node-001","category":"device","source":"native-ean","v1_purged":0}
{"level":"info","ts":1785240211.6643264,"logger":"discovery","caller":"ean/discovery.go:555","msg":"capability registered/updated","cap_id":"profinet_io.write_register","agent_id":"edgex-node-001","category":"device","source":"native-ean","v1_purged":0}
{"level":"info","ts":1785240211.6643264,"logger":"discovery","caller":"ean/discovery.go:555","msg":"capability registered/updated","cap_id":"mitsubishi_slmp.scan_devices","agent_id":"edgex-node-001","category":"device","source":"native-ean","v1_purged":0}
{"level":"info","ts":1785240211.6643264,"logger":"discovery","caller":"ean/discovery.go:555","msg":"capability registered/updated","cap_id":"bacnet_ip.write_register","agent_id":"edgex-node-001","category":"device","source":"native-ean","v1_purged":0}
{"level":"info","ts":1785240211.6643264,"logger":"discovery","caller":"ean/discovery.go:555","msg":"capability registered/updated","cap_id":"s7.write_register","agent_id":"edgex-node-001","category":"device","source":"native-ean","v1_purged":0}
{"level":"info","ts":1785240211.6643264,"logger":"discovery","caller":"ean/discovery.go:555","msg":"capability registered/updated","cap_id":"s7.scan_devices","agent_id":"edgex-node-001","category":"device","source":"native-ean","v1_purged":0}
{"level":"info","ts":1785240211.6648366,"logger":"discovery","caller":"ean/discovery.go:555","msg":"capability registered/updated","cap_id":"opc_ua.write_register","agent_id":"edgex-node-001","category":"device","source":"native-ean","v1_purged":0}
{"level":"info","ts":1785240211.6648366,"logger":"discovery","caller":"ean/discovery.go:555","msg":"capability registered/updated","cap_id":"knxnet_ip.read_holding_register","agent_id":"edgex-node-001","category":"device","source":"native-ean","v1_purged":0}
{"level":"info","ts":1785240211.6648366,"logger":"discovery","caller":"ean/discovery.go:555","msg":"capability registered/updated","cap_id":"ethernet_ip.list_points","agent_id":"edgex-node-001","category":"device","source":"native-ean","v1_purged":0}
{"level":"info","ts":1785240211.6648366,"logger":"discovery","caller":"ean/discovery.go:555","msg":"capability registered/updated","cap_id":"modbus_rtu.scan_devices","agent_id":"edgex-node-001","category":"device","source":"native-ean","v1_purged":0}
{"level":"info","ts":1785240211.6648366,"logger":"discovery","caller":"ean/discovery.go:555","msg":"capability registered/updated","cap_id":"ethernet_ip.read_holding_register","agent_id":"edgex-node-001","category":"device","source":"native-ean","v1_purged":0}
{"level":"info","ts":1785240211.6648366,"logger":"discovery","caller":"ean/discovery.go:555","msg":"capability registered/updated","cap_id":"ethernet_ip.write_register","agent_id":"edgex-node-001","category":"device","source":"native-ean","v1_purged":0}
{"level":"info","ts":1785240211.6648366,"logger":"discovery","caller":"ean/discovery.go:555","msg":"capability registered/updated","cap_id":"knxnet_ip.write_register","agent_id":"edgex-node-001","category":"device","source":"native-ean","v1_purged":0}
{"level":"info","ts":1785240211.6648366,"logger":"discovery","caller":"ean/discovery.go:555","msg":"capability registered/updated","cap_id":"snmp.write_register","agent_id":"edgex-node-001","category":"device","source":"native-ean","v1_purged":0}
{"level":"info","ts":1785240211.6648366,"logger":"discovery","caller":"ean/discovery.go:555","msg":"capability registered/updated","cap_id":"snmp.list_points","agent_id":"edgex-node-001","category":"device","source":"native-ean","v1_purged":0}
{"level":"info","ts":1785240211.6648366,"logger":"discovery","caller":"ean/discovery.go:555","msg":"capability registered/updated","cap_id":"modbus_rtu_over_tcp.write_register","agent_id":"edgex-node-001","category":"device","source":"native-ean","v1_purged":0}
{"level":"info","ts":1785240211.6648366,"logger":"discovery","caller":"ean/discovery.go:555","msg":"capability registered/updated","cap_id":"iec60870_5_104.list_points","agent_id":"edgex-node-001","category":"device","source":"native-ean","v1_purged":0}
{"level":"info","ts":1785240211.6648366,"logger":"discovery","caller":"ean/discovery.go:555","msg":"capability registered/updated","cap_id":"mitsubishi_slmp.list_points","agent_id":"edgex-node-001","category":"device","source":"native-ean","v1_purged":0}
{"level":"info","ts":1785240211.6648366,"logger":"discovery","caller":"ean/discovery.go:555","msg":"capability registered/updated","cap_id":"ai.doc_parse","agent_id":"edgex-node-001","category":"ai","source":"native-ean","v1_purged":0}
{"level":"info","ts":1785240211.6648366,"logger":"discovery","caller":"ean/discovery.go:555","msg":"capability registered/updated","cap_id":"knxnet_ip.scan_devices","agent_id":"edgex-node-001","category":"device","source":"native-ean","v1_purged":0}
{"level":"info","ts":1785240211.6648366,"logger":"discovery","caller":"ean/discovery.go:555","msg":"capability registered/updated","cap_id":"dlt645.list_points","agent_id":"edgex-node-001","category":"device","source":"native-ean","v1_purged":0}
{"level":"info","ts":1785240211.6648366,"logger":"discovery","caller":"ean/discovery.go:555","msg":"capability registered/updated","cap_id":"profinet_io.scan_devices","agent_id":"edgex-node-001","category":"device","source":"native-ean","v1_purged":0}
{"level":"info","ts":1785240211.6648366,"logger":"discovery","caller":"ean/discovery.go:555","msg":"capability registered/updated","cap_id":"modbus_tcp.read_holding_register","agent_id":"edgex-node-001","category":"device","source":"native-ean","v1_purged":0}
{"level":"warn","ts":1785240213.6799178,"logger":"heartbeat","caller":"ean/heartbeat.go:151","msg":"heartbeat sequence regression detected","agent_id":"edgex-node-001","old_seq":53,"new_seq":0}
{"level":"info","ts":1785240271.661618,"logger":"discovery","caller":"ean/discovery.go:555","msg":"capability registered/updated","cap_id":"snmp.read_holding_register","agent_id":"edgex-node-001","category":"device","source":"native-ean","v1_purged":0}
{"level":"info","ts":1785240271.661618,"logger":"discovery","caller":"ean/discovery.go:555","msg":"capability registered/updated","cap_id":"profinet_io.read_holding_register","agent_id":"edgex-node-001","category":"device","source":"native-ean","v1_purged":0}
{"level":"info","ts":1785240271.661618,"logger":"discovery","caller":"ean/discovery.go:555","msg":"capability registered/updated","cap_id":"bacnet_ip.read_holding_register","agent_id":"edgex-node-001","category":"device","source":"native-ean","v1_purged":0}
{"level":"info","ts":1785240271.661618,"logger":"discovery","caller":"ean/discovery.go:555","msg":"capability registered/updated","cap_id":"omron_fins.scan_devices","agent_id":"edgex-node-001","category":"device","source":"native-ean","v1_purged":0}
{"level":"info","ts":1785240271.661618,"logger":"discovery","caller":"ean/discovery.go:555","msg":"capability registered/updated","cap_id":"snmp.scan_devices","agent_id":"edgex-node-001","category":"device","source":"native-ean","v1_purged":0}
{"level":"info","ts":1785240271.661618,"logger":"discovery","caller":"ean/discovery.go:555","msg":"capability registered/updated","cap_id":"system.diagnostics","agent_id":"edgex-node-001","category":"system","source":"native-ean","v1_purged":0}
{"level":"info","ts":1785240271.661618,"logger":"discovery","caller":"ean/discovery.go:555","msg":"capability registered/updated","cap_id":"modbus_tcp.scan_devices","agent_id":"edgex-node-001","category":"device","source":"native-ean","v1_purged":0}
{"level":"info","ts":1785240271.661618,"logger":"discovery","caller":"ean/discovery.go:555","msg":"capability registered/updated","cap_id":"bacnet_ip.list_points","agent_id":"edgex-node-001","category":"device","source":"native-ean","v1_purged":0}
{"level":"info","ts":1785240271.661618,"logger":"discovery","caller":"ean/discovery.go:555","msg":"capability registered/updated","cap_id":"iec60870_5_104.read_holding_register","agent_id":"edgex-node-001","category":"device","source":"native-ean","v1_purged":0}
{"level":"info","ts":1785240271.661618,"logger":"discovery","caller":"ean/discovery.go:555","msg":"capability registered/updated","cap_id":"iec60870_5_104.scan_devices","agent_id":"edgex-node-001","category":"device","source":"native-ean","v1_purged":0}
{"level":"info","ts":1785240271.661618,"logger":"discovery","caller":"ean/discovery.go:555","msg":"capability registered/updated","cap_id":"ethercat.scan_devices","agent_id":"edgex-node-001","category":"device","source":"native-ean","v1_purged":0}
{"level":"info","ts":1785240271.661618,"logger":"discovery","caller":"ean/discovery.go:555","msg":"capability registered/updated","cap_id":"dlt645.scan_devices","agent_id":"edgex-node-001","category":"device","source":"native-ean","v1_purged":0}
{"level":"info","ts":1785240271.661618,"logger":"discovery","caller":"ean/discovery.go:555","msg":"capability registered/updated","cap_id":"modbus_rtu.read_holding_register","agent_id":"edgex-node-001","category":"device","source":"native-ean","v1_purged":0}
{"level":"info","ts":1785240271.661618,"logger":"discovery","caller":"ean/discovery.go:555","msg":"capability registered/updated","cap_id":"modbus_rtu_over_tcp.list_points","agent_id":"edgex-node-001","category":"device","source":"native-ean","v1_purged":0}
{"level":"info","ts":1785240271.661618,"logger":"discovery","caller":"ean/discovery.go:555","msg":"capability registered/updated","cap_id":"opc_ua.scan_devices","agent_id":"edgex-node-001","category":"device","source":"native-ean","v1_purged":0}
{"level":"info","ts":1785240271.661618,"logger":"discovery","caller":"ean/discovery.go:555","msg":"capability registered/updated","cap_id":"opc_ua.list_points","agent_id":"edgex-node-001","category":"device","source":"native-ean","v1_purged":0}
{"level":"info","ts":1785240271.661618,"logger":"discovery","caller":"ean/discovery.go:555","msg":"capability registered/updated","cap_id":"s7.read_holding_register","agent_id":"edgex-node-001","category":"device","source":"native-ean","v1_purged":0}
{"level":"info","ts":1785240271.661618,"logger":"discovery","caller":"ean/discovery.go:555","msg":"capability registered/updated","cap_id":"omron_fins.list_points","agent_id":"edgex-node-001","category":"device","source":"native-ean","v1_purged":0}
{"level":"info","ts":1785240271.661618,"logger":"discovery","caller":"ean/discovery.go:555","msg":"capability registered/updated","cap_id":"dlt645.read_holding_register","agent_id":"edgex-node-001","category":"device","source":"native-ean","v1_purged":0}
{"level":"info","ts":1785240271.661618,"logger":"discovery","caller":"ean/discovery.go:555","msg":"capability registered/updated","cap_id":"profinet_io.list_points","agent_id":"edgex-node-001","category":"device","source":"native-ean","v1_purged":0}
{"level":"info","ts":1785240271.661618,"logger":"discovery","caller":"ean/discovery.go:555","msg":"capability registered/updated","cap_id":"ethercat.read_holding_register","agent_id":"edgex-node-001","category":"device","source":"native-ean","v1_purged":0}
{"level":"info","ts":1785240271.661618,"logger":"discovery","caller":"ean/discovery.go:555","msg":"capability registered/updated","cap_id":"modbus_tcp.list_points","agent_id":"edgex-node-001","category":"device","source":"native-ean","v1_purged":0}
{"level":"info","ts":1785240271.661618,"logger":"discovery","caller":"ean/discovery.go:555","msg":"capability registered/updated","cap_id":"ethernet_ip.scan_devices","agent_id":"edgex-node-001","category":"device","source":"native-ean","v1_purged":0}
{"level":"info","ts":1785240271.6621678,"logger":"discovery","caller":"ean/discovery.go:555","msg":"capability registered/updated","cap_id":"omron_fins.write_register","agent_id":"edgex-node-001","category":"device","source":"native-ean","v1_purged":0}
{"level":"info","ts":1785240271.6621678,"logger":"discovery","caller":"ean/discovery.go:555","msg":"capability registered/updated","cap_id":"modbus_rtu_over_tcp.read_holding_register","agent_id":"edgex-node-001","category":"device","source":"native-ean","v1_purged":0}
{"level":"info","ts":1785240271.6622267,"logger":"discovery","caller":"ean/discovery.go:555","msg":"capability registered/updated","cap_id":"knxnet_ip.list_points","agent_id":"edgex-node-001","category":"device","source":"native-ean","v1_purged":0}
{"level":"info","ts":1785240271.6622267,"logger":"discovery","caller":"ean/discovery.go:555","msg":"capability registered/updated","cap_id":"modbus_tcp.write_register","agent_id":"edgex-node-001","category":"device","source":"native-ean","v1_purged":0}
{"level":"info","ts":1785240271.6622267,"logger":"discovery","caller":"ean/discovery.go:555","msg":"capability registered/updated","cap_id":"omron_fins.read_holding_register","agent_id":"edgex-node-001","category":"device","source":"native-ean","v1_purged":0}
{"level":"info","ts":1785240271.6622267,"logger":"discovery","caller":"ean/discovery.go:555","msg":"capability registered/updated","cap_id":"dlt645.write_register","agent_id":"edgex-node-001","category":"device","source":"native-ean","v1_purged":0}
{"level":"info","ts":1785240271.6622267,"logger":"discovery","caller":"ean/discovery.go:555","msg":"capability registered/updated","cap_id":"mitsubishi_slmp.read_holding_register","agent_id":"edgex-node-001","category":"device","source":"native-ean","v1_purged":0}
{"level":"info","ts":1785240271.6622267,"logger":"discovery","caller":"ean/discovery.go:555","msg":"capability registered/updated","cap_id":"iec60870_5_104.write_register","agent_id":"edgex-node-001","category":"device","source":"native-ean","v1_purged":0}
{"level":"info","ts":1785240271.6622267,"logger":"discovery","caller":"ean/discovery.go:555","msg":"capability registered/updated","cap_id":"ethercat.write_register","agent_id":"edgex-node-001","category":"device","source":"native-ean","v1_purged":0}
{"level":"info","ts":1785240271.6622267,"logger":"discovery","caller":"ean/discovery.go:555","msg":"capability registered/updated","cap_id":"modbus_rtu_over_tcp.scan_devices","agent_id":"edgex-node-001","category":"device","source":"native-ean","v1_purged":0}
{"level":"info","ts":1785240271.6622267,"logger":"discovery","caller":"ean/discovery.go:555","msg":"capability registered/updated","cap_id":"s7.list_points","agent_id":"edgex-node-001","category":"device","source":"native-ean","v1_purged":0}
{"level":"info","ts":1785240271.6622267,"logger":"discovery","caller":"ean/discovery.go:555","msg":"capability registered/updated","cap_id":"mitsubishi_slmp.write_register","agent_id":"edgex-node-001","category":"device","source":"native-ean","v1_purged":0}
{"level":"info","ts":1785240271.6622267,"logger":"discovery","caller":"ean/discovery.go:555","msg":"capability registered/updated","cap_id":"profinet_io.write_register","agent_id":"edgex-node-001","category":"device","source":"native-ean","v1_purged":0}
{"level":"info","ts":1785240271.6622267,"logger":"discovery","caller":"ean/discovery.go:555","msg":"capability registered/updated","cap_id":"mitsubishi_slmp.scan_devices","agent_id":"edgex-node-001","category":"device","source":"native-ean","v1_purged":0}
{"level":"info","ts":1785240271.6622267,"logger":"discovery","caller":"ean/discovery.go:555","msg":"capability registered/updated","cap_id":"bacnet_ip.write_register","agent_id":"edgex-node-001","category":"device","source":"native-ean","v1_purged":0}
{"level":"info","ts":1785240271.6622267,"logger":"discovery","caller":"ean/discovery.go:555","msg":"capability registered/updated","cap_id":"s7.write_register","agent_id":"edgex-node-001","category":"device","source":"native-ean","v1_purged":0}
{"level":"info","ts":1785240271.6622267,"logger":"discovery","caller":"ean/discovery.go:555","msg":"capability registered/updated","cap_id":"s7.scan_devices","agent_id":"edgex-node-001","category":"device","source":"native-ean","v1_purged":0}
{"level":"info","ts":1785240271.6622267,"logger":"discovery","caller":"ean/discovery.go:555","msg":"capability registered/updated","cap_id":"opc_ua.write_register","agent_id":"edgex-node-001","category":"device","source":"native-ean","v1_purged":0}
{"level":"info","ts":1785240271.6622267,"logger":"discovery","caller":"ean/discovery.go:555","msg":"capability registered/updated","cap_id":"knxnet_ip.read_holding_register","agent_id":"edgex-node-001","category":"device","source":"native-ean","v1_purged":0}
{"level":"info","ts":1785240271.6622267,"logger":"discovery","caller":"ean/discovery.go:555","msg":"capability registered/updated","cap_id":"ethernet_ip.list_points","agent_id":"edgex-node-001","category":"device","source":"native-ean","v1_purged":0}
{"level":"info","ts":1785240271.6622267,"logger":"discovery","caller":"ean/discovery.go:555","msg":"capability registered/updated","cap_id":"modbus_rtu.scan_devices","agent_id":"edgex-node-001","category":"device","source":"native-ean","v1_purged":0}
{"level":"info","ts":1785240271.6622267,"logger":"discovery","caller":"ean/discovery.go:555","msg":"capability registered/updated","cap_id":"ethernet_ip.read_holding_register","agent_id":"edgex-node-001","category":"device","source":"native-ean","v1_purged":0}
{"level":"info","ts":1785240271.6622267,"logger":"discovery","caller":"ean/discovery.go:555","msg":"capability registered/updated","cap_id":"ethernet_ip.write_register","agent_id":"edgex-node-001","category":"device","source":"native-ean","v1_purged":0}
{"level":"info","ts":1785240271.6622267,"logger":"discovery","caller":"ean/discovery.go:555","msg":"capability registered/updated","cap_id":"knxnet_ip.write_register","agent_id":"edgex-node-001","category":"device","source":"native-ean","v1_purged":0}
{"level":"info","ts":1785240271.6622267,"logger":"discovery","caller":"ean/discovery.go:555","msg":"capability registered/updated","cap_id":"snmp.write_register","agent_id":"edgex-node-001","category":"device","source":"native-ean","v1_purged":0}
{"level":"info","ts":1785240271.6622267,"logger":"discovery","caller":"ean/discovery.go:555","msg":"capability registered/updated","cap_id":"snmp.list_points","agent_id":"edgex-node-001","category":"device","source":"native-ean","v1_purged":0}
{"level":"info","ts":1785240271.6622267,"logger":"discovery","caller":"ean/discovery.go:555","msg":"capability registered/updated","cap_id":"modbus_rtu_over_tcp.write_register","agent_id":"edgex-node-001","category":"device","source":"native-ean","v1_purged":0}
{"level":"info","ts":1785240271.6622267,"logger":"discovery","caller":"ean/discovery.go:555","msg":"capability registered/updated","cap_id":"iec60870_5_104.list_points","agent_id":"edgex-node-001","category":"device","source":"native-ean","v1_purged":0}
{"level":"info","ts":1785240271.6622267,"logger":"discovery","caller":"ean/discovery.go:555","msg":"capability registered/updated","cap_id":"mitsubishi_slmp.list_points","agent_id":"edgex-node-001","category":"device","source":"native-ean","v1_purged":0}
{"level":"info","ts":1785240271.6622267,"logger":"discovery","caller":"ean/discovery.go:555","msg":"capability registered/updated","cap_id":"ai.doc_parse","agent_id":"edgex-node-001","category":"ai","source":"native-ean","v1_purged":0}
{"level":"info","ts":1785240271.6622267,"logger":"discovery","caller":"ean/discovery.go:555","msg":"capability registered/updated","cap_id":"knxnet_ip.scan_devices","agent_id":"edgex-node-001","category":"device","source":"native-ean","v1_purged":0}
{"level":"info","ts":1785240271.6622267,"logger":"discovery","caller":"ean/discovery.go:555","msg":"capability registered/updated","cap_id":"dlt645.list_points","agent_id":"edgex-node-001","category":"device","source":"native-ean","v1_purged":0}
{"level":"info","ts":1785240271.6622267,"logger":"discovery","caller":"ean/discovery.go:555","msg":"capability registered/updated","cap_id":"profinet_io.scan_devices","agent_id":"edgex-node-001","category":"device","source":"native-ean","v1_purged":0}
{"level":"info","ts":1785240271.6622267,"logger":"discovery","caller":"ean/discovery.go:555","msg":"capability registered/updated","cap_id":"modbus_tcp.read_holding_register","agent_id":"edgex-node-001","category":"device","source":"native-ean","v1_purged":0}
{"level":"info","ts":1785240271.6622267,"logger":"discovery","caller":"ean/discovery.go:555","msg":"capability registered/updated","cap_id":"ethercat.list_points","agent_id":"edgex-node-001","category":"device","source":"native-ean","v1_purged":0}
{"level":"info","ts":1785240271.6622267,"logger":"discovery","caller":"ean/discovery.go:555","msg":"capability registered/updated","cap_id":"ai.protocol_reverse","agent_id":"edgex-node-001","category":"ai","source":"native-ean","v1_purged":0}
{"level":"info","ts":1785240271.6622267,"logger":"discovery","caller":"ean/discovery.go:555","msg":"capability registered/updated","cap_id":"modbus_rtu.write_register","agent_id":"edgex-node-001","category":"device","source":"native-ean","v1_purged":0}
{"level":"info","ts":1785240271.6622267,"logger":"discovery","caller":"ean/discovery.go:555","msg":"capability registered/updated","cap_id":"modbus_rtu.list_points","agent_id":"edgex-node-001","category":"device","source":"native-ean","v1_purged":0}
{"level":"info","ts":1785240271.6622267,"logger":"discovery","caller":"ean/discovery.go:555","msg":"capability registered/updated","cap_id":"bacnet_ip.scan_devices","agent_id":"edgex-node-001","category":"device","source":"native-ean","v1_purged":0}
{"level":"info","ts":1785240271.6622267,"logger":"discovery","caller":"ean/discovery.go:555","msg":"capability registered/updated","cap_id":"opc_ua.read_holding_register","agent_id":"edgex-node-001","category":"device","source":"native-ean","v1_purged":0}
{"level":"warn","ts":1785240273.6798487,"logger":"heartbeat","caller":"ean/heartbeat.go:151","msg":"heartbeat sequence regression detected","agent_id":"edgex-node-001","old_seq":54,"new_seq":0}
{"level":"info","ts":1785240273.844738,"caller":"messaging/manager.go:636","msg":"Node registered","node_id":"edgex-node-001","node_name":"EdgeX Gateway Node"}
{"level":"info","ts":1785240273.8939986,"caller":"messaging/manager.go:1088","msg":"HandlePointReport: points synced","node_id":"edgex-node-001","device_id":"bacnet-2228316","count":11}
{"level":"info","ts":1785240273.9160328,"caller":"messaging/manager.go:1088","msg":"HandlePointReport: points synced","node_id":"edgex-node-001","device_id":"bacnet-2228318","count":11}
{"level":"info","ts":1785240273.9358218,"caller":"messaging/manager.go:1088","msg":"HandlePointReport: points synced","node_id":"edgex-node-001","device_id":"bacnet-2228317","count":11}
{"level":"info","ts":1785240273.9670906,"caller":"messaging/manager.go:1088","msg":"HandlePointReport: points synced","node_id":"edgex-node-001","device_id":"dev_0723120134","count":20}
{"level":"info","ts":1785240274.0073786,"caller":"messaging/manager.go:1088","msg":"HandlePointReport: points synced","node_id":"edgex-node-001","device_id":"dev_0723120134","count":20}
20:04:33 | 204 |            0s | 127.0.0.1 | OPTIONS | /api/nodes | -
20:04:33 | 204 |            0s | 127.0.0.1 | OPTIONS | /api/nodes/edgex-node-001/devices | -
20:04:33 | 204 |            0s | 127.0.0.1 | OPTIONS | /api/nodes | -
20:04:33 | 204 |            0s | 127.0.0.1 | OPTIONS | /api/nodes/edgex-node-001/devices | -
20:04:33 | 204 |            0s | 127.0.0.1 | OPTIONS | /api/nodes/edgex-node-001/devices | -
20:04:33 | 204 |            0s | 127.0.0.1 | OPTIONS | /api/nodes/edgex-node-001/devices | -
20:04:33 | 204 |            0s | 127.0.0.1 | OPTIONS | /api/nodes/edgex-node-001/devices/bacnet-2228316/points | -
20:04:33 | 204 |            0s | 127.0.0.1 | OPTIONS | /api/nodes/edgex-node-001/devices/bacnet-2228316/points | -
20:04:33 | 204 |         509µs | 127.0.0.1 | OPTIONS | /api/nodes/edgex-node-001/devices/bacnet-2228318/points | -
20:04:33 | 204 |            0s | 127.0.0.1 | OPTIONS | /api/nodes/edgex-node-001/devices/bacnet-2228316/points | -
20:04:33 | 204 |         509µs | 127.0.0.1 | OPTIONS | /api/nodes/edgex-node-001/devices/bacnet-2228317/points | -
20:04:33 | 204 |            0s | 127.0.0.1 | OPTIONS | /api/nodes/edgex-node-001/devices/bacnet-2228318/points | -
20:04:33 | 204 |            0s | 127.0.0.1 | OPTIONS | /api/nodes/edgex-node-001/devices/bacnet-2228316/points | -
20:04:33 | 204 |            0s | 127.0.0.1 | OPTIONS | /api/nodes/edgex-node-001/devices/dev_0723120134/points | -
20:04:33 | 204 |            0s | 127.0.0.1 | OPTIONS | /api/nodes/edgex-node-001/devices | -
20:04:33 | 204 |            0s | 127.0.0.1 | OPTIONS | /api/nodes/edgex-node-001/devices/bacnet-2228318/points | -
20:04:33 | 204 |            0s | 127.0.0.1 | OPTIONS | /api/nodes/edgex-node-001/devices/dev_0723120134/points | -
20:04:33 | 200 |       585.2µs | 127.0.0.1 | GET | /api/nodes | -
20:04:33 | 204 |            0s | 127.0.0.1 | OPTIONS | /api/nodes/edgex-node-001/devices/bacnet-2228318/points | -
20:04:33 | 204 |            0s | 127.0.0.1 | OPTIONS | /api/nodes/edgex-node-001/devices/bacnet-2228317/points | -
20:04:33 | 204 |            0s | 127.0.0.1 | OPTIONS | /api/nodes/edgex-node-001/devices/bacnet-2228317/points | -
20:04:33 | 200 |      1.1226ms | 127.0.0.1 | GET | /api/nodes/edgex-node-001/devices | -
20:04:33 | 204 |            0s | 127.0.0.1 | OPTIONS | /api/nodes/edgex-node-001/devices/bacnet-2228317/points | -
20:04:33 | 200 |      1.9235ms | 127.0.0.1 | GET | /api/nodes/edgex-node-001/devices/bacnet-2228316/points | -
20:04:33 | 204 |            0s | 127.0.0.1 | OPTIONS | /api/nodes/edgex-node-001/devices/dev_0723120134/points | -
20:04:33 | 204 |            0s | 127.0.0.1 | OPTIONS | /api/nodes/edgex-node-001/devices/dev_0723120134/points | -
20:04:33 | 204 |            0s | 127.0.0.1 | OPTIONS | /api/nodes/edgex-node-001/devices/dev_0723120134/points | -
20:04:33 | 204 |            0s | 127.0.0.1 | OPTIONS | /api/nodes/edgex-node-001/devices | -
20:04:33 | 204 |            0s | 127.0.0.1 | OPTIONS | /api/nodes/edgex-node-001/devices | -
20:04:33 | 200 |      1.0658ms | 127.0.0.1 | GET | /api/nodes/edgex-node-001/devices/bacnet-2228318/points | -
20:04:33 | 200 |      1.0658ms | 127.0.0.1 | GET | /api/nodes/edgex-node-001/devices/bacnet-2228317/points | -
20:04:33 | 200 |       572.6µs | 127.0.0.1 | GET | /api/nodes/edgex-node-001/devices/dev_0723120134/points | -
20:04:33 | 204 |            0s | 127.0.0.1 | OPTIONS | /api/nodes/edgex-node-001/devices | -
20:04:33 | 200 |      1.0586ms | 127.0.0.1 | GET | /api/nodes/edgex-node-001/devices | -
20:04:33 | 200 |       529.5µs | 127.0.0.1 | GET | /api/nodes/edgex-node-001/devices/dev_0723120134/points | -
20:04:33 | 204 |            0s | 127.0.0.1 | OPTIONS | /api/nodes/edgex-node-001/devices/dev_0723120134/points | -
20:04:33 | 204 |            0s | 127.0.0.1 | OPTIONS | /api/nodes/edgex-node-001/devices/dev_0723120134/points | -
20:04:33 | 204 |            0s | 127.0.0.1 | OPTIONS | /api/nodes/edgex-node-001/devices/dev_0723120134/points | -
20:04:33 | 200 |       1.014ms | 127.0.0.1 | GET | /api/nodes | -
20:04:33 | 200 |       753.2µs | 127.0.0.1 | GET | /api/nodes/edgex-node-001/devices | -
20:04:33 | 200 |       664.8µs | 127.0.0.1 | GET | /api/nodes/edgex-node-001/devices/bacnet-2228316/points | -
20:04:33 | 200 |      1.0073ms | 127.0.0.1 | GET | /api/nodes/edgex-node-001/devices/bacnet-2228318/points | -
20:04:33 | 200 |       514.9µs | 127.0.0.1 | GET | /api/nodes/edgex-node-001/devices/bacnet-2228317/points | -
20:04:33 | 200 |       829.3µs | 127.0.0.1 | GET | /api/nodes/edgex-node-001/devices/dev_0723120134/points | -
20:04:33 | 200 |         628µs | 127.0.0.1 | GET | /api/nodes/edgex-node-001/devices | -
20:04:33 | 200 |       628.4µs | 127.0.0.1 | GET | /api/nodes/edgex-node-001/devices/bacnet-2228316/points | -
20:04:33 | 200 |       591.2µs | 127.0.0.1 | GET | /api/nodes/edgex-node-001/devices/bacnet-2228318/points | -
20:04:33 | 200 |       646.2µs | 127.0.0.1 | GET | /api/nodes/edgex-node-001/devices/bacnet-2228317/points | -
20:04:33 | 200 |      2.0253ms | 127.0.0.1 | GET | /api/nodes/edgex-node-001/devices/dev_0723120134/points | -
20:04:33 | 200 |      1.0871ms | 127.0.0.1 | GET | /api/nodes/edgex-node-001/devices/bacnet-2228316/points | -
20:04:33 | 200 |      1.8764ms | 127.0.0.1 | GET | /api/nodes/edgex-node-001/devices | -
20:04:33 | 200 |       563.3µs | 127.0.0.1 | GET | /api/nodes/edgex-node-001/devices/bacnet-2228318/points | -
20:04:33 | 200 |       563.3µs | 127.0.0.1 | GET | /api/nodes/edgex-node-001/devices/bacnet-2228317/points | -
20:04:33 | 200 |       608.1µs | 127.0.0.1 | GET | /api/nodes/edgex-node-001/devices/dev_0723120134/points | -
20:04:33 | 200 |       536.2µs | 127.0.0.1 | GET | /api/nodes/edgex-node-001/devices | -
20:04:33 | 200 |       1.121ms | 127.0.0.1 | GET | /api/nodes/edgex-node-001/devices/dev_0723120134/points | -
20:04:33 | 200 |      1.0496ms | 127.0.0.1 | GET | /api/nodes/edgex-node-001/devices | -
20:04:33 | 200 |       685.6µs | 127.0.0.1 | GET | /api/nodes/edgex-node-001/devices/dev_0723120134/points | -
20:04:33 | 200 |            0s | 127.0.0.1 | GET | /api/nodes/edgex-node-001/devices/dev_0723120134/points | -
20:04:33 | 200 |      1.0094ms | 127.0.0.1 | GET | /api/nodes/edgex-node-001/devices | -
{"level":"info","ts":1785240331.6815953,"logger":"discovery","caller":"ean/discovery.go:555","msg":"capability registered/updated","cap_id":"modbus_rtu_over_tcp.scan_devices","agent_id":"edgex-node-001","category":"device","source":"native-ean","v1_purged":0}
{"level":"info","ts":1785240331.6815953,"logger":"discovery","caller":"ean/discovery.go:555","msg":"capability registered/updated","cap_id":"s7.list_points","agent_id":"edgex-node-001","category":"device","source":"native-ean","v1_purged":0}
{"level":"info","ts":1785240331.6815953,"logger":"discovery","caller":"ean/discovery.go:555","msg":"capability registered/updated","cap_id":"mitsubishi_slmp.write_register","agent_id":"edgex-node-001","category":"device","source":"native-ean","v1_purged":0}
{"level":"info","ts":1785240331.6815953,"logger":"discovery","caller":"ean/discovery.go:555","msg":"capability registered/updated","cap_id":"profinet_io.write_register","agent_id":"edgex-node-001","category":"device","source":"native-ean","v1_purged":0}
{"level":"info","ts":1785240331.6815953,"logger":"discovery","caller":"ean/discovery.go:555","msg":"capability registered/updated","cap_id":"mitsubishi_slmp.scan_devices","agent_id":"edgex-node-001","category":"device","source":"native-ean","v1_purged":0}
{"level":"info","ts":1785240331.6815953,"logger":"discovery","caller":"ean/discovery.go:555","msg":"capability registered/updated","cap_id":"bacnet_ip.write_register","agent_id":"edgex-node-001","category":"device","source":"native-ean","v1_purged":0}
{"level":"info","ts":1785240331.6815953,"logger":"discovery","caller":"ean/discovery.go:555","msg":"capability registered/updated","cap_id":"s7.write_register","agent_id":"edgex-node-001","category":"device","source":"native-ean","v1_purged":0}
{"level":"info","ts":1785240331.6815953,"logger":"discovery","caller":"ean/discovery.go:555","msg":"capability registered/updated","cap_id":"s7.scan_devices","agent_id":"edgex-node-001","category":"device","source":"native-ean","v1_purged":0}
{"level":"info","ts":1785240331.6815953,"logger":"discovery","caller":"ean/discovery.go:555","msg":"capability registered/updated","cap_id":"opc_ua.write_register","agent_id":"edgex-node-001","category":"device","source":"native-ean","v1_purged":0}
{"level":"info","ts":1785240331.6815953,"logger":"discovery","caller":"ean/discovery.go:555","msg":"capability registered/updated","cap_id":"knxnet_ip.read_holding_register","agent_id":"edgex-node-001","category":"device","source":"native-ean","v1_purged":0}
{"level":"info","ts":1785240331.6815953,"logger":"discovery","caller":"ean/discovery.go:555","msg":"capability registered/updated","cap_id":"ethernet_ip.list_points","agent_id":"edgex-node-001","category":"device","source":"native-ean","v1_purged":0}
{"level":"info","ts":1785240331.6815953,"logger":"discovery","caller":"ean/discovery.go:555","msg":"capability registered/updated","cap_id":"modbus_rtu.scan_devices","agent_id":"edgex-node-001","category":"device","source":"native-ean","v1_purged":0}
{"level":"info","ts":1785240331.6815953,"logger":"discovery","caller":"ean/discovery.go:555","msg":"capability registered/updated","cap_id":"ethernet_ip.read_holding_register","agent_id":"edgex-node-001","category":"device","source":"native-ean","v1_purged":0}
{"level":"info","ts":1785240331.6815953,"logger":"discovery","caller":"ean/discovery.go:555","msg":"capability registered/updated","cap_id":"ethernet_ip.write_register","agent_id":"edgex-node-001","category":"device","source":"native-ean","v1_purged":0}
{"level":"info","ts":1785240331.6815953,"logger":"discovery","caller":"ean/discovery.go:555","msg":"capability registered/updated","cap_id":"knxnet_ip.write_register","agent_id":"edgex-node-001","category":"device","source":"native-ean","v1_purged":0}
{"level":"info","ts":1785240331.6815953,"logger":"discovery","caller":"ean/discovery.go:555","msg":"capability registered/updated","cap_id":"snmp.write_register","agent_id":"edgex-node-001","category":"device","source":"native-ean","v1_purged":0}
{"level":"info","ts":1785240331.6815953,"logger":"discovery","caller":"ean/discovery.go:555","msg":"capability registered/updated","cap_id":"snmp.list_points","agent_id":"edgex-node-001","category":"device","source":"native-ean","v1_purged":0}
{"level":"info","ts":1785240331.6821218,"logger":"discovery","caller":"ean/discovery.go:555","msg":"capability registered/updated","cap_id":"modbus_rtu_over_tcp.write_register","agent_id":"edgex-node-001","category":"device","source":"native-ean","v1_purged":0}
{"level":"info","ts":1785240331.6821218,"logger":"discovery","caller":"ean/discovery.go:555","msg":"capability registered/updated","cap_id":"iec60870_5_104.list_points","agent_id":"edgex-node-001","category":"device","source":"native-ean","v1_purged":0}
{"level":"info","ts":1785240331.6821218,"logger":"discovery","caller":"ean/discovery.go:555","msg":"capability registered/updated","cap_id":"mitsubishi_slmp.list_points","agent_id":"edgex-node-001","category":"device","source":"native-ean","v1_purged":0}
{"level":"info","ts":1785240331.6821218,"logger":"discovery","caller":"ean/discovery.go:555","msg":"capability registered/updated","cap_id":"ai.doc_parse","agent_id":"edgex-node-001","category":"ai","source":"native-ean","v1_purged":0}
{"level":"info","ts":1785240331.6821218,"logger":"discovery","caller":"ean/discovery.go:555","msg":"capability registered/updated","cap_id":"knxnet_ip.scan_devices","agent_id":"edgex-node-001","category":"device","source":"native-ean","v1_purged":0}
{"level":"info","ts":1785240331.6821218,"logger":"discovery","caller":"ean/discovery.go:555","msg":"capability registered/updated","cap_id":"dlt645.list_points","agent_id":"edgex-node-001","category":"device","source":"native-ean","v1_purged":0}
{"level":"info","ts":1785240331.6821218,"logger":"discovery","caller":"ean/discovery.go:555","msg":"capability registered/updated","cap_id":"profinet_io.scan_devices","agent_id":"edgex-node-001","category":"device","source":"native-ean","v1_purged":0}
{"level":"info","ts":1785240331.6821218,"logger":"discovery","caller":"ean/discovery.go:555","msg":"capability registered/updated","cap_id":"modbus_tcp.read_holding_register","agent_id":"edgex-node-001","category":"device","source":"native-ean","v1_purged":0}
{"level":"info","ts":1785240331.6821218,"logger":"discovery","caller":"ean/discovery.go:555","msg":"capability registered/updated","cap_id":"ethercat.list_points","agent_id":"edgex-node-001","category":"device","source":"native-ean","v1_purged":0}
{"level":"info","ts":1785240331.6821218,"logger":"discovery","caller":"ean/discovery.go:555","msg":"capability registered/updated","cap_id":"ai.protocol_reverse","agent_id":"edgex-node-001","category":"ai","source":"native-ean","v1_purged":0}
{"level":"info","ts":1785240331.6821218,"logger":"discovery","caller":"ean/discovery.go:555","msg":"capability registered/updated","cap_id":"modbus_rtu.write_register","agent_id":"edgex-node-001","category":"device","source":"native-ean","v1_purged":0}
{"level":"info","ts":1785240331.6821218,"logger":"discovery","caller":"ean/discovery.go:555","msg":"capability registered/updated","cap_id":"modbus_rtu.list_points","agent_id":"edgex-node-001","category":"device","source":"native-ean","v1_purged":0}
{"level":"info","ts":1785240331.6821218,"logger":"discovery","caller":"ean/discovery.go:555","msg":"capability registered/updated","cap_id":"bacnet_ip.scan_devices","agent_id":"edgex-node-001","category":"device","source":"native-ean","v1_purged":0}
{"level":"info","ts":1785240331.6821218,"logger":"discovery","caller":"ean/discovery.go:555","msg":"capability registered/updated","cap_id":"opc_ua.read_holding_register","agent_id":"edgex-node-001","category":"device","source":"native-ean","v1_purged":0}
{"level":"info","ts":1785240331.6821218,"logger":"discovery","caller":"ean/discovery.go:555","msg":"capability registered/updated","cap_id":"snmp.read_holding_register","agent_id":"edgex-node-001","category":"device","source":"native-ean","v1_purged":0}
{"level":"info","ts":1785240331.6821218,"logger":"discovery","caller":"ean/discovery.go:555","msg":"capability registered/updated","cap_id":"profinet_io.read_holding_register","agent_id":"edgex-node-001","category":"device","source":"native-ean","v1_purged":0}
{"level":"info","ts":1785240331.6821218,"logger":"discovery","caller":"ean/discovery.go:555","msg":"capability registered/updated","cap_id":"bacnet_ip.read_holding_register","agent_id":"edgex-node-001","category":"device","source":"native-ean","v1_purged":0}
{"level":"info","ts":1785240331.6821218,"logger":"discovery","caller":"ean/discovery.go:555","msg":"capability registered/updated","cap_id":"omron_fins.scan_devices","agent_id":"edgex-node-001","category":"device","source":"native-ean","v1_purged":0}
{"level":"info","ts":1785240331.6821218,"logger":"discovery","caller":"ean/discovery.go:555","msg":"capability registered/updated","cap_id":"snmp.scan_devices","agent_id":"edgex-node-001","category":"device","source":"native-ean","v1_purged":0}
{"level":"info","ts":1785240331.6821218,"logger":"discovery","caller":"ean/discovery.go:555","msg":"capability registered/updated","cap_id":"system.diagnostics","agent_id":"edgex-node-001","category":"system","source":"native-ean","v1_purged":0}
{"level":"info","ts":1785240331.6821218,"logger":"discovery","caller":"ean/discovery.go:555","msg":"capability registered/updated","cap_id":"modbus_tcp.scan_devices","agent_id":"edgex-node-001","category":"device","source":"native-ean","v1_purged":0}
{"level":"info","ts":1785240331.6821218,"logger":"discovery","caller":"ean/discovery.go:555","msg":"capability registered/updated","cap_id":"bacnet_ip.list_points","agent_id":"edgex-node-001","category":"device","source":"native-ean","v1_purged":0}
{"level":"info","ts":1785240331.6821218,"logger":"discovery","caller":"ean/discovery.go:555","msg":"capability registered/updated","cap_id":"iec60870_5_104.read_holding_register","agent_id":"edgex-node-001","category":"device","source":"native-ean","v1_purged":0}
{"level":"info","ts":1785240331.6821218,"logger":"discovery","caller":"ean/discovery.go:555","msg":"capability registered/updated","cap_id":"iec60870_5_104.scan_devices","agent_id":"edgex-node-001","category":"device","source":"native-ean","v1_purged":0}
{"level":"info","ts":1785240331.6821218,"logger":"discovery","caller":"ean/discovery.go:555","msg":"capability registered/updated","cap_id":"ethercat.scan_devices","agent_id":"edgex-node-001","category":"device","source":"native-ean","v1_purged":0}
{"level":"info","ts":1785240331.6821218,"logger":"discovery","caller":"ean/discovery.go:555","msg":"capability registered/updated","cap_id":"dlt645.scan_devices","agent_id":"edgex-node-001","category":"device","source":"native-ean","v1_purged":0}
{"level":"info","ts":1785240331.6821218,"logger":"discovery","caller":"ean/discovery.go:555","msg":"capability registered/updated","cap_id":"modbus_rtu.read_holding_register","agent_id":"edgex-node-001","category":"device","source":"native-ean","v1_purged":0}
{"level":"info","ts":1785240331.6821218,"logger":"discovery","caller":"ean/discovery.go:555","msg":"capability registered/updated","cap_id":"modbus_rtu_over_tcp.list_points","agent_id":"edgex-node-001","category":"device","source":"native-ean","v1_purged":0}
{"level":"info","ts":1785240331.6821218,"logger":"discovery","caller":"ean/discovery.go:555","msg":"capability registered/updated","cap_id":"opc_ua.scan_devices","agent_id":"edgex-node-001","category":"device","source":"native-ean","v1_purged":0}
{"level":"info","ts":1785240331.6821218,"logger":"discovery","caller":"ean/discovery.go:555","msg":"capability registered/updated","cap_id":"opc_ua.list_points","agent_id":"edgex-node-001","category":"device","source":"native-ean","v1_purged":0}
{"level":"info","ts":1785240331.6821218,"logger":"discovery","caller":"ean/discovery.go:555","msg":"capability registered/updated","cap_id":"s7.read_holding_register","agent_id":"edgex-node-001","category":"device","source":"native-ean","v1_purged":0}
{"level":"info","ts":1785240331.6821218,"logger":"discovery","caller":"ean/discovery.go:555","msg":"capability registered/updated","cap_id":"omron_fins.list_points","agent_id":"edgex-node-001","category":"device","source":"native-ean","v1_purged":0}
{"level":"info","ts":1785240331.6821218,"logger":"discovery","caller":"ean/discovery.go:555","msg":"capability registered/updated","cap_id":"dlt645.read_holding_register","agent_id":"edgex-node-001","category":"device","source":"native-ean","v1_purged":0}
{"level":"info","ts":1785240331.6821218,"logger":"discovery","caller":"ean/discovery.go:555","msg":"capability registered/updated","cap_id":"profinet_io.list_points","agent_id":"edgex-node-001","category":"device","source":"native-ean","v1_purged":0}
{"level":"info","ts":1785240331.6821218,"logger":"discovery","caller":"ean/discovery.go:555","msg":"capability registered/updated","cap_id":"ethercat.read_holding_register","agent_id":"edgex-node-001","category":"device","source":"native-ean","v1_purged":0}
{"level":"info","ts":1785240331.6821218,"logger":"discovery","caller":"ean/discovery.go:555","msg":"capability registered/updated","cap_id":"modbus_tcp.list_points","agent_id":"edgex-node-001","category":"device","source":"native-ean","v1_purged":0}
{"level":"info","ts":1785240331.6826496,"logger":"discovery","caller":"ean/discovery.go:555","msg":"capability registered/updated","cap_id":"ethernet_ip.scan_devices","agent_id":"edgex-node-001","category":"device","source":"native-ean","v1_purged":0}
{"level":"info","ts":1785240331.6826496,"logger":"discovery","caller":"ean/discovery.go:555","msg":"capability registered/updated","cap_id":"omron_fins.write_register","agent_id":"edgex-node-001","category":"device","source":"native-ean","v1_purged":0}
{"level":"info","ts":1785240331.6826496,"logger":"discovery","caller":"ean/discovery.go:555","msg":"capability registered/updated","cap_id":"modbus_rtu_over_tcp.read_holding_register","agent_id":"edgex-node-001","category":"device","source":"native-ean","v1_purged":0}
{"level":"info","ts":1785240331.6826496,"logger":"discovery","caller":"ean/discovery.go:555","msg":"capability registered/updated","cap_id":"knxnet_ip.list_points","agent_id":"edgex-node-001","category":"device","source":"native-ean","v1_purged":0}
{"level":"info","ts":1785240331.6826496,"logger":"discovery","caller":"ean/discovery.go:555","msg":"capability registered/updated","cap_id":"modbus_tcp.write_register","agent_id":"edgex-node-001","category":"device","source":"native-ean","v1_purged":0}
{"level":"info","ts":1785240331.6826496,"logger":"discovery","caller":"ean/discovery.go:555","msg":"capability registered/updated","cap_id":"omron_fins.read_holding_register","agent_id":"edgex-node-001","category":"device","source":"native-ean","v1_purged":0}
{"level":"info","ts":1785240331.6826496,"logger":"discovery","caller":"ean/discovery.go:555","msg":"capability registered/updated","cap_id":"dlt645.write_register","agent_id":"edgex-node-001","category":"device","source":"native-ean","v1_purged":0}
{"level":"info","ts":1785240331.6826496,"logger":"discovery","caller":"ean/discovery.go:555","msg":"capability registered/updated","cap_id":"mitsubishi_slmp.read_holding_register","agent_id":"edgex-node-001","category":"device","source":"native-ean","v1_purged":0}
{"level":"info","ts":1785240331.6826496,"logger":"discovery","caller":"ean/discovery.go:555","msg":"capability registered/updated","cap_id":"iec60870_5_104.write_register","agent_id":"edgex-node-001","category":"device","source":"native-ean","v1_purged":0}
{"level":"info","ts":1785240331.6826496,"logger":"discovery","caller":"ean/discovery.go:555","msg":"capability registered/updated","cap_id":"ethercat.write_register","agent_id":"edgex-node-001","category":"device","source":"native-ean","v1_purged":0}
{"level":"warn","ts":1785240333.6800792,"logger":"heartbeat","caller":"ean/heartbeat.go:151","msg":"heartbeat sequence regression detected","agent_id":"edgex-node-001","old_seq":55,"new_seq":0}
{"level":"info","ts":1785240391.6636326,"logger":"discovery","caller":"ean/discovery.go:555","msg":"capability registered/updated","cap_id":"modbus_rtu_over_tcp.scan_devices","agent_id":"edgex-node-001","category":"device","source":"native-ean","v1_purged":0}
{"level":"info","ts":1785240391.6636326,"logger":"discovery","caller":"ean/discovery.go:555","msg":"capability registered/updated","cap_id":"s7.list_points","agent_id":"edgex-node-001","category":"device","source":"native-ean","v1_purged":0}
{"level":"info","ts":1785240391.6641588,"logger":"discovery","caller":"ean/discovery.go:555","msg":"capability registered/updated","cap_id":"mitsubishi_slmp.write_register","agent_id":"edgex-node-001","category":"device","source":"native-ean","v1_purged":0}
{"level":"info","ts":1785240391.6641588,"logger":"discovery","caller":"ean/discovery.go:555","msg":"capability registered/updated","cap_id":"profinet_io.write_register","agent_id":"edgex-node-001","category":"device","source":"native-ean","v1_purged":0}
{"level":"info","ts":1785240391.6641588,"logger":"discovery","caller":"ean/discovery.go:555","msg":"capability registered/updated","cap_id":"mitsubishi_slmp.scan_devices","agent_id":"edgex-node-001","category":"device","source":"native-ean","v1_purged":0}
{"level":"info","ts":1785240391.6641588,"logger":"discovery","caller":"ean/discovery.go:555","msg":"capability registered/updated","cap_id":"bacnet_ip.write_register","agent_id":"edgex-node-001","category":"device","source":"native-ean","v1_purged":0}
{"level":"info","ts":1785240391.6641588,"logger":"discovery","caller":"ean/discovery.go:555","msg":"capability registered/updated","cap_id":"s7.write_register","agent_id":"edgex-node-001","category":"device","source":"native-ean","v1_purged":0}
{"level":"info","ts":1785240391.6641588,"logger":"discovery","caller":"ean/discovery.go:555","msg":"capability registered/updated","cap_id":"s7.scan_devices","agent_id":"edgex-node-001","category":"device","source":"native-ean","v1_purged":0}
{"level":"info","ts":1785240391.6641588,"logger":"discovery","caller":"ean/discovery.go:555","msg":"capability registered/updated","cap_id":"opc_ua.write_register","agent_id":"edgex-node-001","category":"device","source":"native-ean","v1_purged":0}
{"level":"info","ts":1785240391.6641588,"logger":"discovery","caller":"ean/discovery.go:555","msg":"capability registered/updated","cap_id":"knxnet_ip.read_holding_register","agent_id":"edgex-node-001","category":"device","source":"native-ean","v1_purged":0}
{"level":"info","ts":1785240391.6641588,"logger":"discovery","caller":"ean/discovery.go:555","msg":"capability registered/updated","cap_id":"ethernet_ip.list_points","agent_id":"edgex-node-001","category":"device","source":"native-ean","v1_purged":0}
{"level":"info","ts":1785240391.6641588,"logger":"discovery","caller":"ean/discovery.go:555","msg":"capability registered/updated","cap_id":"modbus_rtu.scan_devices","agent_id":"edgex-node-001","category":"device","source":"native-ean","v1_purged":0}
{"level":"info","ts":1785240391.6641588,"logger":"discovery","caller":"ean/discovery.go:555","msg":"capability registered/updated","cap_id":"ethernet_ip.read_holding_register","agent_id":"edgex-node-001","category":"device","source":"native-ean","v1_purged":0}
{"level":"info","ts":1785240391.6641588,"logger":"discovery","caller":"ean/discovery.go:555","msg":"capability registered/updated","cap_id":"ethernet_ip.write_register","agent_id":"edgex-node-001","category":"device","source":"native-ean","v1_purged":0}
{"level":"info","ts":1785240391.6641588,"logger":"discovery","caller":"ean/discovery.go:555","msg":"capability registered/updated","cap_id":"knxnet_ip.write_register","agent_id":"edgex-node-001","category":"device","source":"native-ean","v1_purged":0}
{"level":"info","ts":1785240391.6641588,"logger":"discovery","caller":"ean/discovery.go:555","msg":"capability registered/updated","cap_id":"snmp.write_register","agent_id":"edgex-node-001","category":"device","source":"native-ean","v1_purged":0}
{"level":"info","ts":1785240391.6641588,"logger":"discovery","caller":"ean/discovery.go:555","msg":"capability registered/updated","cap_id":"snmp.list_points","agent_id":"edgex-node-001","category":"device","source":"native-ean","v1_purged":0}
{"level":"info","ts":1785240391.6641588,"logger":"discovery","caller":"ean/discovery.go:555","msg":"capability registered/updated","cap_id":"modbus_rtu_over_tcp.write_register","agent_id":"edgex-node-001","category":"device","source":"native-ean","v1_purged":0}
{"level":"info","ts":1785240391.6641588,"logger":"discovery","caller":"ean/discovery.go:555","msg":"capability registered/updated","cap_id":"iec60870_5_104.list_points","agent_id":"edgex-node-001","category":"device","source":"native-ean","v1_purged":0}
{"level":"info","ts":1785240391.6641588,"logger":"discovery","caller":"ean/discovery.go:555","msg":"capability registered/updated","cap_id":"mitsubishi_slmp.list_points","agent_id":"edgex-node-001","category":"device","source":"native-ean","v1_purged":0}
{"level":"info","ts":1785240391.6641588,"logger":"discovery","caller":"ean/discovery.go:555","msg":"capability registered/updated","cap_id":"ai.doc_parse","agent_id":"edgex-node-001","category":"ai","source":"native-ean","v1_purged":0}
{"level":"info","ts":1785240391.6641588,"logger":"discovery","caller":"ean/discovery.go:555","msg":"capability registered/updated","cap_id":"knxnet_ip.scan_devices","agent_id":"edgex-node-001","category":"device","source":"native-ean","v1_purged":0}
{"level":"info","ts":1785240391.6641588,"logger":"discovery","caller":"ean/discovery.go:555","msg":"capability registered/updated","cap_id":"dlt645.list_points","agent_id":"edgex-node-001","category":"device","source":"native-ean","v1_purged":0}
{"level":"info","ts":1785240391.6641588,"logger":"discovery","caller":"ean/discovery.go:555","msg":"capability registered/updated","cap_id":"profinet_io.scan_devices","agent_id":"edgex-node-001","category":"device","source":"native-ean","v1_purged":0}
{"level":"info","ts":1785240391.6641588,"logger":"discovery","caller":"ean/discovery.go:555","msg":"capability registered/updated","cap_id":"modbus_tcp.read_holding_register","agent_id":"edgex-node-001","category":"device","source":"native-ean","v1_purged":0}
{"level":"info","ts":1785240391.6641588,"logger":"discovery","caller":"ean/discovery.go:555","msg":"capability registered/updated","cap_id":"ethercat.list_points","agent_id":"edgex-node-001","category":"device","source":"native-ean","v1_purged":0}
{"level":"info","ts":1785240391.6641588,"logger":"discovery","caller":"ean/discovery.go:555","msg":"capability registered/updated","cap_id":"ai.protocol_reverse","agent_id":"edgex-node-001","category":"ai","source":"native-ean","v1_purged":0}
{"level":"info","ts":1785240391.6641588,"logger":"discovery","caller":"ean/discovery.go:555","msg":"capability registered/updated","cap_id":"modbus_rtu.write_register","agent_id":"edgex-node-001","category":"device","source":"native-ean","v1_purged":0}
{"level":"info","ts":1785240391.6641588,"logger":"discovery","caller":"ean/discovery.go:555","msg":"capability registered/updated","cap_id":"modbus_rtu.list_points","agent_id":"edgex-node-001","category":"device","source":"native-ean","v1_purged":0}
{"level":"info","ts":1785240391.6641588,"logger":"discovery","caller":"ean/discovery.go:555","msg":"capability registered/updated","cap_id":"bacnet_ip.scan_devices","agent_id":"edgex-node-001","category":"device","source":"native-ean","v1_purged":0}
{"level":"info","ts":1785240391.6641588,"logger":"discovery","caller":"ean/discovery.go:555","msg":"capability registered/updated","cap_id":"opc_ua.read_holding_register","agent_id":"edgex-node-001","category":"device","source":"native-ean","v1_purged":0}
{"level":"info","ts":1785240391.6641588,"logger":"discovery","caller":"ean/discovery.go:555","msg":"capability registered/updated","cap_id":"snmp.read_holding_register","agent_id":"edgex-node-001","category":"device","source":"native-ean","v1_purged":0}
{"level":"info","ts":1785240391.6641588,"logger":"discovery","caller":"ean/discovery.go:555","msg":"capability registered/updated","cap_id":"profinet_io.read_holding_register","agent_id":"edgex-node-001","category":"device","source":"native-ean","v1_purged":0}
{"level":"info","ts":1785240391.6641588,"logger":"discovery","caller":"ean/discovery.go:555","msg":"capability registered/updated","cap_id":"bacnet_ip.read_holding_register","agent_id":"edgex-node-001","category":"device","source":"native-ean","v1_purged":0}
{"level":"info","ts":1785240391.6641588,"logger":"discovery","caller":"ean/discovery.go:555","msg":"capability registered/updated","cap_id":"omron_fins.scan_devices","agent_id":"edgex-node-001","category":"device","source":"native-ean","v1_purged":0}
{"level":"info","ts":1785240391.6641588,"logger":"discovery","caller":"ean/discovery.go:555","msg":"capability registered/updated","cap_id":"snmp.scan_devices","agent_id":"edgex-node-001","category":"device","source":"native-ean","v1_purged":0}
{"level":"info","ts":1785240391.6641588,"logger":"discovery","caller":"ean/discovery.go:555","msg":"capability registered/updated","cap_id":"system.diagnostics","agent_id":"edgex-node-001","category":"system","source":"native-ean","v1_purged":0}
{"level":"info","ts":1785240391.6641588,"logger":"discovery","caller":"ean/discovery.go:555","msg":"capability registered/updated","cap_id":"modbus_tcp.scan_devices","agent_id":"edgex-node-001","category":"device","source":"native-ean","v1_purged":0}
{"level":"info","ts":1785240391.6641588,"logger":"discovery","caller":"ean/discovery.go:555","msg":"capability registered/updated","cap_id":"bacnet_ip.list_points","agent_id":"edgex-node-001","category":"device","source":"native-ean","v1_purged":0}
{"level":"info","ts":1785240391.6641588,"logger":"discovery","caller":"ean/discovery.go:555","msg":"capability registered/updated","cap_id":"iec60870_5_104.read_holding_register","agent_id":"edgex-node-001","category":"device","source":"native-ean","v1_purged":0}
{"level":"info","ts":1785240391.6641588,"logger":"discovery","caller":"ean/discovery.go:555","msg":"capability registered/updated","cap_id":"iec60870_5_104.scan_devices","agent_id":"edgex-node-001","category":"device","source":"native-ean","v1_purged":0}
{"level":"info","ts":1785240391.6641588,"logger":"discovery","caller":"ean/discovery.go:555","msg":"capability registered/updated","cap_id":"ethercat.scan_devices","agent_id":"edgex-node-001","category":"device","source":"native-ean","v1_purged":0}
{"level":"info","ts":1785240391.6641588,"logger":"discovery","caller":"ean/discovery.go:555","msg":"capability registered/updated","cap_id":"dlt645.scan_devices","agent_id":"edgex-node-001","category":"device","source":"native-ean","v1_purged":0}
{"level":"info","ts":1785240391.6641588,"logger":"discovery","caller":"ean/discovery.go:555","msg":"capability registered/updated","cap_id":"modbus_rtu.read_holding_register","agent_id":"edgex-node-001","category":"device","source":"native-ean","v1_purged":0}
{"level":"info","ts":1785240391.6641588,"logger":"discovery","caller":"ean/discovery.go:555","msg":"capability registered/updated","cap_id":"modbus_rtu_over_tcp.list_points","agent_id":"edgex-node-001","category":"device","source":"native-ean","v1_purged":0}
{"level":"info","ts":1785240391.6641588,"logger":"discovery","caller":"ean/discovery.go:555","msg":"capability registered/updated","cap_id":"opc_ua.scan_devices","agent_id":"edgex-node-001","category":"device","source":"native-ean","v1_purged":0}
{"level":"info","ts":1785240391.6641588,"logger":"discovery","caller":"ean/discovery.go:555","msg":"capability registered/updated","cap_id":"opc_ua.list_points","agent_id":"edgex-node-001","category":"device","source":"native-ean","v1_purged":0}
{"level":"info","ts":1785240391.6641588,"logger":"discovery","caller":"ean/discovery.go:555","msg":"capability registered/updated","cap_id":"s7.read_holding_register","agent_id":"edgex-node-001","category":"device","source":"native-ean","v1_purged":0}
{"level":"info","ts":1785240391.6641588,"logger":"discovery","caller":"ean/discovery.go:555","msg":"capability registered/updated","cap_id":"omron_fins.list_points","agent_id":"edgex-node-001","category":"device","source":"native-ean","v1_purged":0}
{"level":"info","ts":1785240391.6641588,"logger":"discovery","caller":"ean/discovery.go:555","msg":"capability registered/updated","cap_id":"dlt645.read_holding_register","agent_id":"edgex-node-001","category":"device","source":"native-ean","v1_purged":0}
{"level":"info","ts":1785240391.6641588,"logger":"discovery","caller":"ean/discovery.go:555","msg":"capability registered/updated","cap_id":"profinet_io.list_points","agent_id":"edgex-node-001","category":"device","source":"native-ean","v1_purged":0}
{"level":"info","ts":1785240391.6641588,"logger":"discovery","caller":"ean/discovery.go:555","msg":"capability registered/updated","cap_id":"ethercat.read_holding_register","agent_id":"edgex-node-001","category":"device","source":"native-ean","v1_purged":0}
{"level":"info","ts":1785240391.6641588,"logger":"discovery","caller":"ean/discovery.go:555","msg":"capability registered/updated","cap_id":"modbus_tcp.list_points","agent_id":"edgex-node-001","category":"device","source":"native-ean","v1_purged":0}
{"level":"info","ts":1785240391.6641588,"logger":"discovery","caller":"ean/discovery.go:555","msg":"capability registered/updated","cap_id":"ethernet_ip.scan_devices","agent_id":"edgex-node-001","category":"device","source":"native-ean","v1_purged":0}
{"level":"info","ts":1785240391.6641588,"logger":"discovery","caller":"ean/discovery.go:555","msg":"capability registered/updated","cap_id":"omron_fins.write_register","agent_id":"edgex-node-001","category":"device","source":"native-ean","v1_purged":0}
{"level":"info","ts":1785240391.6641588,"logger":"discovery","caller":"ean/discovery.go:555","msg":"capability registered/updated","cap_id":"modbus_rtu_over_tcp.read_holding_register","agent_id":"edgex-node-001","category":"device","source":"native-ean","v1_purged":0}
{"level":"info","ts":1785240391.6641588,"logger":"discovery","caller":"ean/discovery.go:555","msg":"capability registered/updated","cap_id":"knxnet_ip.list_points","agent_id":"edgex-node-001","category":"device","source":"native-ean","v1_purged":0}
{"level":"info","ts":1785240391.6641588,"logger":"discovery","caller":"ean/discovery.go:555","msg":"capability registered/updated","cap_id":"modbus_tcp.write_register","agent_id":"edgex-node-001","category":"device","source":"native-ean","v1_purged":0}
{"level":"info","ts":1785240391.6641588,"logger":"discovery","caller":"ean/discovery.go:555","msg":"capability registered/updated","cap_id":"omron_fins.read_holding_register","agent_id":"edgex-node-001","category":"device","source":"native-ean","v1_purged":0}
{"level":"info","ts":1785240391.6646976,"logger":"discovery","caller":"ean/discovery.go:555","msg":"capability registered/updated","cap_id":"dlt645.write_register","agent_id":"edgex-node-001","category":"device","source":"native-ean","v1_purged":0}
{"level":"info","ts":1785240391.6646976,"logger":"discovery","caller":"ean/discovery.go:555","msg":"capability registered/updated","cap_id":"mitsubishi_slmp.read_holding_register","agent_id":"edgex-node-001","category":"device","source":"native-ean","v1_purged":0}
{"level":"info","ts":1785240391.6646976,"logger":"discovery","caller":"ean/discovery.go:555","msg":"capability registered/updated","cap_id":"iec60870_5_104.write_register","agent_id":"edgex-node-001","category":"device","source":"native-ean","v1_purged":0}
{"level":"info","ts":1785240391.6646976,"logger":"discovery","caller":"ean/discovery.go:555","msg":"capability registered/updated","cap_id":"ethercat.write_register","agent_id":"edgex-node-001","category":"device","source":"native-ean","v1_purged":0}
{"level":"warn","ts":1785240393.679935,"logger":"heartbeat","caller":"ean/heartbeat.go:151","msg":"heartbeat sequence regression detected","agent_id":"edgex-node-001","old_seq":56,"new_seq":0}
20:06:58 | 101 |      1.1352ms | 127.0.0.1 | GET | /ws | -
{"level":"info","ts":1785240419.335033,"caller":"ws/hub.go:127","msg":"WebSocket client connected","remote":"127.0.0.1:55748"}
20:06:58 | 101 |      1.7167ms | 127.0.0.1 | GET | /ws | -
{"level":"info","ts":1785240419.3572586,"caller":"ws/hub.go:127","msg":"WebSocket client connected","remote":"127.0.0.1:30414"}
20:06:59 | 204 |            0s | 127.0.0.1 | OPTIONS | /api/dashboard/stats | -
20:06:59 | 204 |            0s | 127.0.0.1 | OPTIONS | /api/nodes | -
20:06:59 | 204 |            0s | 127.0.0.1 | OPTIONS | /api/middlewares | -
20:06:59 | 204 |            0s | 127.0.0.1 | OPTIONS | /api/alerts | -
20:06:59 | 204 |            0s | 127.0.0.1 | OPTIONS | /api/ean/health | -
20:06:59 | 200 |       1.041ms | 127.0.0.1 | GET | /api/dashboard/stats | -
20:06:59 | 200 |       508.6µs | 127.0.0.1 | GET | /api/nodes | -
20:06:59 | 200 |       541.7µs | 127.0.0.1 | GET | /api/middlewares | -
20:06:59 | 200 |       564.7µs | 127.0.0.1 | GET | /api/alerts | -
20:06:59 | 200 |         551µs | 127.0.0.1 | GET | /api/ean/health | -
{"level":"info","ts":1785240451.6732068,"logger":"discovery","caller":"ean/discovery.go:555","msg":"capability registered/updated","cap_id":"modbus_tcp.write_register","agent_id":"edgex-node-001","category":"device","source":"native-ean","v1_purged":0}
{"level":"info","ts":1785240451.6732068,"logger":"discovery","caller":"ean/discovery.go:555","msg":"capability registered/updated","cap_id":"omron_fins.read_holding_register","agent_id":"edgex-node-001","category":"device","source":"native-ean","v1_purged":0}
{"level":"info","ts":1785240451.6732068,"logger":"discovery","caller":"ean/discovery.go:555","msg":"capability registered/updated","cap_id":"dlt645.write_register","agent_id":"edgex-node-001","category":"device","source":"native-ean","v1_purged":0}
{"level":"info","ts":1785240451.6732068,"logger":"discovery","caller":"ean/discovery.go:555","msg":"capability registered/updated","cap_id":"mitsubishi_slmp.read_holding_register","agent_id":"edgex-node-001","category":"device","source":"native-ean","v1_purged":0}
{"level":"info","ts":1785240451.6732068,"logger":"discovery","caller":"ean/discovery.go:555","msg":"capability registered/updated","cap_id":"iec60870_5_104.write_register","agent_id":"edgex-node-001","category":"device","source":"native-ean","v1_purged":0}
{"level":"info","ts":1785240451.6732068,"logger":"discovery","caller":"ean/discovery.go:555","msg":"capability registered/updated","cap_id":"ethercat.write_register","agent_id":"edgex-node-001","category":"device","source":"native-ean","v1_purged":0}
{"level":"info","ts":1785240451.6732068,"logger":"discovery","caller":"ean/discovery.go:555","msg":"capability registered/updated","cap_id":"modbus_rtu_over_tcp.scan_devices","agent_id":"edgex-node-001","category":"device","source":"native-ean","v1_purged":0}
{"level":"info","ts":1785240451.6732068,"logger":"discovery","caller":"ean/discovery.go:555","msg":"capability registered/updated","cap_id":"s7.list_points","agent_id":"edgex-node-001","category":"device","source":"native-ean","v1_purged":0}
{"level":"info","ts":1785240451.6732068,"logger":"discovery","caller":"ean/discovery.go:555","msg":"capability registered/updated","cap_id":"mitsubishi_slmp.write_register","agent_id":"edgex-node-001","category":"device","source":"native-ean","v1_purged":0}
{"level":"info","ts":1785240451.6732068,"logger":"discovery","caller":"ean/discovery.go:555","msg":"capability registered/updated","cap_id":"profinet_io.write_register","agent_id":"edgex-node-001","category":"device","source":"native-ean","v1_purged":0}
{"level":"info","ts":1785240451.6732068,"logger":"discovery","caller":"ean/discovery.go:555","msg":"capability registered/updated","cap_id":"mitsubishi_slmp.scan_devices","agent_id":"edgex-node-001","category":"device","source":"native-ean","v1_purged":0}
{"level":"info","ts":1785240451.6732068,"logger":"discovery","caller":"ean/discovery.go:555","msg":"capability registered/updated","cap_id":"bacnet_ip.write_register","agent_id":"edgex-node-001","category":"device","source":"native-ean","v1_purged":0}
{"level":"info","ts":1785240451.6732068,"logger":"discovery","caller":"ean/discovery.go:555","msg":"capability registered/updated","cap_id":"s7.write_register","agent_id":"edgex-node-001","category":"device","source":"native-ean","v1_purged":0}
{"level":"info","ts":1785240451.673745,"logger":"discovery","caller":"ean/discovery.go:555","msg":"capability registered/updated","cap_id":"s7.scan_devices","agent_id":"edgex-node-001","category":"device","source":"native-ean","v1_purged":0}
{"level":"info","ts":1785240451.673745,"logger":"discovery","caller":"ean/discovery.go:555","msg":"capability registered/updated","cap_id":"opc_ua.write_register","agent_id":"edgex-node-001","category":"device","source":"native-ean","v1_purged":0}
{"level":"info","ts":1785240451.673745,"logger":"discovery","caller":"ean/discovery.go:555","msg":"capability registered/updated","cap_id":"knxnet_ip.read_holding_register","agent_id":"edgex-node-001","category":"device","source":"native-ean","v1_purged":0}
{"level":"info","ts":1785240451.673745,"logger":"discovery","caller":"ean/discovery.go:555","msg":"capability registered/updated","cap_id":"ethernet_ip.list_points","agent_id":"edgex-node-001","category":"device","source":"native-ean","v1_purged":0}
{"level":"info","ts":1785240451.673745,"logger":"discovery","caller":"ean/discovery.go:555","msg":"capability registered/updated","cap_id":"modbus_rtu.scan_devices","agent_id":"edgex-node-001","category":"device","source":"native-ean","v1_purged":0}
{"level":"info","ts":1785240451.673745,"logger":"discovery","caller":"ean/discovery.go:555","msg":"capability registered/updated","cap_id":"ethernet_ip.read_holding_register","agent_id":"edgex-node-001","category":"device","source":"native-ean","v1_purged":0}
{"level":"info","ts":1785240451.673745,"logger":"discovery","caller":"ean/discovery.go:555","msg":"capability registered/updated","cap_id":"ethernet_ip.write_register","agent_id":"edgex-node-001","category":"device","source":"native-ean","v1_purged":0}
{"level":"info","ts":1785240451.673745,"logger":"discovery","caller":"ean/discovery.go:555","msg":"capability registered/updated","cap_id":"knxnet_ip.write_register","agent_id":"edgex-node-001","category":"device","source":"native-ean","v1_purged":0}
{"level":"info","ts":1785240451.673745,"logger":"discovery","caller":"ean/discovery.go:555","msg":"capability registered/updated","cap_id":"snmp.write_register","agent_id":"edgex-node-001","category":"device","source":"native-ean","v1_purged":0}
{"level":"info","ts":1785240451.673745,"logger":"discovery","caller":"ean/discovery.go:555","msg":"capability registered/updated","cap_id":"snmp.list_points","agent_id":"edgex-node-001","category":"device","source":"native-ean","v1_purged":0}
{"level":"info","ts":1785240451.673745,"logger":"discovery","caller":"ean/discovery.go:555","msg":"capability registered/updated","cap_id":"modbus_rtu_over_tcp.write_register","agent_id":"edgex-node-001","category":"device","source":"native-ean","v1_purged":0}
{"level":"info","ts":1785240451.673745,"logger":"discovery","caller":"ean/discovery.go:555","msg":"capability registered/updated","cap_id":"iec60870_5_104.list_points","agent_id":"edgex-node-001","category":"device","source":"native-ean","v1_purged":0}
{"level":"info","ts":1785240451.673745,"logger":"discovery","caller":"ean/discovery.go:555","msg":"capability registered/updated","cap_id":"mitsubishi_slmp.list_points","agent_id":"edgex-node-001","category":"device","source":"native-ean","v1_purged":0}
{"level":"info","ts":1785240451.673745,"logger":"discovery","caller":"ean/discovery.go:555","msg":"capability registered/updated","cap_id":"ai.doc_parse","agent_id":"edgex-node-001","category":"ai","source":"native-ean","v1_purged":0}
{"level":"info","ts":1785240451.673745,"logger":"discovery","caller":"ean/discovery.go:555","msg":"capability registered/updated","cap_id":"knxnet_ip.scan_devices","agent_id":"edgex-node-001","category":"device","source":"native-ean","v1_purged":0}
{"level":"info","ts":1785240451.673745,"logger":"discovery","caller":"ean/discovery.go:555","msg":"capability registered/updated","cap_id":"dlt645.list_points","agent_id":"edgex-node-001","category":"device","source":"native-ean","v1_purged":0}
{"level":"info","ts":1785240451.673745,"logger":"discovery","caller":"ean/discovery.go:555","msg":"capability registered/updated","cap_id":"profinet_io.scan_devices","agent_id":"edgex-node-001","category":"device","source":"native-ean","v1_purged":0}
{"level":"info","ts":1785240451.673745,"logger":"discovery","caller":"ean/discovery.go:555","msg":"capability registered/updated","cap_id":"modbus_tcp.read_holding_register","agent_id":"edgex-node-001","category":"device","source":"native-ean","v1_purged":0}
{"level":"info","ts":1785240451.673745,"logger":"discovery","caller":"ean/discovery.go:555","msg":"capability registered/updated","cap_id":"ethercat.list_points","agent_id":"edgex-node-001","category":"device","source":"native-ean","v1_purged":0}
{"level":"info","ts":1785240451.673745,"logger":"discovery","caller":"ean/discovery.go:555","msg":"capability registered/updated","cap_id":"ai.protocol_reverse","agent_id":"edgex-node-001","category":"ai","source":"native-ean","v1_purged":0}
{"level":"info","ts":1785240451.673745,"logger":"discovery","caller":"ean/discovery.go:555","msg":"capability registered/updated","cap_id":"modbus_rtu.write_register","agent_id":"edgex-node-001","category":"device","source":"native-ean","v1_purged":0}
{"level":"info","ts":1785240451.673745,"logger":"discovery","caller":"ean/discovery.go:555","msg":"capability registered/updated","cap_id":"modbus_rtu.list_points","agent_id":"edgex-node-001","category":"device","source":"native-ean","v1_purged":0}
{"level":"info","ts":1785240451.673745,"logger":"discovery","caller":"ean/discovery.go:555","msg":"capability registered/updated","cap_id":"bacnet_ip.scan_devices","agent_id":"edgex-node-001","category":"device","source":"native-ean","v1_purged":0}
{"level":"info","ts":1785240451.673745,"logger":"discovery","caller":"ean/discovery.go:555","msg":"capability registered/updated","cap_id":"opc_ua.read_holding_register","agent_id":"edgex-node-001","category":"device","source":"native-ean","v1_purged":0}
{"level":"info","ts":1785240451.673745,"logger":"discovery","caller":"ean/discovery.go:555","msg":"capability registered/updated","cap_id":"snmp.read_holding_register","agent_id":"edgex-node-001","category":"device","source":"native-ean","v1_purged":0}
{"level":"info","ts":1785240451.673745,"logger":"discovery","caller":"ean/discovery.go:555","msg":"capability registered/updated","cap_id":"profinet_io.read_holding_register","agent_id":"edgex-node-001","category":"device","source":"native-ean","v1_purged":0}
{"level":"info","ts":1785240451.673745,"logger":"discovery","caller":"ean/discovery.go:555","msg":"capability registered/updated","cap_id":"bacnet_ip.read_holding_register","agent_id":"edgex-node-001","category":"device","source":"native-ean","v1_purged":0}
{"level":"info","ts":1785240451.673745,"logger":"discovery","caller":"ean/discovery.go:555","msg":"capability registered/updated","cap_id":"omron_fins.scan_devices","agent_id":"edgex-node-001","category":"device","source":"native-ean","v1_purged":0}
{"level":"info","ts":1785240451.673745,"logger":"discovery","caller":"ean/discovery.go:555","msg":"capability registered/updated","cap_id":"snmp.scan_devices","agent_id":"edgex-node-001","category":"device","source":"native-ean","v1_purged":0}
{"level":"info","ts":1785240451.673745,"logger":"discovery","caller":"ean/discovery.go:555","msg":"capability registered/updated","cap_id":"system.diagnostics","agent_id":"edgex-node-001","category":"system","source":"native-ean","v1_purged":0}
{"level":"info","ts":1785240451.673745,"logger":"discovery","caller":"ean/discovery.go:555","msg":"capability registered/updated","cap_id":"modbus_tcp.scan_devices","agent_id":"edgex-node-001","category":"device","source":"native-ean","v1_purged":0}
{"level":"info","ts":1785240451.673745,"logger":"discovery","caller":"ean/discovery.go:555","msg":"capability registered/updated","cap_id":"bacnet_ip.list_points","agent_id":"edgex-node-001","category":"device","source":"native-ean","v1_purged":0}
{"level":"info","ts":1785240451.673745,"logger":"discovery","caller":"ean/discovery.go:555","msg":"capability registered/updated","cap_id":"iec60870_5_104.read_holding_register","agent_id":"edgex-node-001","category":"device","source":"native-ean","v1_purged":0}
{"level":"info","ts":1785240451.673745,"logger":"discovery","caller":"ean/discovery.go:555","msg":"capability registered/updated","cap_id":"iec60870_5_104.scan_devices","agent_id":"edgex-node-001","category":"device","source":"native-ean","v1_purged":0}
{"level":"info","ts":1785240451.673745,"logger":"discovery","caller":"ean/discovery.go:555","msg":"capability registered/updated","cap_id":"ethercat.scan_devices","agent_id":"edgex-node-001","category":"device","source":"native-ean","v1_purged":0}
{"level":"info","ts":1785240451.673745,"logger":"discovery","caller":"ean/discovery.go:555","msg":"capability registered/updated","cap_id":"dlt645.scan_devices","agent_id":"edgex-node-001","category":"device","source":"native-ean","v1_purged":0}
{"level":"info","ts":1785240451.673745,"logger":"discovery","caller":"ean/discovery.go:555","msg":"capability registered/updated","cap_id":"modbus_rtu.read_holding_register","agent_id":"edgex-node-001","category":"device","source":"native-ean","v1_purged":0}
{"level":"info","ts":1785240451.673745,"logger":"discovery","caller":"ean/discovery.go:555","msg":"capability registered/updated","cap_id":"modbus_rtu_over_tcp.list_points","agent_id":"edgex-node-001","category":"device","source":"native-ean","v1_purged":0}
{"level":"info","ts":1785240451.673745,"logger":"discovery","caller":"ean/discovery.go:555","msg":"capability registered/updated","cap_id":"opc_ua.scan_devices","agent_id":"edgex-node-001","category":"device","source":"native-ean","v1_purged":0}
{"level":"info","ts":1785240451.673745,"logger":"discovery","caller":"ean/discovery.go:555","msg":"capability registered/updated","cap_id":"opc_ua.list_points","agent_id":"edgex-node-001","category":"device","source":"native-ean","v1_purged":0}
{"level":"info","ts":1785240451.673745,"logger":"discovery","caller":"ean/discovery.go:555","msg":"capability registered/updated","cap_id":"s7.read_holding_register","agent_id":"edgex-node-001","category":"device","source":"native-ean","v1_purged":0}
{"level":"info","ts":1785240451.673745,"logger":"discovery","caller":"ean/discovery.go:555","msg":"capability registered/updated","cap_id":"omron_fins.list_points","agent_id":"edgex-node-001","category":"device","source":"native-ean","v1_purged":0}
{"level":"info","ts":1785240451.673745,"logger":"discovery","caller":"ean/discovery.go:555","msg":"capability registered/updated","cap_id":"dlt645.read_holding_register","agent_id":"edgex-node-001","category":"device","source":"native-ean","v1_purged":0}
{"level":"info","ts":1785240451.673745,"logger":"discovery","caller":"ean/discovery.go:555","msg":"capability registered/updated","cap_id":"profinet_io.list_points","agent_id":"edgex-node-001","category":"device","source":"native-ean","v1_purged":0}
{"level":"info","ts":1785240451.673745,"logger":"discovery","caller":"ean/discovery.go:555","msg":"capability registered/updated","cap_id":"ethercat.read_holding_register","agent_id":"edgex-node-001","category":"device","source":"native-ean","v1_purged":0}
{"level":"info","ts":1785240451.673745,"logger":"discovery","caller":"ean/discovery.go:555","msg":"capability registered/updated","cap_id":"modbus_tcp.list_points","agent_id":"edgex-node-001","category":"device","source":"native-ean","v1_purged":0}
{"level":"info","ts":1785240451.673745,"logger":"discovery","caller":"ean/discovery.go:555","msg":"capability registered/updated","cap_id":"ethernet_ip.scan_devices","agent_id":"edgex-node-001","category":"device","source":"native-ean","v1_purged":0}
{"level":"info","ts":1785240451.673745,"logger":"discovery","caller":"ean/discovery.go:555","msg":"capability registered/updated","cap_id":"omron_fins.write_register","agent_id":"edgex-node-001","category":"device","source":"native-ean","v1_purged":0}
{"level":"info","ts":1785240451.673745,"logger":"discovery","caller":"ean/discovery.go:555","msg":"capability registered/updated","cap_id":"modbus_rtu_over_tcp.read_holding_register","agent_id":"edgex-node-001","category":"device","source":"native-ean","v1_purged":0}
{"level":"info","ts":1785240451.673745,"logger":"discovery","caller":"ean/discovery.go:555","msg":"capability registered/updated","cap_id":"knxnet_ip.list_points","agent_id":"edgex-node-001","category":"device","source":"native-ean","v1_purged":0}
{"level":"warn","ts":1785240453.6800833,"logger":"heartbeat","caller":"ean/heartbeat.go:151","msg":"heartbeat sequence regression detected","agent_id":"edgex-node-001","old_seq":57,"new_seq":0}
{"level":"info","ts":1785240460.6863232,"logger":"ean-bus","caller":"ean/bus.go:601","msg":"主动发现查询已发布","topic":"$edgeos/discovery/query"}
{"level":"info","ts":1785240460.698408,"logger":"discovery","caller":"ean/discovery.go:216","msg":"agent updated via discovery response","agent_id":"edgex-node-001","kind":"device","source":"native-ean"}
{"level":"info","ts":1785240460.698408,"logger":"heartbeat","caller":"ean/heartbeat.go:283","msg":"heartbeat interval updated","agent_id":"edgex-node-001","interval_sec":60}
{"level":"info","ts":1785240460.698408,"logger":"discovery","caller":"ean/discovery.go:555","msg":"capability registered/updated","cap_id":"modbus_rtu_over_tcp.scan_devices","agent_id":"edgex-node-001","category":"device","source":"native-ean","v1_purged":0}
{"level":"info","ts":1785240460.698408,"logger":"discovery","caller":"ean/discovery.go:555","msg":"capability registered/updated","cap_id":"s7.list_points","agent_id":"edgex-node-001","category":"device","source":"native-ean","v1_purged":0}
{"level":"info","ts":1785240460.698408,"logger":"discovery","caller":"ean/discovery.go:555","msg":"capability registered/updated","cap_id":"mitsubishi_slmp.write_register","agent_id":"edgex-node-001","category":"device","source":"native-ean","v1_purged":0}
{"level":"info","ts":1785240460.698408,"logger":"discovery","caller":"ean/discovery.go:555","msg":"capability registered/updated","cap_id":"profinet_io.write_register","agent_id":"edgex-node-001","category":"device","source":"native-ean","v1_purged":0}
{"level":"info","ts":1785240460.698408,"logger":"discovery","caller":"ean/discovery.go:555","msg":"capability registered/updated","cap_id":"mitsubishi_slmp.scan_devices","agent_id":"edgex-node-001","category":"device","source":"native-ean","v1_purged":0}
{"level":"info","ts":1785240460.698408,"logger":"discovery","caller":"ean/discovery.go:555","msg":"capability registered/updated","cap_id":"bacnet_ip.write_register","agent_id":"edgex-node-001","category":"device","source":"native-ean","v1_purged":0}
{"level":"info","ts":1785240460.698408,"logger":"discovery","caller":"ean/discovery.go:555","msg":"capability registered/updated","cap_id":"s7.write_register","agent_id":"edgex-node-001","category":"device","source":"native-ean","v1_purged":0}
{"level":"info","ts":1785240460.698408,"logger":"discovery","caller":"ean/discovery.go:555","msg":"capability registered/updated","cap_id":"s7.scan_devices","agent_id":"edgex-node-001","category":"device","source":"native-ean","v1_purged":0}
{"level":"info","ts":1785240460.698408,"logger":"discovery","caller":"ean/discovery.go:555","msg":"capability registered/updated","cap_id":"opc_ua.write_register","agent_id":"edgex-node-001","category":"device","source":"native-ean","v1_purged":0}
{"level":"info","ts":1785240460.698408,"logger":"discovery","caller":"ean/discovery.go:555","msg":"capability registered/updated","cap_id":"knxnet_ip.read_holding_register","agent_id":"edgex-node-001","category":"device","source":"native-ean","v1_purged":0}
{"level":"info","ts":1785240460.698408,"logger":"discovery","caller":"ean/discovery.go:555","msg":"capability registered/updated","cap_id":"ethernet_ip.list_points","agent_id":"edgex-node-001","category":"device","source":"native-ean","v1_purged":0}
{"level":"info","ts":1785240460.698408,"logger":"discovery","caller":"ean/discovery.go:555","msg":"capability registered/updated","cap_id":"modbus_rtu.scan_devices","agent_id":"edgex-node-001","category":"device","source":"native-ean","v1_purged":0}
{"level":"info","ts":1785240460.698408,"logger":"discovery","caller":"ean/discovery.go:555","msg":"capability registered/updated","cap_id":"ethernet_ip.read_holding_register","agent_id":"edgex-node-001","category":"device","source":"native-ean","v1_purged":0}
{"level":"info","ts":1785240460.698408,"logger":"discovery","caller":"ean/discovery.go:555","msg":"capability registered/updated","cap_id":"ethernet_ip.write_register","agent_id":"edgex-node-001","category":"device","source":"native-ean","v1_purged":0}
{"level":"info","ts":1785240460.698408,"logger":"discovery","caller":"ean/discovery.go:555","msg":"capability registered/updated","cap_id":"knxnet_ip.write_register","agent_id":"edgex-node-001","category":"device","source":"native-ean","v1_purged":0}
{"level":"info","ts":1785240460.698408,"logger":"discovery","caller":"ean/discovery.go:555","msg":"capability registered/updated","cap_id":"snmp.write_register","agent_id":"edgex-node-001","category":"device","source":"native-ean","v1_purged":0}
{"level":"info","ts":1785240460.698408,"logger":"discovery","caller":"ean/discovery.go:555","msg":"capability registered/updated","cap_id":"snmp.list_points","agent_id":"edgex-node-001","category":"device","source":"native-ean","v1_purged":0}
{"level":"info","ts":1785240460.698408,"logger":"discovery","caller":"ean/discovery.go:555","msg":"capability registered/updated","cap_id":"modbus_rtu_over_tcp.write_register","agent_id":"edgex-node-001","category":"device","source":"native-ean","v1_purged":0}
{"level":"info","ts":1785240460.698408,"logger":"discovery","caller":"ean/discovery.go:555","msg":"capability registered/updated","cap_id":"iec60870_5_104.list_points","agent_id":"edgex-node-001","category":"device","source":"native-ean","v1_purged":0}
{"level":"info","ts":1785240460.698408,"logger":"discovery","caller":"ean/discovery.go:555","msg":"capability registered/updated","cap_id":"mitsubishi_slmp.list_points","agent_id":"edgex-node-001","category":"device","source":"native-ean","v1_purged":0}
{"level":"info","ts":1785240460.698408,"logger":"discovery","caller":"ean/discovery.go:555","msg":"capability registered/updated","cap_id":"ai.doc_parse","agent_id":"edgex-node-001","category":"ai","source":"native-ean","v1_purged":0}
{"level":"info","ts":1785240460.698408,"logger":"discovery","caller":"ean/discovery.go:555","msg":"capability registered/updated","cap_id":"knxnet_ip.scan_devices","agent_id":"edgex-node-001","category":"device","source":"native-ean","v1_purged":0}
{"level":"info","ts":1785240460.698408,"logger":"discovery","caller":"ean/discovery.go:555","msg":"capability registered/updated","cap_id":"dlt645.list_points","agent_id":"edgex-node-001","category":"device","source":"native-ean","v1_purged":0}
{"level":"info","ts":1785240460.698408,"logger":"discovery","caller":"ean/discovery.go:555","msg":"capability registered/updated","cap_id":"profinet_io.scan_devices","agent_id":"edgex-node-001","category":"device","source":"native-ean","v1_purged":0}
{"level":"info","ts":1785240460.698408,"logger":"discovery","caller":"ean/discovery.go:555","msg":"capability registered/updated","cap_id":"modbus_tcp.read_holding_register","agent_id":"edgex-node-001","category":"device","source":"native-ean","v1_purged":0}
{"level":"info","ts":1785240460.698408,"logger":"discovery","caller":"ean/discovery.go:555","msg":"capability registered/updated","cap_id":"ethercat.list_points","agent_id":"edgex-node-001","category":"device","source":"native-ean","v1_purged":0}
{"level":"info","ts":1785240460.698408,"logger":"discovery","caller":"ean/discovery.go:555","msg":"capability registered/updated","cap_id":"ai.protocol_reverse","agent_id":"edgex-node-001","category":"ai","source":"native-ean","v1_purged":0}
{"level":"info","ts":1785240460.698408,"logger":"discovery","caller":"ean/discovery.go:555","msg":"capability registered/updated","cap_id":"modbus_rtu.write_register","agent_id":"edgex-node-001","category":"device","source":"native-ean","v1_purged":0}
{"level":"info","ts":1785240460.698408,"logger":"discovery","caller":"ean/discovery.go:555","msg":"capability registered/updated","cap_id":"modbus_rtu.list_points","agent_id":"edgex-node-001","category":"device","source":"native-ean","v1_purged":0}
{"level":"info","ts":1785240460.698408,"logger":"discovery","caller":"ean/discovery.go:555","msg":"capability registered/updated","cap_id":"bacnet_ip.scan_devices","agent_id":"edgex-node-001","category":"device","source":"native-ean","v1_purged":0}
{"level":"info","ts":1785240460.698408,"logger":"discovery","caller":"ean/discovery.go:555","msg":"capability registered/updated","cap_id":"opc_ua.read_holding_register","agent_id":"edgex-node-001","category":"device","source":"native-ean","v1_purged":0}
{"level":"info","ts":1785240460.698408,"logger":"discovery","caller":"ean/discovery.go:555","msg":"capability registered/updated","cap_id":"snmp.read_holding_register","agent_id":"edgex-node-001","category":"device","source":"native-ean","v1_purged":0}
{"level":"info","ts":1785240460.698408,"logger":"discovery","caller":"ean/discovery.go:555","msg":"capability registered/updated","cap_id":"profinet_io.read_holding_register","agent_id":"edgex-node-001","category":"device","source":"native-ean","v1_purged":0}
{"level":"info","ts":1785240460.698408,"logger":"discovery","caller":"ean/discovery.go:555","msg":"capability registered/updated","cap_id":"bacnet_ip.read_holding_register","agent_id":"edgex-node-001","category":"device","source":"native-ean","v1_purged":0}
{"level":"info","ts":1785240460.698408,"logger":"discovery","caller":"ean/discovery.go:555","msg":"capability registered/updated","cap_id":"omron_fins.scan_devices","agent_id":"edgex-node-001","category":"device","source":"native-ean","v1_purged":0}
{"level":"info","ts":1785240460.698408,"logger":"discovery","caller":"ean/discovery.go:555","msg":"capability registered/updated","cap_id":"snmp.scan_devices","agent_id":"edgex-node-001","category":"device","source":"native-ean","v1_purged":0}
{"level":"info","ts":1785240460.698408,"logger":"discovery","caller":"ean/discovery.go:555","msg":"capability registered/updated","cap_id":"system.diagnostics","agent_id":"edgex-node-001","category":"system","source":"native-ean","v1_purged":0}
{"level":"info","ts":1785240460.698408,"logger":"discovery","caller":"ean/discovery.go:555","msg":"capability registered/updated","cap_id":"modbus_tcp.scan_devices","agent_id":"edgex-node-001","category":"device","source":"native-ean","v1_purged":0}
{"level":"info","ts":1785240460.698408,"logger":"discovery","caller":"ean/discovery.go:555","msg":"capability registered/updated","cap_id":"bacnet_ip.list_points","agent_id":"edgex-node-001","category":"device","source":"native-ean","v1_purged":0}
{"level":"info","ts":1785240460.698408,"logger":"discovery","caller":"ean/discovery.go:555","msg":"capability registered/updated","cap_id":"iec60870_5_104.read_holding_register","agent_id":"edgex-node-001","category":"device","source":"native-ean","v1_purged":0}
{"level":"info","ts":1785240460.698408,"logger":"discovery","caller":"ean/discovery.go:555","msg":"capability registered/updated","cap_id":"iec60870_5_104.scan_devices","agent_id":"edgex-node-001","category":"device","source":"native-ean","v1_purged":0}
{"level":"info","ts":1785240460.698408,"logger":"discovery","caller":"ean/discovery.go:555","msg":"capability registered/updated","cap_id":"ethercat.scan_devices","agent_id":"edgex-node-001","category":"device","source":"native-ean","v1_purged":0}
{"level":"info","ts":1785240460.698408,"logger":"discovery","caller":"ean/discovery.go:555","msg":"capability registered/updated","cap_id":"dlt645.scan_devices","agent_id":"edgex-node-001","category":"device","source":"native-ean","v1_purged":0}
{"level":"info","ts":1785240460.698408,"logger":"discovery","caller":"ean/discovery.go:555","msg":"capability registered/updated","cap_id":"modbus_rtu.read_holding_register","agent_id":"edgex-node-001","category":"device","source":"native-ean","v1_purged":0}
{"level":"info","ts":1785240460.698408,"logger":"discovery","caller":"ean/discovery.go:555","msg":"capability registered/updated","cap_id":"modbus_rtu_over_tcp.list_points","agent_id":"edgex-node-001","category":"device","source":"native-ean","v1_purged":0}
{"level":"info","ts":1785240460.698408,"logger":"discovery","caller":"ean/discovery.go:555","msg":"capability registered/updated","cap_id":"opc_ua.scan_devices","agent_id":"edgex-node-001","category":"device","source":"native-ean","v1_purged":0}
{"level":"info","ts":1785240460.698408,"logger":"discovery","caller":"ean/discovery.go:555","msg":"capability registered/updated","cap_id":"opc_ua.list_points","agent_id":"edgex-node-001","category":"device","source":"native-ean","v1_purged":0}
{"level":"info","ts":1785240460.698408,"logger":"discovery","caller":"ean/discovery.go:555","msg":"capability registered/updated","cap_id":"s7.read_holding_register","agent_id":"edgex-node-001","category":"device","source":"native-ean","v1_purged":0}
{"level":"info","ts":1785240460.698408,"logger":"discovery","caller":"ean/discovery.go:555","msg":"capability registered/updated","cap_id":"omron_fins.list_points","agent_id":"edgex-node-001","category":"device","source":"native-ean","v1_purged":0}
{"level":"info","ts":1785240460.698408,"logger":"discovery","caller":"ean/discovery.go:555","msg":"capability registered/updated","cap_id":"dlt645.read_holding_register","agent_id":"edgex-node-001","category":"device","source":"native-ean","v1_purged":0}
{"level":"info","ts":1785240460.698408,"logger":"discovery","caller":"ean/discovery.go:555","msg":"capability registered/updated","cap_id":"profinet_io.list_points","agent_id":"edgex-node-001","category":"device","source":"native-ean","v1_purged":0}
{"level":"info","ts":1785240460.698408,"logger":"discovery","caller":"ean/discovery.go:555","msg":"capability registered/updated","cap_id":"ethercat.read_holding_register","agent_id":"edgex-node-001","category":"device","source":"native-ean","v1_purged":0}
{"level":"info","ts":1785240460.698408,"logger":"discovery","caller":"ean/discovery.go:555","msg":"capability registered/updated","cap_id":"modbus_tcp.list_points","agent_id":"edgex-node-001","category":"device","source":"native-ean","v1_purged":0}
{"level":"info","ts":1785240460.698408,"logger":"discovery","caller":"ean/discovery.go:555","msg":"capability registered/updated","cap_id":"ethernet_ip.scan_devices","agent_id":"edgex-node-001","category":"device","source":"native-ean","v1_purged":0}
{"level":"info","ts":1785240460.698408,"logger":"discovery","caller":"ean/discovery.go:555","msg":"capability registered/updated","cap_id":"omron_fins.write_register","agent_id":"edgex-node-001","category":"device","source":"native-ean","v1_purged":0}
{"level":"info","ts":1785240460.698408,"logger":"discovery","caller":"ean/discovery.go:555","msg":"capability registered/updated","cap_id":"modbus_rtu_over_tcp.read_holding_register","agent_id":"edgex-node-001","category":"device","source":"native-ean","v1_purged":0}
{"level":"info","ts":1785240460.698408,"logger":"discovery","caller":"ean/discovery.go:555","msg":"capability registered/updated","cap_id":"knxnet_ip.list_points","agent_id":"edgex-node-001","category":"device","source":"native-ean","v1_purged":0}
{"level":"info","ts":1785240460.698408,"logger":"discovery","caller":"ean/discovery.go:555","msg":"capability registered/updated","cap_id":"modbus_tcp.write_register","agent_id":"edgex-node-001","category":"device","source":"native-ean","v1_purged":0}
{"level":"info","ts":1785240460.698408,"logger":"discovery","caller":"ean/discovery.go:555","msg":"capability registered/updated","cap_id":"omron_fins.read_holding_register","agent_id":"edgex-node-001","category":"device","source":"native-ean","v1_purged":0}
{"level":"info","ts":1785240460.698408,"logger":"discovery","caller":"ean/discovery.go:555","msg":"capability registered/updated","cap_id":"dlt645.write_register","agent_id":"edgex-node-001","category":"device","source":"native-ean","v1_purged":0}
{"level":"info","ts":1785240460.698408,"logger":"discovery","caller":"ean/discovery.go:555","msg":"capability registered/updated","cap_id":"mitsubishi_slmp.read_holding_register","agent_id":"edgex-node-001","category":"device","source":"native-ean","v1_purged":0}
{"level":"info","ts":1785240460.698408,"logger":"discovery","caller":"ean/discovery.go:555","msg":"capability registered/updated","cap_id":"iec60870_5_104.write_register","agent_id":"edgex-node-001","category":"device","source":"native-ean","v1_purged":0}
{"level":"info","ts":1785240460.698408,"logger":"discovery","caller":"ean/discovery.go:555","msg":"capability registered/updated","cap_id":"ethercat.write_register","agent_id":"edgex-node-001","category":"device","source":"native-ean","v1_purged":0}
{"level":"info","ts":1785240460.698408,"logger":"discovery","caller":"ean/discovery.go:236","msg":"discovery response capabilities indexed","count":63,"transport":"mqtt"}
{"level":"info","ts":1785240511.6768064,"logger":"discovery","caller":"ean/discovery.go:555","msg":"capability registered/updated","cap_id":"ai.protocol_reverse","agent_id":"edgex-node-001","category":"ai","source":"native-ean","v1_purged":0}
{"level":"info","ts":1785240511.6773407,"logger":"discovery","caller":"ean/discovery.go:555","msg":"capability registered/updated","cap_id":"modbus_rtu.write_register","agent_id":"edgex-node-001","category":"device","source":"native-ean","v1_purged":0}
{"level":"info","ts":1785240511.6774385,"logger":"discovery","caller":"ean/discovery.go:555","msg":"capability registered/updated","cap_id":"modbus_rtu.list_points","agent_id":"edgex-node-001","category":"device","source":"native-ean","v1_purged":0}
{"level":"info","ts":1785240511.6774385,"logger":"discovery","caller":"ean/discovery.go:555","msg":"capability registered/updated","cap_id":"bacnet_ip.scan_devices","agent_id":"edgex-node-001","category":"device","source":"native-ean","v1_purged":0}
{"level":"info","ts":1785240511.6774385,"logger":"discovery","caller":"ean/discovery.go:555","msg":"capability registered/updated","cap_id":"opc_ua.read_holding_register","agent_id":"edgex-node-001","category":"device","source":"native-ean","v1_purged":0}
{"level":"info","ts":1785240511.677511,"logger":"discovery","caller":"ean/discovery.go:555","msg":"capability registered/updated","cap_id":"snmp.read_holding_register","agent_id":"edgex-node-001","category":"device","source":"native-ean","v1_purged":0}
{"level":"info","ts":1785240511.677511,"logger":"discovery","caller":"ean/discovery.go:555","msg":"capability registered/updated","cap_id":"profinet_io.read_holding_register","agent_id":"edgex-node-001","category":"device","source":"native-ean","v1_purged":0}
{"level":"info","ts":1785240511.677511,"logger":"discovery","caller":"ean/discovery.go:555","msg":"capability registered/updated","cap_id":"bacnet_ip.read_holding_register","agent_id":"edgex-node-001","category":"device","source":"native-ean","v1_purged":0}
{"level":"info","ts":1785240511.6775734,"logger":"discovery","caller":"ean/discovery.go:555","msg":"capability registered/updated","cap_id":"omron_fins.scan_devices","agent_id":"edgex-node-001","category":"device","source":"native-ean","v1_purged":0}
{"level":"info","ts":1785240511.6775734,"logger":"discovery","caller":"ean/discovery.go:555","msg":"capability registered/updated","cap_id":"snmp.scan_devices","agent_id":"edgex-node-001","category":"device","source":"native-ean","v1_purged":0}
{"level":"info","ts":1785240511.6776419,"logger":"discovery","caller":"ean/discovery.go:555","msg":"capability registered/updated","cap_id":"system.diagnostics","agent_id":"edgex-node-001","category":"system","source":"native-ean","v1_purged":0}
{"level":"info","ts":1785240511.6776419,"logger":"discovery","caller":"ean/discovery.go:555","msg":"capability registered/updated","cap_id":"modbus_tcp.scan_devices","agent_id":"edgex-node-001","category":"device","source":"native-ean","v1_purged":0}
{"level":"info","ts":1785240511.6776419,"logger":"discovery","caller":"ean/discovery.go:555","msg":"capability registered/updated","cap_id":"bacnet_ip.list_points","agent_id":"edgex-node-001","category":"device","source":"native-ean","v1_purged":0}
{"level":"info","ts":1785240511.6777036,"logger":"discovery","caller":"ean/discovery.go:555","msg":"capability registered/updated","cap_id":"iec60870_5_104.read_holding_register","agent_id":"edgex-node-001","category":"device","source":"native-ean","v1_purged":0}
{"level":"info","ts":1785240511.6777036,"logger":"discovery","caller":"ean/discovery.go:555","msg":"capability registered/updated","cap_id":"iec60870_5_104.scan_devices","agent_id":"edgex-node-001","category":"device","source":"native-ean","v1_purged":0}
{"level":"info","ts":1785240511.6777036,"logger":"discovery","caller":"ean/discovery.go:555","msg":"capability registered/updated","cap_id":"ethercat.scan_devices","agent_id":"edgex-node-001","category":"device","source":"native-ean","v1_purged":0}
{"level":"info","ts":1785240511.6777036,"logger":"discovery","caller":"ean/discovery.go:555","msg":"capability registered/updated","cap_id":"dlt645.scan_devices","agent_id":"edgex-node-001","category":"device","source":"native-ean","v1_purged":0}
{"level":"info","ts":1785240511.6777036,"logger":"discovery","caller":"ean/discovery.go:555","msg":"capability registered/updated","cap_id":"modbus_rtu.read_holding_register","agent_id":"edgex-node-001","category":"device","source":"native-ean","v1_purged":0}
{"level":"info","ts":1785240511.6777036,"logger":"discovery","caller":"ean/discovery.go:555","msg":"capability registered/updated","cap_id":"modbus_rtu_over_tcp.list_points","agent_id":"edgex-node-001","category":"device","source":"native-ean","v1_purged":0}
{"level":"info","ts":1785240511.6777036,"logger":"discovery","caller":"ean/discovery.go:555","msg":"capability registered/updated","cap_id":"opc_ua.scan_devices","agent_id":"edgex-node-001","category":"device","source":"native-ean","v1_purged":0}
{"level":"info","ts":1785240511.6777036,"logger":"discovery","caller":"ean/discovery.go:555","msg":"capability registered/updated","cap_id":"opc_ua.list_points","agent_id":"edgex-node-001","category":"device","source":"native-ean","v1_purged":0}
{"level":"info","ts":1785240511.6777036,"logger":"discovery","caller":"ean/discovery.go:555","msg":"capability registered/updated","cap_id":"s7.read_holding_register","agent_id":"edgex-node-001","category":"device","source":"native-ean","v1_purged":0}
{"level":"info","ts":1785240511.6777036,"logger":"discovery","caller":"ean/discovery.go:555","msg":"capability registered/updated","cap_id":"omron_fins.list_points","agent_id":"edgex-node-001","category":"device","source":"native-ean","v1_purged":0}
{"level":"info","ts":1785240511.6777036,"logger":"discovery","caller":"ean/discovery.go:555","msg":"capability registered/updated","cap_id":"dlt645.read_holding_register","agent_id":"edgex-node-001","category":"device","source":"native-ean","v1_purged":0}
{"level":"info","ts":1785240511.6777036,"logger":"discovery","caller":"ean/discovery.go:555","msg":"capability registered/updated","cap_id":"profinet_io.list_points","agent_id":"edgex-node-001","category":"device","source":"native-ean","v1_purged":0}
{"level":"info","ts":1785240511.6777036,"logger":"discovery","caller":"ean/discovery.go:555","msg":"capability registered/updated","cap_id":"ethercat.read_holding_register","agent_id":"edgex-node-001","category":"device","source":"native-ean","v1_purged":0}
{"level":"info","ts":1785240511.6777036,"logger":"discovery","caller":"ean/discovery.go:555","msg":"capability registered/updated","cap_id":"modbus_tcp.list_points","agent_id":"edgex-node-001","category":"device","source":"native-ean","v1_purged":0}
{"level":"info","ts":1785240511.6777036,"logger":"discovery","caller":"ean/discovery.go:555","msg":"capability registered/updated","cap_id":"ethernet_ip.scan_devices","agent_id":"edgex-node-001","category":"device","source":"native-ean","v1_purged":0}
{"level":"info","ts":1785240511.6777036,"logger":"discovery","caller":"ean/discovery.go:555","msg":"capability registered/updated","cap_id":"omron_fins.write_register","agent_id":"edgex-node-001","category":"device","source":"native-ean","v1_purged":0}
{"level":"info","ts":1785240511.678247,"logger":"discovery","caller":"ean/discovery.go:555","msg":"capability registered/updated","cap_id":"modbus_rtu_over_tcp.read_holding_register","agent_id":"edgex-node-001","category":"device","source":"native-ean","v1_purged":0}
{"level":"info","ts":1785240511.678247,"logger":"discovery","caller":"ean/discovery.go:555","msg":"capability registered/updated","cap_id":"knxnet_ip.list_points","agent_id":"edgex-node-001","category":"device","source":"native-ean","v1_purged":0}
{"level":"info","ts":1785240511.678247,"logger":"discovery","caller":"ean/discovery.go:555","msg":"capability registered/updated","cap_id":"modbus_tcp.write_register","agent_id":"edgex-node-001","category":"device","source":"native-ean","v1_purged":0}
{"level":"info","ts":1785240511.678247,"logger":"discovery","caller":"ean/discovery.go:555","msg":"capability registered/updated","cap_id":"omron_fins.read_holding_register","agent_id":"edgex-node-001","category":"device","source":"native-ean","v1_purged":0}
{"level":"info","ts":1785240511.678247,"logger":"discovery","caller":"ean/discovery.go:555","msg":"capability registered/updated","cap_id":"dlt645.write_register","agent_id":"edgex-node-001","category":"device","source":"native-ean","v1_purged":0}
{"level":"info","ts":1785240511.678247,"logger":"discovery","caller":"ean/discovery.go:555","msg":"capability registered/updated","cap_id":"mitsubishi_slmp.read_holding_register","agent_id":"edgex-node-001","category":"device","source":"native-ean","v1_purged":0}
{"level":"info","ts":1785240511.678247,"logger":"discovery","caller":"ean/discovery.go:555","msg":"capability registered/updated","cap_id":"iec60870_5_104.write_register","agent_id":"edgex-node-001","category":"device","source":"native-ean","v1_purged":0}
{"level":"info","ts":1785240511.678247,"logger":"discovery","caller":"ean/discovery.go:555","msg":"capability registered/updated","cap_id":"ethercat.write_register","agent_id":"edgex-node-001","category":"device","source":"native-ean","v1_purged":0}
{"level":"info","ts":1785240511.678247,"logger":"discovery","caller":"ean/discovery.go:555","msg":"capability registered/updated","cap_id":"modbus_rtu_over_tcp.scan_devices","agent_id":"edgex-node-001","category":"device","source":"native-ean","v1_purged":0}
{"level":"info","ts":1785240511.678247,"logger":"discovery","caller":"ean/discovery.go:555","msg":"capability registered/updated","cap_id":"s7.list_points","agent_id":"edgex-node-001","category":"device","source":"native-ean","v1_purged":0}
{"level":"info","ts":1785240511.678247,"logger":"discovery","caller":"ean/discovery.go:555","msg":"capability registered/updated","cap_id":"mitsubishi_slmp.write_register","agent_id":"edgex-node-001","category":"device","source":"native-ean","v1_purged":0}
{"level":"info","ts":1785240511.678247,"logger":"discovery","caller":"ean/discovery.go:555","msg":"capability registered/updated","cap_id":"profinet_io.write_register","agent_id":"edgex-node-001","category":"device","source":"native-ean","v1_purged":0}
{"level":"info","ts":1785240511.678247,"logger":"discovery","caller":"ean/discovery.go:555","msg":"capability registered/updated","cap_id":"mitsubishi_slmp.scan_devices","agent_id":"edgex-node-001","category":"device","source":"native-ean","v1_purged":0}
{"level":"info","ts":1785240511.678247,"logger":"discovery","caller":"ean/discovery.go:555","msg":"capability registered/updated","cap_id":"bacnet_ip.write_register","agent_id":"edgex-node-001","category":"device","source":"native-ean","v1_purged":0}
{"level":"info","ts":1785240511.678247,"logger":"discovery","caller":"ean/discovery.go:555","msg":"capability registered/updated","cap_id":"s7.write_register","agent_id":"edgex-node-001","category":"device","source":"native-ean","v1_purged":0}
{"level":"info","ts":1785240511.678247,"logger":"discovery","caller":"ean/discovery.go:555","msg":"capability registered/updated","cap_id":"s7.scan_devices","agent_id":"edgex-node-001","category":"device","source":"native-ean","v1_purged":0}
{"level":"info","ts":1785240511.678247,"logger":"discovery","caller":"ean/discovery.go:555","msg":"capability registered/updated","cap_id":"opc_ua.write_register","agent_id":"edgex-node-001","category":"device","source":"native-ean","v1_purged":0}
{"level":"info","ts":1785240511.678247,"logger":"discovery","caller":"ean/discovery.go:555","msg":"capability registered/updated","cap_id":"knxnet_ip.read_holding_register","agent_id":"edgex-node-001","category":"device","source":"native-ean","v1_purged":0}
{"level":"info","ts":1785240511.678247,"logger":"discovery","caller":"ean/discovery.go:555","msg":"capability registered/updated","cap_id":"ethernet_ip.list_points","agent_id":"edgex-node-001","category":"device","source":"native-ean","v1_purged":0}
{"level":"info","ts":1785240511.678247,"logger":"discovery","caller":"ean/discovery.go:555","msg":"capability registered/updated","cap_id":"modbus_rtu.scan_devices","agent_id":"edgex-node-001","category":"device","source":"native-ean","v1_purged":0}
{"level":"info","ts":1785240511.678247,"logger":"discovery","caller":"ean/discovery.go:555","msg":"capability registered/updated","cap_id":"ethernet_ip.read_holding_register","agent_id":"edgex-node-001","category":"device","source":"native-ean","v1_purged":0}
{"level":"info","ts":1785240511.678247,"logger":"discovery","caller":"ean/discovery.go:555","msg":"capability registered/updated","cap_id":"ethernet_ip.write_register","agent_id":"edgex-node-001","category":"device","source":"native-ean","v1_purged":0}
{"level":"info","ts":1785240511.678247,"logger":"discovery","caller":"ean/discovery.go:555","msg":"capability registered/updated","cap_id":"knxnet_ip.write_register","agent_id":"edgex-node-001","category":"device","source":"native-ean","v1_purged":0}
{"level":"info","ts":1785240511.6788003,"logger":"discovery","caller":"ean/discovery.go:555","msg":"capability registered/updated","cap_id":"snmp.write_register","agent_id":"edgex-node-001","category":"device","source":"native-ean","v1_purged":0}
{"level":"info","ts":1785240511.6788003,"logger":"discovery","caller":"ean/discovery.go:555","msg":"capability registered/updated","cap_id":"snmp.list_points","agent_id":"edgex-node-001","category":"device","source":"native-ean","v1_purged":0}
{"level":"info","ts":1785240511.6788003,"logger":"discovery","caller":"ean/discovery.go:555","msg":"capability registered/updated","cap_id":"modbus_rtu_over_tcp.write_register","agent_id":"edgex-node-001","category":"device","source":"native-ean","v1_purged":0}
{"level":"info","ts":1785240511.6788003,"logger":"discovery","caller":"ean/discovery.go:555","msg":"capability registered/updated","cap_id":"iec60870_5_104.list_points","agent_id":"edgex-node-001","category":"device","source":"native-ean","v1_purged":0}
{"level":"info","ts":1785240511.6788003,"logger":"discovery","caller":"ean/discovery.go:555","msg":"capability registered/updated","cap_id":"mitsubishi_slmp.list_points","agent_id":"edgex-node-001","category":"device","source":"native-ean","v1_purged":0}
{"level":"info","ts":1785240511.6788003,"logger":"discovery","caller":"ean/discovery.go:555","msg":"capability registered/updated","cap_id":"ai.doc_parse","agent_id":"edgex-node-001","category":"ai","source":"native-ean","v1_purged":0}
{"level":"info","ts":1785240511.6788003,"logger":"discovery","caller":"ean/discovery.go:555","msg":"capability registered/updated","cap_id":"knxnet_ip.scan_devices","agent_id":"edgex-node-001","category":"device","source":"native-ean","v1_purged":0}
{"level":"info","ts":1785240511.6788003,"logger":"discovery","caller":"ean/discovery.go:555","msg":"capability registered/updated","cap_id":"dlt645.list_points","agent_id":"edgex-node-001","category":"device","source":"native-ean","v1_purged":0}
{"level":"info","ts":1785240511.6788003,"logger":"discovery","caller":"ean/discovery.go:555","msg":"capability registered/updated","cap_id":"profinet_io.scan_devices","agent_id":"edgex-node-001","category":"device","source":"native-ean","v1_purged":0}
{"level":"info","ts":1785240511.6788003,"logger":"discovery","caller":"ean/discovery.go:555","msg":"capability registered/updated","cap_id":"modbus_tcp.read_holding_register","agent_id":"edgex-node-001","category":"device","source":"native-ean","v1_purged":0}
{"level":"info","ts":1785240511.6788003,"logger":"discovery","caller":"ean/discovery.go:555","msg":"capability registered/updated","cap_id":"ethercat.list_points","agent_id":"edgex-node-001","category":"device","source":"native-ean","v1_purged":0}
{"level":"warn","ts":1785240513.679997,"logger":"heartbeat","caller":"ean/heartbeat.go:151","msg":"heartbeat sequence regression detected","agent_id":"edgex-node-001","old_seq":58,"new_seq":0}
20:09:16 | 200 |      1.0061ms | 127.0.0.1 | GET | /api/ean/agents | -
20:09:18 | 200 |      1.1224ms | 127.0.0.1 | GET | /api/ean/health | -
{"level":"info","ts":1785240571.6746237,"logger":"discovery","caller":"ean/discovery.go:555","msg":"capability registered/updated","cap_id":"knxnet_ip.scan_devices","agent_id":"edgex-node-001","category":"device","source":"native-ean","v1_purged":0}
{"level":"info","ts":1785240571.6746237,"logger":"discovery","caller":"ean/discovery.go:555","msg":"capability registered/updated","cap_id":"dlt645.list_points","agent_id":"edgex-node-001","category":"device","source":"native-ean","v1_purged":0}
{"level":"info","ts":1785240571.6746237,"logger":"discovery","caller":"ean/discovery.go:555","msg":"capability registered/updated","cap_id":"profinet_io.scan_devices","agent_id":"edgex-node-001","category":"device","source":"native-ean","v1_purged":0}
{"level":"info","ts":1785240571.6746237,"logger":"discovery","caller":"ean/discovery.go:555","msg":"capability registered/updated","cap_id":"modbus_tcp.read_holding_register","agent_id":"edgex-node-001","category":"device","source":"native-ean","v1_purged":0}
{"level":"info","ts":1785240571.6746237,"logger":"discovery","caller":"ean/discovery.go:555","msg":"capability registered/updated","cap_id":"ethercat.list_points","agent_id":"edgex-node-001","category":"device","source":"native-ean","v1_purged":0}
{"level":"info","ts":1785240571.6746237,"logger":"discovery","caller":"ean/discovery.go:555","msg":"capability registered/updated","cap_id":"ai.protocol_reverse","agent_id":"edgex-node-001","category":"ai","source":"native-ean","v1_purged":0}
{"level":"info","ts":1785240571.6746237,"logger":"discovery","caller":"ean/discovery.go:555","msg":"capability registered/updated","cap_id":"modbus_rtu.write_register","agent_id":"edgex-node-001","category":"device","source":"native-ean","v1_purged":0}
{"level":"info","ts":1785240571.6746237,"logger":"discovery","caller":"ean/discovery.go:555","msg":"capability registered/updated","cap_id":"modbus_rtu.list_points","agent_id":"edgex-node-001","category":"device","source":"native-ean","v1_purged":0}
{"level":"info","ts":1785240571.6746237,"logger":"discovery","caller":"ean/discovery.go:555","msg":"capability registered/updated","cap_id":"bacnet_ip.scan_devices","agent_id":"edgex-node-001","category":"device","source":"native-ean","v1_purged":0}
{"level":"info","ts":1785240571.6746237,"logger":"discovery","caller":"ean/discovery.go:555","msg":"capability registered/updated","cap_id":"opc_ua.read_holding_register","agent_id":"edgex-node-001","category":"device","source":"native-ean","v1_purged":0}
{"level":"info","ts":1785240571.6746237,"logger":"discovery","caller":"ean/discovery.go:555","msg":"capability registered/updated","cap_id":"snmp.read_holding_register","agent_id":"edgex-node-001","category":"device","source":"native-ean","v1_purged":0}
{"level":"info","ts":1785240571.6746237,"logger":"discovery","caller":"ean/discovery.go:555","msg":"capability registered/updated","cap_id":"profinet_io.read_holding_register","agent_id":"edgex-node-001","category":"device","source":"native-ean","v1_purged":0}
{"level":"info","ts":1785240571.6746237,"logger":"discovery","caller":"ean/discovery.go:555","msg":"capability registered/updated","cap_id":"bacnet_ip.read_holding_register","agent_id":"edgex-node-001","category":"device","source":"native-ean","v1_purged":0}
{"level":"info","ts":1785240571.6746237,"logger":"discovery","caller":"ean/discovery.go:555","msg":"capability registered/updated","cap_id":"omron_fins.scan_devices","agent_id":"edgex-node-001","category":"device","source":"native-ean","v1_purged":0}
{"level":"info","ts":1785240571.6746237,"logger":"discovery","caller":"ean/discovery.go:555","msg":"capability registered/updated","cap_id":"snmp.scan_devices","agent_id":"edgex-node-001","category":"device","source":"native-ean","v1_purged":0}
{"level":"info","ts":1785240571.6746237,"logger":"discovery","caller":"ean/discovery.go:555","msg":"capability registered/updated","cap_id":"system.diagnostics","agent_id":"edgex-node-001","category":"system","source":"native-ean","v1_purged":0}
{"level":"info","ts":1785240571.6746237,"logger":"discovery","caller":"ean/discovery.go:555","msg":"capability registered/updated","cap_id":"modbus_tcp.scan_devices","agent_id":"edgex-node-001","category":"device","source":"native-ean","v1_purged":0}
{"level":"info","ts":1785240571.6746237,"logger":"discovery","caller":"ean/discovery.go:555","msg":"capability registered/updated","cap_id":"bacnet_ip.list_points","agent_id":"edgex-node-001","category":"device","source":"native-ean","v1_purged":0}
{"level":"info","ts":1785240571.6746237,"logger":"discovery","caller":"ean/discovery.go:555","msg":"capability registered/updated","cap_id":"iec60870_5_104.read_holding_register","agent_id":"edgex-node-001","category":"device","source":"native-ean","v1_purged":0}
{"level":"info","ts":1785240571.6746237,"logger":"discovery","caller":"ean/discovery.go:555","msg":"capability registered/updated","cap_id":"iec60870_5_104.scan_devices","agent_id":"edgex-node-001","category":"device","source":"native-ean","v1_purged":0}
{"level":"info","ts":1785240571.6746237,"logger":"discovery","caller":"ean/discovery.go:555","msg":"capability registered/updated","cap_id":"ethercat.scan_devices","agent_id":"edgex-node-001","category":"device","source":"native-ean","v1_purged":0}
{"level":"info","ts":1785240571.6746237,"logger":"discovery","caller":"ean/discovery.go:555","msg":"capability registered/updated","cap_id":"dlt645.scan_devices","agent_id":"edgex-node-001","category":"device","source":"native-ean","v1_purged":0}
{"level":"info","ts":1785240571.6746237,"logger":"discovery","caller":"ean/discovery.go:555","msg":"capability registered/updated","cap_id":"modbus_rtu.read_holding_register","agent_id":"edgex-node-001","category":"device","source":"native-ean","v1_purged":0}
{"level":"info","ts":1785240571.6746237,"logger":"discovery","caller":"ean/discovery.go:555","msg":"capability registered/updated","cap_id":"modbus_rtu_over_tcp.list_points","agent_id":"edgex-node-001","category":"device","source":"native-ean","v1_purged":0}
{"level":"info","ts":1785240571.6746237,"logger":"discovery","caller":"ean/discovery.go:555","msg":"capability registered/updated","cap_id":"opc_ua.scan_devices","agent_id":"edgex-node-001","category":"device","source":"native-ean","v1_purged":0}
{"level":"info","ts":1785240571.6746237,"logger":"discovery","caller":"ean/discovery.go:555","msg":"capability registered/updated","cap_id":"opc_ua.list_points","agent_id":"edgex-node-001","category":"device","source":"native-ean","v1_purged":0}
{"level":"info","ts":1785240571.6746237,"logger":"discovery","caller":"ean/discovery.go:555","msg":"capability registered/updated","cap_id":"s7.read_holding_register","agent_id":"edgex-node-001","category":"device","source":"native-ean","v1_purged":0}
{"level":"info","ts":1785240571.6746237,"logger":"discovery","caller":"ean/discovery.go:555","msg":"capability registered/updated","cap_id":"omron_fins.list_points","agent_id":"edgex-node-001","category":"device","source":"native-ean","v1_purged":0}
{"level":"info","ts":1785240571.6746237,"logger":"discovery","caller":"ean/discovery.go:555","msg":"capability registered/updated","cap_id":"dlt645.read_holding_register","agent_id":"edgex-node-001","category":"device","source":"native-ean","v1_purged":0}
{"level":"info","ts":1785240571.6746237,"logger":"discovery","caller":"ean/discovery.go:555","msg":"capability registered/updated","cap_id":"profinet_io.list_points","agent_id":"edgex-node-001","category":"device","source":"native-ean","v1_purged":0}
{"level":"info","ts":1785240571.6746237,"logger":"discovery","caller":"ean/discovery.go:555","msg":"capability registered/updated","cap_id":"ethercat.read_holding_register","agent_id":"edgex-node-001","category":"device","source":"native-ean","v1_purged":0}
{"level":"info","ts":1785240571.6746237,"logger":"discovery","caller":"ean/discovery.go:555","msg":"capability registered/updated","cap_id":"modbus_tcp.list_points","agent_id":"edgex-node-001","category":"device","source":"native-ean","v1_purged":0}
{"level":"info","ts":1785240571.6746237,"logger":"discovery","caller":"ean/discovery.go:555","msg":"capability registered/updated","cap_id":"ethernet_ip.scan_devices","agent_id":"edgex-node-001","category":"device","source":"native-ean","v1_purged":0}
{"level":"info","ts":1785240571.6751606,"logger":"discovery","caller":"ean/discovery.go:555","msg":"capability registered/updated","cap_id":"omron_fins.write_register","agent_id":"edgex-node-001","category":"device","source":"native-ean","v1_purged":0}
{"level":"info","ts":1785240571.6751606,"logger":"discovery","caller":"ean/discovery.go:555","msg":"capability registered/updated","cap_id":"modbus_rtu_over_tcp.read_holding_register","agent_id":"edgex-node-001","category":"device","source":"native-ean","v1_purged":0}
{"level":"info","ts":1785240571.6751606,"logger":"discovery","caller":"ean/discovery.go:555","msg":"capability registered/updated","cap_id":"knxnet_ip.list_points","agent_id":"edgex-node-001","category":"device","source":"native-ean","v1_purged":0}
{"level":"info","ts":1785240571.6751606,"logger":"discovery","caller":"ean/discovery.go:555","msg":"capability registered/updated","cap_id":"modbus_tcp.write_register","agent_id":"edgex-node-001","category":"device","source":"native-ean","v1_purged":0}
{"level":"info","ts":1785240571.6751606,"logger":"discovery","caller":"ean/discovery.go:555","msg":"capability registered/updated","cap_id":"omron_fins.read_holding_register","agent_id":"edgex-node-001","category":"device","source":"native-ean","v1_purged":0}
{"level":"info","ts":1785240571.6751606,"logger":"discovery","caller":"ean/discovery.go:555","msg":"capability registered/updated","cap_id":"dlt645.write_register","agent_id":"edgex-node-001","category":"device","source":"native-ean","v1_purged":0}
{"level":"info","ts":1785240571.6751606,"logger":"discovery","caller":"ean/discovery.go:555","msg":"capability registered/updated","cap_id":"mitsubishi_slmp.read_holding_register","agent_id":"edgex-node-001","category":"device","source":"native-ean","v1_purged":0}
{"level":"info","ts":1785240571.6751606,"logger":"discovery","caller":"ean/discovery.go:555","msg":"capability registered/updated","cap_id":"iec60870_5_104.write_register","agent_id":"edgex-node-001","category":"device","source":"native-ean","v1_purged":0}
{"level":"info","ts":1785240571.6751606,"logger":"discovery","caller":"ean/discovery.go:555","msg":"capability registered/updated","cap_id":"ethercat.write_register","agent_id":"edgex-node-001","category":"device","source":"native-ean","v1_purged":0}
{"level":"info","ts":1785240571.6751606,"logger":"discovery","caller":"ean/discovery.go:555","msg":"capability registered/updated","cap_id":"modbus_rtu_over_tcp.scan_devices","agent_id":"edgex-node-001","category":"device","source":"native-ean","v1_purged":0}
{"level":"info","ts":1785240571.6751606,"logger":"discovery","caller":"ean/discovery.go:555","msg":"capability registered/updated","cap_id":"s7.list_points","agent_id":"edgex-node-001","category":"device","source":"native-ean","v1_purged":0}
{"level":"info","ts":1785240571.6751606,"logger":"discovery","caller":"ean/discovery.go:555","msg":"capability registered/updated","cap_id":"mitsubishi_slmp.write_register","agent_id":"edgex-node-001","category":"device","source":"native-ean","v1_purged":0}
{"level":"info","ts":1785240571.6751606,"logger":"discovery","caller":"ean/discovery.go:555","msg":"capability registered/updated","cap_id":"profinet_io.write_register","agent_id":"edgex-node-001","category":"device","source":"native-ean","v1_purged":0}
{"level":"info","ts":1785240571.6751606,"logger":"discovery","caller":"ean/discovery.go:555","msg":"capability registered/updated","cap_id":"mitsubishi_slmp.scan_devices","agent_id":"edgex-node-001","category":"device","source":"native-ean","v1_purged":0}
{"level":"info","ts":1785240571.6751606,"logger":"discovery","caller":"ean/discovery.go:555","msg":"capability registered/updated","cap_id":"bacnet_ip.write_register","agent_id":"edgex-node-001","category":"device","source":"native-ean","v1_purged":0}
{"level":"info","ts":1785240571.6751606,"logger":"discovery","caller":"ean/discovery.go:555","msg":"capability registered/updated","cap_id":"s7.write_register","agent_id":"edgex-node-001","category":"device","source":"native-ean","v1_purged":0}
{"level":"info","ts":1785240571.6751606,"logger":"discovery","caller":"ean/discovery.go:555","msg":"capability registered/updated","cap_id":"s7.scan_devices","agent_id":"edgex-node-001","category":"device","source":"native-ean","v1_purged":0}
{"level":"info","ts":1785240571.6751606,"logger":"discovery","caller":"ean/discovery.go:555","msg":"capability registered/updated","cap_id":"opc_ua.write_register","agent_id":"edgex-node-001","category":"device","source":"native-ean","v1_purged":0}
{"level":"info","ts":1785240571.6751606,"logger":"discovery","caller":"ean/discovery.go:555","msg":"capability registered/updated","cap_id":"knxnet_ip.read_holding_register","agent_id":"edgex-node-001","category":"device","source":"native-ean","v1_purged":0}
{"level":"info","ts":1785240571.6751606,"logger":"discovery","caller":"ean/discovery.go:555","msg":"capability registered/updated","cap_id":"ethernet_ip.list_points","agent_id":"edgex-node-001","category":"device","source":"native-ean","v1_purged":0}
{"level":"info","ts":1785240571.6751606,"logger":"discovery","caller":"ean/discovery.go:555","msg":"capability registered/updated","cap_id":"modbus_rtu.scan_devices","agent_id":"edgex-node-001","category":"device","source":"native-ean","v1_purged":0}
{"level":"info","ts":1785240571.6751606,"logger":"discovery","caller":"ean/discovery.go:555","msg":"capability registered/updated","cap_id":"ethernet_ip.read_holding_register","agent_id":"edgex-node-001","category":"device","source":"native-ean","v1_purged":0}
{"level":"info","ts":1785240571.6751606,"logger":"discovery","caller":"ean/discovery.go:555","msg":"capability registered/updated","cap_id":"ethernet_ip.write_register","agent_id":"edgex-node-001","category":"device","source":"native-ean","v1_purged":0}
{"level":"info","ts":1785240571.6751606,"logger":"discovery","caller":"ean/discovery.go:555","msg":"capability registered/updated","cap_id":"knxnet_ip.write_register","agent_id":"edgex-node-001","category":"device","source":"native-ean","v1_purged":0}
{"level":"info","ts":1785240571.6751606,"logger":"discovery","caller":"ean/discovery.go:555","msg":"capability registered/updated","cap_id":"snmp.write_register","agent_id":"edgex-node-001","category":"device","source":"native-ean","v1_purged":0}
{"level":"info","ts":1785240571.6751606,"logger":"discovery","caller":"ean/discovery.go:555","msg":"capability registered/updated","cap_id":"snmp.list_points","agent_id":"edgex-node-001","category":"device","source":"native-ean","v1_purged":0}
{"level":"info","ts":1785240571.6751606,"logger":"discovery","caller":"ean/discovery.go:555","msg":"capability registered/updated","cap_id":"modbus_rtu_over_tcp.write_register","agent_id":"edgex-node-001","category":"device","source":"native-ean","v1_purged":0}
{"level":"info","ts":1785240571.6751606,"logger":"discovery","caller":"ean/discovery.go:555","msg":"capability registered/updated","cap_id":"iec60870_5_104.list_points","agent_id":"edgex-node-001","category":"device","source":"native-ean","v1_purged":0}
{"level":"info","ts":1785240571.6751606,"logger":"discovery","caller":"ean/discovery.go:555","msg":"capability registered/updated","cap_id":"mitsubishi_slmp.list_points","agent_id":"edgex-node-001","category":"device","source":"native-ean","v1_purged":0}
{"level":"info","ts":1785240571.6751606,"logger":"discovery","caller":"ean/discovery.go:555","msg":"capability registered/updated","cap_id":"ai.doc_parse","agent_id":"edgex-node-001","category":"ai","source":"native-ean","v1_purged":0}
{"level":"warn","ts":1785240573.6798625,"logger":"heartbeat","caller":"ean/heartbeat.go:151","msg":"heartbeat sequence regression detected","agent_id":"edgex-node-001","old_seq":59,"new_seq":0}
{"level":"info","ts":1785240631.6660411,"logger":"discovery","caller":"ean/discovery.go:555","msg":"capability registered/updated","cap_id":"knxnet_ip.list_points","agent_id":"edgex-node-001","category":"device","source":"native-ean","v1_purged":0}
{"level":"info","ts":1785240631.6660411,"logger":"discovery","caller":"ean/discovery.go:555","msg":"capability registered/updated","cap_id":"modbus_tcp.write_register","agent_id":"edgex-node-001","category":"device","source":"native-ean","v1_purged":0}
{"level":"info","ts":1785240631.6660411,"logger":"discovery","caller":"ean/discovery.go:555","msg":"capability registered/updated","cap_id":"omron_fins.read_holding_register","agent_id":"edgex-node-001","category":"device","source":"native-ean","v1_purged":0}
{"level":"info","ts":1785240631.6660411,"logger":"discovery","caller":"ean/discovery.go:555","msg":"capability registered/updated","cap_id":"dlt645.write_register","agent_id":"edgex-node-001","category":"device","source":"native-ean","v1_purged":0}
{"level":"info","ts":1785240631.6660411,"logger":"discovery","caller":"ean/discovery.go:555","msg":"capability registered/updated","cap_id":"mitsubishi_slmp.read_holding_register","agent_id":"edgex-node-001","category":"device","source":"native-ean","v1_purged":0}
{"level":"info","ts":1785240631.6660411,"logger":"discovery","caller":"ean/discovery.go:555","msg":"capability registered/updated","cap_id":"iec60870_5_104.write_register","agent_id":"edgex-node-001","category":"device","source":"native-ean","v1_purged":0}
{"level":"info","ts":1785240631.6660411,"logger":"discovery","caller":"ean/discovery.go:555","msg":"capability registered/updated","cap_id":"ethercat.write_register","agent_id":"edgex-node-001","category":"device","source":"native-ean","v1_purged":0}
{"level":"info","ts":1785240631.6660411,"logger":"discovery","caller":"ean/discovery.go:555","msg":"capability registered/updated","cap_id":"modbus_rtu_over_tcp.scan_devices","agent_id":"edgex-node-001","category":"device","source":"native-ean","v1_purged":0}
{"level":"info","ts":1785240631.6660411,"logger":"discovery","caller":"ean/discovery.go:555","msg":"capability registered/updated","cap_id":"s7.list_points","agent_id":"edgex-node-001","category":"device","source":"native-ean","v1_purged":0}
{"level":"info","ts":1785240631.6660411,"logger":"discovery","caller":"ean/discovery.go:555","msg":"capability registered/updated","cap_id":"mitsubishi_slmp.write_register","agent_id":"edgex-node-001","category":"device","source":"native-ean","v1_purged":0}
{"level":"info","ts":1785240631.6660411,"logger":"discovery","caller":"ean/discovery.go:555","msg":"capability registered/updated","cap_id":"profinet_io.write_register","agent_id":"edgex-node-001","category":"device","source":"native-ean","v1_purged":0}
{"level":"info","ts":1785240631.6660411,"logger":"discovery","caller":"ean/discovery.go:555","msg":"capability registered/updated","cap_id":"mitsubishi_slmp.scan_devices","agent_id":"edgex-node-001","category":"device","source":"native-ean","v1_purged":0}
{"level":"info","ts":1785240631.6660411,"logger":"discovery","caller":"ean/discovery.go:555","msg":"capability registered/updated","cap_id":"bacnet_ip.write_register","agent_id":"edgex-node-001","category":"device","source":"native-ean","v1_purged":0}
{"level":"info","ts":1785240631.6660411,"logger":"discovery","caller":"ean/discovery.go:555","msg":"capability registered/updated","cap_id":"s7.write_register","agent_id":"edgex-node-001","category":"device","source":"native-ean","v1_purged":0}
{"level":"info","ts":1785240631.6660411,"logger":"discovery","caller":"ean/discovery.go:555","msg":"capability registered/updated","cap_id":"s7.scan_devices","agent_id":"edgex-node-001","category":"device","source":"native-ean","v1_purged":0}
{"level":"info","ts":1785240631.6660411,"logger":"discovery","caller":"ean/discovery.go:555","msg":"capability registered/updated","cap_id":"opc_ua.write_register","agent_id":"edgex-node-001","category":"device","source":"native-ean","v1_purged":0}
{"level":"info","ts":1785240631.6660411,"logger":"discovery","caller":"ean/discovery.go:555","msg":"capability registered/updated","cap_id":"knxnet_ip.read_holding_register","agent_id":"edgex-node-001","category":"device","source":"native-ean","v1_purged":0}
{"level":"info","ts":1785240631.666551,"logger":"discovery","caller":"ean/discovery.go:555","msg":"capability registered/updated","cap_id":"ethernet_ip.list_points","agent_id":"edgex-node-001","category":"device","source":"native-ean","v1_purged":0}
{"level":"info","ts":1785240631.666551,"logger":"discovery","caller":"ean/discovery.go:555","msg":"capability registered/updated","cap_id":"modbus_rtu.scan_devices","agent_id":"edgex-node-001","category":"device","source":"native-ean","v1_purged":0}
{"level":"info","ts":1785240631.666551,"logger":"discovery","caller":"ean/discovery.go:555","msg":"capability registered/updated","cap_id":"ethernet_ip.read_holding_register","agent_id":"edgex-node-001","category":"device","source":"native-ean","v1_purged":0}
{"level":"info","ts":1785240631.666551,"logger":"discovery","caller":"ean/discovery.go:555","msg":"capability registered/updated","cap_id":"ethernet_ip.write_register","agent_id":"edgex-node-001","category":"device","source":"native-ean","v1_purged":0}
{"level":"info","ts":1785240631.666551,"logger":"discovery","caller":"ean/discovery.go:555","msg":"capability registered/updated","cap_id":"knxnet_ip.write_register","agent_id":"edgex-node-001","category":"device","source":"native-ean","v1_purged":0}
{"level":"info","ts":1785240631.666551,"logger":"discovery","caller":"ean/discovery.go:555","msg":"capability registered/updated","cap_id":"snmp.write_register","agent_id":"edgex-node-001","category":"device","source":"native-ean","v1_purged":0}
{"level":"info","ts":1785240631.666551,"logger":"discovery","caller":"ean/discovery.go:555","msg":"capability registered/updated","cap_id":"snmp.list_points","agent_id":"edgex-node-001","category":"device","source":"native-ean","v1_purged":0}
{"level":"info","ts":1785240631.666551,"logger":"discovery","caller":"ean/discovery.go:555","msg":"capability registered/updated","cap_id":"modbus_rtu_over_tcp.write_register","agent_id":"edgex-node-001","category":"device","source":"native-ean","v1_purged":0}
{"level":"info","ts":1785240631.666551,"logger":"discovery","caller":"ean/discovery.go:555","msg":"capability registered/updated","cap_id":"iec60870_5_104.list_points","agent_id":"edgex-node-001","category":"device","source":"native-ean","v1_purged":0}
{"level":"info","ts":1785240631.666551,"logger":"discovery","caller":"ean/discovery.go:555","msg":"capability registered/updated","cap_id":"mitsubishi_slmp.list_points","agent_id":"edgex-node-001","category":"device","source":"native-ean","v1_purged":0}
{"level":"info","ts":1785240631.666551,"logger":"discovery","caller":"ean/discovery.go:555","msg":"capability registered/updated","cap_id":"ai.doc_parse","agent_id":"edgex-node-001","category":"ai","source":"native-ean","v1_purged":0}
{"level":"info","ts":1785240631.666551,"logger":"discovery","caller":"ean/discovery.go:555","msg":"capability registered/updated","cap_id":"knxnet_ip.scan_devices","agent_id":"edgex-node-001","category":"device","source":"native-ean","v1_purged":0}
{"level":"info","ts":1785240631.666551,"logger":"discovery","caller":"ean/discovery.go:555","msg":"capability registered/updated","cap_id":"dlt645.list_points","agent_id":"edgex-node-001","category":"device","source":"native-ean","v1_purged":0}
{"level":"info","ts":1785240631.666551,"logger":"discovery","caller":"ean/discovery.go:555","msg":"capability registered/updated","cap_id":"profinet_io.scan_devices","agent_id":"edgex-node-001","category":"device","source":"native-ean","v1_purged":0}
{"level":"info","ts":1785240631.666551,"logger":"discovery","caller":"ean/discovery.go:555","msg":"capability registered/updated","cap_id":"modbus_tcp.read_holding_register","agent_id":"edgex-node-001","category":"device","source":"native-ean","v1_purged":0}
{"level":"info","ts":1785240631.666551,"logger":"discovery","caller":"ean/discovery.go:555","msg":"capability registered/updated","cap_id":"ethercat.list_points","agent_id":"edgex-node-001","category":"device","source":"native-ean","v1_purged":0}
{"level":"info","ts":1785240631.666551,"logger":"discovery","caller":"ean/discovery.go:555","msg":"capability registered/updated","cap_id":"ai.protocol_reverse","agent_id":"edgex-node-001","category":"ai","source":"native-ean","v1_purged":0}
{"level":"info","ts":1785240631.666551,"logger":"discovery","caller":"ean/discovery.go:555","msg":"capability registered/updated","cap_id":"modbus_rtu.write_register","agent_id":"edgex-node-001","category":"device","source":"native-ean","v1_purged":0}
{"level":"info","ts":1785240631.666551,"logger":"discovery","caller":"ean/discovery.go:555","msg":"capability registered/updated","cap_id":"modbus_rtu.list_points","agent_id":"edgex-node-001","category":"device","source":"native-ean","v1_purged":0}
{"level":"info","ts":1785240631.666551,"logger":"discovery","caller":"ean/discovery.go:555","msg":"capability registered/updated","cap_id":"bacnet_ip.scan_devices","agent_id":"edgex-node-001","category":"device","source":"native-ean","v1_purged":0}
{"level":"info","ts":1785240631.666551,"logger":"discovery","caller":"ean/discovery.go:555","msg":"capability registered/updated","cap_id":"opc_ua.read_holding_register","agent_id":"edgex-node-001","category":"device","source":"native-ean","v1_purged":0}
{"level":"info","ts":1785240631.666551,"logger":"discovery","caller":"ean/discovery.go:555","msg":"capability registered/updated","cap_id":"snmp.read_holding_register","agent_id":"edgex-node-001","category":"device","source":"native-ean","v1_purged":0}
{"level":"info","ts":1785240631.666551,"logger":"discovery","caller":"ean/discovery.go:555","msg":"capability registered/updated","cap_id":"profinet_io.read_holding_register","agent_id":"edgex-node-001","category":"device","source":"native-ean","v1_purged":0}
{"level":"info","ts":1785240631.666551,"logger":"discovery","caller":"ean/discovery.go:555","msg":"capability registered/updated","cap_id":"bacnet_ip.read_holding_register","agent_id":"edgex-node-001","category":"device","source":"native-ean","v1_purged":0}
{"level":"info","ts":1785240631.666551,"logger":"discovery","caller":"ean/discovery.go:555","msg":"capability registered/updated","cap_id":"omron_fins.scan_devices","agent_id":"edgex-node-001","category":"device","source":"native-ean","v1_purged":0}
{"level":"info","ts":1785240631.666551,"logger":"discovery","caller":"ean/discovery.go:555","msg":"capability registered/updated","cap_id":"snmp.scan_devices","agent_id":"edgex-node-001","category":"device","source":"native-ean","v1_purged":0}
{"level":"info","ts":1785240631.666551,"logger":"discovery","caller":"ean/discovery.go:555","msg":"capability registered/updated","cap_id":"system.diagnostics","agent_id":"edgex-node-001","category":"system","source":"native-ean","v1_purged":0}
{"level":"info","ts":1785240631.666551,"logger":"discovery","caller":"ean/discovery.go:555","msg":"capability registered/updated","cap_id":"modbus_tcp.scan_devices","agent_id":"edgex-node-001","category":"device","source":"native-ean","v1_purged":0}
{"level":"info","ts":1785240631.666551,"logger":"discovery","caller":"ean/discovery.go:555","msg":"capability registered/updated","cap_id":"bacnet_ip.list_points","agent_id":"edgex-node-001","category":"device","source":"native-ean","v1_purged":0}
{"level":"info","ts":1785240631.666551,"logger":"discovery","caller":"ean/discovery.go:555","msg":"capability registered/updated","cap_id":"iec60870_5_104.read_holding_register","agent_id":"edgex-node-001","category":"device","source":"native-ean","v1_purged":0}
{"level":"info","ts":1785240631.666551,"logger":"discovery","caller":"ean/discovery.go:555","msg":"capability registered/updated","cap_id":"iec60870_5_104.scan_devices","agent_id":"edgex-node-001","category":"device","source":"native-ean","v1_purged":0}
{"level":"info","ts":1785240631.666551,"logger":"discovery","caller":"ean/discovery.go:555","msg":"capability registered/updated","cap_id":"ethercat.scan_devices","agent_id":"edgex-node-001","category":"device","source":"native-ean","v1_purged":0}
{"level":"info","ts":1785240631.666551,"logger":"discovery","caller":"ean/discovery.go:555","msg":"capability registered/updated","cap_id":"dlt645.scan_devices","agent_id":"edgex-node-001","category":"device","source":"native-ean","v1_purged":0}
{"level":"info","ts":1785240631.666551,"logger":"discovery","caller":"ean/discovery.go:555","msg":"capability registered/updated","cap_id":"modbus_rtu.read_holding_register","agent_id":"edgex-node-001","category":"device","source":"native-ean","v1_purged":0}
{"level":"info","ts":1785240631.666551,"logger":"discovery","caller":"ean/discovery.go:555","msg":"capability registered/updated","cap_id":"modbus_rtu_over_tcp.list_points","agent_id":"edgex-node-001","category":"device","source":"native-ean","v1_purged":0}
{"level":"info","ts":1785240631.666551,"logger":"discovery","caller":"ean/discovery.go:555","msg":"capability registered/updated","cap_id":"opc_ua.scan_devices","agent_id":"edgex-node-001","category":"device","source":"native-ean","v1_purged":0}
{"level":"info","ts":1785240631.666551,"logger":"discovery","caller":"ean/discovery.go:555","msg":"capability registered/updated","cap_id":"opc_ua.list_points","agent_id":"edgex-node-001","category":"device","source":"native-ean","v1_purged":0}
{"level":"info","ts":1785240631.666551,"logger":"discovery","caller":"ean/discovery.go:555","msg":"capability registered/updated","cap_id":"s7.read_holding_register","agent_id":"edgex-node-001","category":"device","source":"native-ean","v1_purged":0}
{"level":"info","ts":1785240631.666551,"logger":"discovery","caller":"ean/discovery.go:555","msg":"capability registered/updated","cap_id":"omron_fins.list_points","agent_id":"edgex-node-001","category":"device","source":"native-ean","v1_purged":0}
{"level":"info","ts":1785240631.666551,"logger":"discovery","caller":"ean/discovery.go:555","msg":"capability registered/updated","cap_id":"dlt645.read_holding_register","agent_id":"edgex-node-001","category":"device","source":"native-ean","v1_purged":0}
{"level":"info","ts":1785240631.666551,"logger":"discovery","caller":"ean/discovery.go:555","msg":"capability registered/updated","cap_id":"profinet_io.list_points","agent_id":"edgex-node-001","category":"device","source":"native-ean","v1_purged":0}
{"level":"info","ts":1785240631.666551,"logger":"discovery","caller":"ean/discovery.go:555","msg":"capability registered/updated","cap_id":"ethercat.read_holding_register","agent_id":"edgex-node-001","category":"device","source":"native-ean","v1_purged":0}
{"level":"info","ts":1785240631.666551,"logger":"discovery","caller":"ean/discovery.go:555","msg":"capability registered/updated","cap_id":"modbus_tcp.list_points","agent_id":"edgex-node-001","category":"device","source":"native-ean","v1_purged":0}
{"level":"info","ts":1785240631.666551,"logger":"discovery","caller":"ean/discovery.go:555","msg":"capability registered/updated","cap_id":"ethernet_ip.scan_devices","agent_id":"edgex-node-001","category":"device","source":"native-ean","v1_purged":0}
{"level":"info","ts":1785240631.666551,"logger":"discovery","caller":"ean/discovery.go:555","msg":"capability registered/updated","cap_id":"omron_fins.write_register","agent_id":"edgex-node-001","category":"device","source":"native-ean","v1_purged":0}
{"level":"info","ts":1785240631.666551,"logger":"discovery","caller":"ean/discovery.go:555","msg":"capability registered/updated","cap_id":"modbus_rtu_over_tcp.read_holding_register","agent_id":"edgex-node-001","category":"device","source":"native-ean","v1_purged":0}
{"level":"warn","ts":1785240633.680045,"logger":"heartbeat","caller":"ean/heartbeat.go:151","msg":"heartbeat sequence regression detected","agent_id":"edgex-node-001","old_seq":60,"new_seq":0}
